distance,nmer_name,Uind_md,Udf,Unb,Ues,Uind_sapt,ind20_fit,dhf_fit,time_per_system
2.024,2mer-0+5,-5.787966172591451,9.447804704734411,-46.338780828347595,-46.338780828347595,-8.35117493,-5.787966172591451,-1.344799753278191,0.1829582505863205
2.06,2mer-0+3,-13.86190123732224,24.71868712808117,-104.56361208966896,-104.56361208966896,-19.31478247,-13.86190123732224,-3.9794290237400736,0.1829582505863205
2.634,2mer-0+16,-1.4358640986715066,1.6639408786723768,-23.38412479920632,-23.38412479920632,-4.20639041,-1.4358640986715066,-0.1067344736668274,0.1829582505863205
2.714,2mer-0+4,-0.9121440678540861,0.7966107098560407,1.9979180192518884,1.9979180192518884,-0.7452011,-0.9121440678540861,0.06727015316587051,0.1829582505863205
3.049,2mer-0+7,-0.6512030619100967,0.5761934369330238,4.278027134887249,4.278027134887249,-0.48873542,-0.6512030619100967,0.043412843071369826,0.1829582505863205
3.103,2mer-0+14,-0.23888748598642173,0.25146022320457906,-7.029588071187591,-7.029588071187591,-0.31529863,-0.23888748598642173,-0.005987092253472722,0.1829582505863205
3.105,2mer-0+2,-1.9534653307795489,1.7545278841669094,7.950552937758938,7.950552937758938,-1.94265142,-1.9534653307795489,0.10742171190993455,0.1829582505863205
3.272,2mer-0+1,-2.425781572146965,3.1090568482121586,-19.110508289496934,-19.110508289496934,-1.93524178,-2.425781572146965,-0.3474383348648654,0.1829582505863205
3.363,2mer-0+19,-1.4776756670248596,1.6238586108011608,-8.666223408336371,-8.666223408336371,-1.0171938,-1.4776756670248596,-0.08775973177382078,0.1829582505863205
4.353,2mer-0+10,-0.0729193719782984,0.07024112726108325,3.669175610207064,3.669175610207064,-0.0660252,-0.0729193719782984,0.0014104203230209781,0.1829582505863205
4.624,2mer-0+11,-0.15604309780310668,0.1615836952773821,-0.988296192653439,-0.988296192653439,-0.12704044,-0.15604309780310668,-0.0026937197750401365,0.1829582505863205
4.85,2mer-0+37,-0.2298908260960248,0.23140242438277445,-4.233416546796135,-4.233416546796135,-0.21996744,-0.2298908260960248,-0.0009386078393127228,0.1829582505863205
4.875,2mer-0+27,-0.28133567494788464,0.29476186786837255,-6.70631781659681,-6.70631781659681,-0.18782778,-0.28133567494788464,-0.007231257936535849,0.1829582505863205
4.892,2mer-0+13,-0.2590574512234601,0.24328778191365316,4.1822298561669,4.1822298561669,-0.2104886,-0.2590574512234601,0.0073545011587476195,0.1829582505863205
5.147,2mer-0+30,-0.09635603535306908,0.09150446526147644,3.2139816518215922,3.2139816518215922,-0.05633351,-0.09635603535306908,0.0026263301751093078,0.1829582505863205
5.341,2mer-0+26,-0.15423180472646097,0.14763033707061857,2.149756514619311,2.149756514619311,-0.12829079,-0.15423180472646097,0.0030890680753940074,0.1829582505863205
5.423,2mer-0+9,-0.04836749365360783,0.04723659543333827,2.3981469145204906,2.3981469145204906,-0.03783228,-0.04836749365360783,0.0005876480397959153,0.1829582505863205
5.489,2mer-0+17,-0.0817869695895874,0.08341627188513284,-1.855017913286827,-1.855017913286827,-0.05377211,-0.0817869695895874,-0.0007574076193289282,0.1829582505863205
5.576,2mer-0+40,-0.07444508055701471,0.07092380748401317,2.0624373065742874,2.0624373065742874,-0.04231353,-0.07444508055701471,0.0019056675065677398,0.1829582505863205
5.703,2mer-0+21,-0.0671786174785469,0.06829947873304966,-0.3063135101577148,-0.3063135101577148,-0.0415412,-0.0671786174785469,-0.0005538439794322586,0.1829582505863205
5.762,2mer-0+29,-0.03946466361449413,0.03910461345236873,-0.4356263174035757,-0.4356263174035757,-0.02616356,-0.03946466361449413,0.00022013406299462604,0.1829582505863205
5.87,2mer-0+35,-0.02328477259643837,0.0228309702778189,2.0863184722756754,2.0863184722756754,-0.01813547,-0.02328477259643837,0.0002367825663875186,0.1829582505863205
6.119,2mer-0+32,-0.020506724063071285,0.020825068103541608,-1.8520244139678461,-1.8520244139678461,-0.01735822,-0.020506724063071285,-0.00015522308188990947,0.1829582505863205
6.266,2mer-0+12,-0.07563071507493839,0.07896341853758945,-3.3834160926001005,-3.3834160926001005,-0.0531891,-0.07563071507493839,-0.0016722692723497115,0.1829582505863205
6.31,2mer-0+46,-0.05971898483337415,0.061626668173886755,-2.9383846389756183,-2.9383846389756183,-0.04157511,-0.05971898483337415,-0.0009989897897276442,0.1829582505863205
6.438,2mer-0+24,-0.04926584414721667,0.04846385664944393,1.946065284230343,1.946065284230343,-0.03453829,-0.04926584414721667,0.00041531928121155587,0.1829582505863205
6.45,2mer-0+22,-0.03420759077107053,0.03430696727728516,0.4483344884120567,0.4483344884120567,-0.02014162,-0.03420759077107053,-3.276507746966045e-05,0.1829582505863205
6.498,2mer-0+58,-0.057914286214283545,0.058021801260264884,0.5470652367293016,0.5470652367293016,-0.03583405,-0.057914286214283545,-0.0001154784835658137,0.1829582505863205
6.67,2mer-0+39,-0.028317554575277522,0.028640509225369946,-0.15343827899900506,-0.15343827899900506,-0.01785419,-0.028317554575277522,-0.0001658228604337311,0.1829582505863205
6.731,2mer-0+23,-0.05120774649891338,0.05035161077224184,0.6220904645390454,0.6220904645390454,-0.03533757,-0.05120774649891338,0.00039105748353266025,0.1829582505863205
6.858,2mer-0+63,-0.04201146286746005,0.04313354106117137,-2.8890674988770746,-2.8890674988770746,-0.03068251,-0.04201146286746005,-0.0005826108562697683,0.1829582505863205
6.878,2mer-0+71,-0.024890304396468135,0.024372653067421694,0.9457716654666122,0.9457716654666122,-0.01859567,-0.024890304396468135,0.0002772130742217668,0.1829582505863205
6.885,2mer-0+67,-0.014994191181061062,0.015098488291265137,0.12303884755035305,0.12303884755035305,-0.01421986,-0.014994191181061062,-5.0766978294140055e-05,0.1829582505863205
6.919,2mer-0+47,-0.02578720186280356,0.02513347553189193,1.6653982943683632,1.6653982943683632,-0.01612128,-0.02578720186280356,0.0003504511174128515,0.1829582505863205
6.972,2mer-0+80,-0.01823995370478891,0.018338895374477863,0.1318270510579452,0.1318270510579452,-0.01655975,-0.01823995370478891,-5.0058476197231516e-05,0.1829582505863205
7.204,2mer-0+68,-0.020917038269614736,0.020490179680360068,1.4099145405034412,1.4099145405034412,-0.01716557,-0.020917038269614736,0.00022826961578454807,0.1829582505863205
7.358,2mer-0+57,-0.02233577564934604,0.02216628945383391,-0.20114311846226984,-0.20114311846226984,-0.01728524,-0.02233577564934604,7.839865040517318e-05,0.1829582505863205
7.499,2mer-0+38,-0.009656192255928665,0.009781773001847443,-1.221727300815672,-1.221727300815672,-0.00639007,-0.009656192255928665,-6.229161374633036e-05,0.1829582505863205
7.654,2mer-0+52,-0.019730053354282417,0.020067094821451848,-0.7843967850369561,-0.7843967850369561,-0.01289847,-0.019730053354282417,-0.0001765730441150741,0.1829582505863205
7.679,2mer-0+45,-0.012254911652212711,0.012227706293183661,0.5760889136688156,0.5760889136688156,-0.00914403,-0.012254911652212711,1.8134866790046975e-05,0.1829582505863205
7.703,2mer-0+93,-0.021831254972068188,0.021791094736315363,-0.7976967996817871,-0.7976967996817871,-0.01550731,-0.021831254972068188,1.2821432319886019e-05,0.1829582505863205
7.711,2mer-0+55,-0.008549111203155324,0.008660458543064244,-1.2430808737797485,-1.2430808737797485,-0.00563375,-0.008549111203155324,-5.5247213695937845e-05,0.1829582505863205
7.794,2mer-0+77,-0.014133042199859714,0.01390526189879292,0.16920391749214964,0.16920391749214964,-0.00814828,-0.014133042199859714,0.00012379428664926028,0.1829582505863205
8.057,2mer-0+33,-0.012346492760803782,0.012252464326882385,1.094294897375419,1.094294897375419,-0.00874431,-0.012346492760803782,4.889659597416639e-05,0.1829582505863205
8.174,2mer-0+87,-0.005406354792359164,0.005411167221054476,0.3495278266424274,0.3495278266424274,-0.00481969,-0.005406354792359164,-1.339043160899942e-06,0.1829582505863205
8.189,2mer-0+62,-0.005198638413378159,0.005201576038379441,-0.3098932874682416,-0.3098932874682416,-0.00393494,-0.005198638413378159,1.6662697686605156e-07,0.1829582505863205
8.288,2mer-0+108,-0.009808313575260562,0.009750133559538162,-0.17045632175989525,-0.17045632175989525,-0.0065977,-0.009808313575260562,3.319942725290884e-05,0.1829582505863205
8.322,2mer-0+89,-0.017177323409947886,0.01732050225573479,-1.3085522376683971,-1.3085522376683971,-0.01101467,-0.017177323409947886,-7.778567224456718e-05,0.1829582505863205
8.542,2mer-0+112,-0.019015290398744236,0.018668573475164537,1.7759697710282925,1.7759697710282925,-0.01513539,-0.019015290398744236,0.00016703383254884022,0.1829582505863205
8.555,2mer-0+56,-0.010113069644261896,0.01023802198537824,-1.0221292489586598,-1.0221292489586598,-0.00688638,-0.010113069644261896,-6.140096214464126e-05,0.1829582505863205
8.557,2mer-0+79,-0.017586674283304723,0.01728872500241526,1.6907612867712811,1.6907612867712811,-0.01353703,-0.017586674283304723,0.00014489499528019651,0.1829582505863205
8.602,2mer-0+129,-0.008848166108927084,0.008822656407885246,0.5137375492175185,0.5137375492175185,-0.00671695,-0.008848166108927084,1.2355031198364246e-05,0.1829582505863205
8.613,2mer-0+78,-0.0035090835099438698,0.003504666955938003,-0.197234710025865,-0.197234710025865,-0.00262805,-0.0035090835099438698,2.775232734971191e-06,0.1829582505863205
8.709,2mer-0+137,-0.0034165256267334344,0.0034410854208735612,-0.922501790036846,-0.922501790036846,-0.0033142,-0.0034165256267334344,-1.1752011671155973e-05,0.1829582505863205
8.715,2mer-0+96,-0.0048196411432751005,0.004782661966523831,0.8690489134813817,0.8690489134813817,-0.00341327,-0.0048196411432751005,1.9244259253865352e-05,0.1829582505863205
8.756,2mer-0+41,-0.00814073808163476,0.008102771810807567,0.5657551391737897,0.5657551391737897,-0.00497218,-0.00814073808163476,2.2914922715212777e-05,0.1829582505863205
8.862,2mer-0+81,-0.01280094254163727,0.013003644191581634,-1.184095107363561,-1.184095107363561,-0.00852,-0.01280094254163727,-0.00010396189977701075,0.1829582505863205
8.887,2mer-0+50,-0.005018281660271815,0.005062965576445954,-0.8446361047968328,-0.8446361047968328,-0.00341105,-0.005018281660271815,-2.1847983836671303e-05,0.1829582505863205
8.954,2mer-0+73,-0.011579345938675276,0.01142720091957032,0.9132329772202924,0.9132329772202924,-0.00823303,-0.011579345938675276,7.475877120839969e-05,0.1829582505863205
8.957,2mer-0+95,-0.010809933630625613,0.010959424841507238,-1.3285692360853891,-1.3285692360853891,-0.00800647,-0.010809933630625613,-7.628835075298082e-05,0.1829582505863205
8.973,2mer-0+94,-0.010797508376406865,0.010959203761116835,-0.83318322823486,-0.83318322823486,-0.0072401,-0.010797508376406865,-8.276780590581546e-05,0.1829582505863205
9.033,2mer-0+103,-0.006948432590272429,0.006869516094335316,0.7670858600554297,0.7670858600554297,-0.00582837,-0.006948432590272429,4.183415739808347e-05,0.1829582505863205
9.06,2mer-0+99,-0.005891056832804236,0.005900997632762406,0.23002184887315172,0.23002184887315172,-0.00375905,-0.005891056832804236,-4.860776373469175e-06,0.1829582505863205
9.1,2mer-0+142,-0.015479310121832783,0.015232281807895686,1.8555331856337143,1.8555331856337143,-0.0123059,-0.015479310121832783,0.00012017449750118611,0.1829582505863205
9.116,2mer-0+74,-0.004670373313338498,0.004687580271133606,-0.5386889800808656,-0.5386889800808656,-0.00331069,-0.004670373313338498,-7.391896114759769e-06,0.1829582505863205
9.27,2mer-0+66,-0.00394650735216806,0.003966162912313993,-0.4750823627580074,-0.4750823627580074,-0.00282964,-0.00394650735216806,-7.950143186336596e-06,0.1829582505863205
9.32,2mer-0+150,-0.0021970504357563085,0.002210154150399732,-0.7196385748086777,-0.7196385748086777,-0.00194994,-0.0021970504357563085,-5.187928960240513e-06,0.1829582505863205
9.416,2mer-0+106,-0.0038490125286923214,0.0038814519665676625,-0.8677036485270556,-0.8677036485270556,-0.00258717,-0.0038490125286923214,-1.5641453573124072e-05,0.1829582505863205
9.417,2mer-0+53,-0.007076689104978168,0.007150610383338058,-0.9968678028218445,-0.9968678028218445,-0.00500828,-0.007076689104978168,-3.507496402022825e-05,0.1829582505863205
9.44,2mer-0+117,-0.008373030666517005,0.008272132372185702,0.665158639112804,0.665158639112804,-0.00639739,-0.008373030666517005,4.929515243387685e-05,0.1829582505863205
9.53,2mer-0+168,-0.0031122914742985172,0.0031273687293880666,-0.7780258378233149,-0.7780258378233149,-0.00294604,-0.0031122914742985172,-5.525113229774212e-06,0.1829582505863205
9.551,2mer-0+90,-0.002996484765867135,0.0030138471147161654,-0.6727908067549918,-0.6727908067549918,-0.00229987,-0.002996484765867135,-7.88119428714035e-06,0.1829582505863205
9.604,2mer-0+125,-0.009897657904287465,0.009773139300103335,1.3070873165750905,1.3070873165750905,-0.0076884,-0.009897657904287465,6.265032334434475e-05,0.1829582505863205
9.627,2mer-0+61,-0.007831793215505081,0.007829998482870693,-0.3240337374043807,-0.3240337374043807,-0.00509861,-0.007831793215505081,4.5915138057953296e-07,0.1829582505863205
9.687,2mer-0+102,-0.005955548932870647,0.005876591254217802,0.5341571072707496,0.5341571072707496,-0.00335491,-0.005955548932870647,4.238406881990894e-05,0.1829582505863205
9.691,2mer-0+86,-0.005569079214916248,0.005606464771657988,-0.30465022198530856,-0.30465022198530856,-0.00405659,-0.005569079214916248,-1.71321628409956e-05,0.1829582505863205
9.759,2mer-0+97,-0.0048714072424392955,0.00481973389754844,0.6218684456303261,0.6218684456303261,-0.00323463,-0.0048714072424392955,2.75072444237036e-05,0.1829582505863205
9.804,2mer-0+145,-0.005982096097902287,0.0059576017255353235,0.6013688256963428,0.6013688256963428,-0.00394427,-0.005982096097902287,1.2532943255029353e-05,0.1829582505863205
9.844,2mer-0+132,-0.005254817651573497,0.005194850463170502,0.8400252702399776,0.8400252702399776,-0.00342873,-0.005254817651573497,3.213613388602404e-05,0.1829582505863205
9.852,2mer-0+119,-0.004038180035721002,0.003996015849059358,0.2863714532925181,0.2863714532925181,-0.00229964,-0.004038180035721002,2.239593008521545e-05,0.1829582505863205
9.962,2mer-0+76,-0.004784323799955776,0.0047621537815688625,0.6429077638093875,0.6429077638093875,-0.00315938,-0.004784323799955776,1.3586997231143256e-05,0.1829582505863205
10.051,2mer-0+88,-0.0036958424344231042,0.0036997367941105676,-0.4053433279992241,-0.4053433279992241,-0.00265903,-0.0036958424344231042,-2.2596688423572785e-06,0.1829582505863205
10.074,2mer-0+148,-0.004841614708701595,0.004789708196688452,0.8043999627810994,0.8043999627810994,-0.00315019,-0.004841614708701595,2.8618873080486545e-05,0.1829582505863205
10.126,2mer-0+110,-0.006328943955519703,0.006398190435955439,-0.8485159866887798,-0.8485159866887798,-0.00426153,-0.006328943955519703,-3.41011949733307e-05,0.1829582505863205
10.165,2mer-0+91,-0.003897287648679119,0.003910259648058272,0.17576655914976896,0.17576655914976896,-0.00252858,-0.003897287648679119,-5.384067000953144e-06,0.1829582505863205
10.171,2mer-0+140,-0.003955612087040655,0.0039870883546878014,-0.16688812264514016,-0.16688812264514016,-0.00275355,-0.003955612087040655,-1.44695074268698e-05,0.1829582505863205
10.175,2mer-0+114,-0.003668392232045743,0.003670534470193474,-0.36608655635179843,-0.36608655635179843,-0.00269533,-0.003668392232045743,8.292991879670888e-08,0.1829582505863205
10.241,2mer-0+83,-0.004143939106202683,0.004157516916047019,0.03908226193233345,0.03908226193233345,-0.00271028,-0.004143939106202683,-5.507969710953997e-06,0.1829582505863205
10.358,2mer-0+146,-0.0014397124492692454,0.0014399145919245968,-0.19924274238371778,-0.19924274238371778,-0.00104521,-0.0014397124492692454,6.270515434368088e-07,0.1829582505863205
10.438,2mer-0+126,-0.0038143290292287717,0.003838096190595813,-0.3635658599925949,-0.3635658599925949,-0.00293151,-0.0038143290292287717,-1.1231252680269247e-05,0.1829582505863205
10.513,2mer-0+169,-0.002531399835288005,0.0025311325714034213,-0.3141647546421845,-0.3141647546421845,-0.0016321,-0.002531399835288005,8.64682767054449e-07,0.1829582505863205
10.527,2mer-0+116,-0.002439533182267567,0.002441410588456678,-0.35538721516631266,-0.35538721516631266,-0.00182604,-0.002439533182267567,-5.114339389839423e-07,0.1829582505863205
10.541,2mer-0+111,-0.004110273464429972,0.004066103102796141,0.4705561915833788,0.4705561915833788,-0.00237521,-0.004110273464429972,2.342979932980142e-05,0.1829582505863205
10.593,2mer-0+149,-0.0015356353322472731,0.0015333547892461624,0.3128307486253698,0.3128307486253698,-0.00126044,-0.0015356353322472731,1.946100500617214e-06,0.1829582505863205
10.617,2mer-0+92,-0.003154793358193458,0.003160362122413812,-0.38167378708726457,-0.38167378708726457,-0.00215207,-0.003154793358193458,-1.3563305393484507e-06,0.1829582505863205
10.635,2mer-0+107,-0.0038192864049688023,0.0038006488078462203,0.05482656569004331,0.05482656569004331,-0.00246815,-0.0038192864049688023,1.0970766384831883e-05,0.1829582505863205
10.773,2mer-0+188,-0.0027573752864440988,0.00276575480893586,-0.45671860505509587,-0.45671860505509587,-0.00189566,-0.0027573752864440988,-2.5340221586608097e-06,0.1829582505863205
10.792,2mer-0+170,-0.004679924527339557,0.004724141347990847,-0.9571599369443459,-0.9571599369443459,-0.0034437,-0.004679924527339557,-2.073734979638295e-05,0.1829582505863205
10.876,2mer-0+154,-0.0030095844675865815,0.002984259547716692,0.5419064020813238,0.5419064020813238,-0.00197366,-0.0030095844675865815,1.349021322894575e-05,0.1829582505863205
10.891,2mer-0+221,-0.005684091985201122,0.005628620751345521,1.0827588775028083,1.0827588775028083,-0.00432787,-0.005684091985201122,2.772211367640101e-05,0.1829582505863205
10.963,2mer-0+82,-0.0027561281444174507,0.0027487035146460804,0.4855202385814446,0.4855202385814446,-0.00183534,-0.0027561281444174507,4.785796693127747e-06,0.1829582505863205
11.006,2mer-0+208,-0.003224834616975205,0.003224545535431694,-0.3282165344637101,-0.3282165344637101,-0.00208175,-0.003224834616975205,6.463268377300111e-08,0.1829582505863205
11.07,2mer-0+118,-0.0019704823910850614,0.001963932105223606,0.39510381128474,0.39510381128474,-0.00142664,-0.0019704823910850614,3.750158116307107e-06,0.1829582505863205
11.121,2mer-0+201,-0.004216616819067996,0.004252497017282007,-0.8603537485433627,-0.8603537485433627,-0.00298703,-0.004216616819067996,-1.8095501643345395e-05,0.1829582505863205
11.13,2mer-0+204,-0.000986514745681063,0.0009902550833459417,-0.4492983311503361,-0.4492983311503361,-0.00078543,-0.000986514745681063,-8.600468320745034e-07,0.1829582505863205
11.197,2mer-0+222,-0.0028387044155098505,0.0028266919493186065,0.4944812825482213,0.4944812825482213,-0.00197384,-0.0028387044155098505,8.29183703467125e-06,0.1829582505863205
11.237,2mer-0+182,-0.001520717077847685,0.0015138721471037134,-0.01709436788739176,-0.01709436788739176,-0.00091572,-0.001520717077847685,3.898358169421258e-06,0.1829582505863205
11.302,2mer-0+100,-0.0017571902706384832,0.0017655709945124643,-0.48129762637924856,-0.48129762637924856,-0.00122936,-0.0017571902706384832,-2.1915780113926547e-06,0.1829582505863205
11.321,2mer-0+147,-0.00098542711983135,0.0009813216604198179,0.447278031715878,0.447278031715878,-0.00077458,-0.00098542711983135,3.068522762847034e-06,0.1829582505863205
11.336,2mer-0+234,-0.0013522651653110126,0.0013513414087550312,-0.1106026722911328,-0.1106026722911328,-0.00109405,-0.0013522651653110126,1.2122277405768708e-06,0.1829582505863205
11.377,2mer-0+133,-0.0010340420935964134,0.0010301804251925712,0.42468502131090063,0.42468502131090063,-0.0008228,-0.0010340420935964134,2.5164898246888986e-06,0.1829582505863205
11.39,2mer-0+136,-0.0013139342840512165,0.0013103754804887652,0.26941457940034313,0.26941457940034313,-0.00077512,-0.0013139342840512165,3.705485295303905e-06,0.1829582505863205
11.434,2mer-0+115,-0.0019051481061849586,0.0019156435573660356,-0.4449126232347986,-0.4449126232347986,-0.00134111,-0.0019051481061849586,-3.0758134429379616e-06,0.1829582505863205
11.456,2mer-0+165,-0.002256465633702149,0.002246862835032282,-0.029851338251549384,-0.029851338251549384,-0.00164022,-0.002256465633702149,6.942468996519852e-06,0.1829582505863205
11.46,2mer-0+245,-0.0017461123565094398,0.0017491610671208076,-0.45089788846392964,-0.45089788846392964,-0.00140908,-0.0017461123565094398,-7.044701558058642e-07,0.1829582505863205
11.492,2mer-0+196,-0.002442639625525755,0.002424932552055107,0.4883527221582102,0.4883527221582102,-0.00159286,-0.002442639625525755,1.0103955779640003e-05,0.1829582505863205
11.615,2mer-0+130,-0.0013740778779650403,0.0013692857051119103,0.30243976232373704,0.30243976232373704,-0.00082024,-0.0013740778779650403,3.636074360054799e-06,0.1829582505863205
11.629,2mer-0+183,-0.002805416980373279,0.0028268943669437995,-0.6798619701968872,-0.6798619701968872,-0.00209087,-0.002805416980373279,-9.423291830661136e-06,0.1829582505863205
11.695,2mer-0+180,-0.0018153894590414636,0.0018058076164615621,0.2965873103288501,0.2965873103288501,-0.00149783,-0.0018153894590414636,6.554378805429991e-06,0.1829582505863205
11.715,2mer-0+219,-0.003202682688612356,0.003180294825078775,0.6402464885559156,0.6402464885559156,-0.00236533,-0.003202682688612356,1.226352272177386e-05,0.1829582505863205
11.735,2mer-0+104,-0.0019284743236238173,0.001920509183078952,0.39279446285596414,0.39279446285596414,-0.00122953,-0.0019284743236238173,4.600284431154906e-06,0.1829582505863205
11.807,2mer-0+174,-0.002388990219634525,0.0024044313475918497,-0.5006062921988668,-0.5006062921988668,-0.00171169,-0.002388990219634525,-6.467047494399556e-06,0.1829582505863205
11.812,2mer-0+246,-0.0010895380117936916,0.0010878659128644383,-0.011031747586999277,-0.011031747586999277,-0.00092708,-0.0010895380117936916,1.274699122967226e-06,0.1829582505863205
11.863,2mer-0+223,-0.0023851436897132554,0.0023917013868832897,-0.45675235220849847,-0.45675235220849847,-0.00153846,-0.0023851436897132554,-2.0954169551161715e-06,0.1829582505863205
11.864,2mer-0+138,-0.0018455060876412998,0.001856163208788208,-0.5073959405959252,-0.5073959405959252,-0.00130978,-0.0018455060876412998,-4.912464882489105e-06,0.1829582505863205
11.909,2mer-0+120,-0.0018757395532620828,0.0018744730639984994,0.2730424347747819,0.2730424347747819,-0.00117175,-0.0018757395532620828,2.8030485324423612e-06,0.1829582505863205
11.976,2mer-0+190,-0.0011335951771612566,0.0011298480444961044,0.39709081351693853,0.39709081351693853,-0.00074965,-0.0011335951771612566,2.908362504862584e-06,0.1829582505863205
11.977,2mer-0+266,-0.0010979790125344698,0.0010992021542108718,-0.2374856081247105,-0.2374856081247105,-0.00083206,-0.0010979790125344698,9.883124708550667e-07,0.1829582505863205
11.993,2mer-0+211,-0.0013104392103459037,0.0013161409252092722,-0.4860623447956867,-0.4860623447956867,-0.00090115,-0.0013104392103459037,-2.31529276662026e-06,0.1829582505863205
11.996,2mer-0+185,-0.0011063792914406394,0.001107449749493011,-0.27079068574219994,-0.27079068574219994,-0.00083575,-0.0011063792914406394,1.063321204369195e-06,0.1829582505863205
12.062,2mer-0+217,-0.0013308661601951898,0.0013293772990595877,0.24448655911168743,0.24448655911168743,-0.00088423,-0.0013308661601951898,1.6989640383369871e-06,0.1829582505863205
12.218,2mer-0+160,-0.0017307867442042935,0.0017193188343135426,0.27962965542551654,0.27962965542551654,-0.001045,-0.0017307867442042935,7.071557595574254e-06,0.1829582505863205
12.245,2mer-0+218,-0.0016375868755220894,0.0016440898712929706,-0.21940394377579128,-0.21940394377579128,-0.00121481,-0.0016375868755220894,-2.670756549699345e-06,0.1829582505863205
12.255,2mer-0+200,-0.0011129962578227042,0.00111495698747533,0.1377059549952692,0.1377059549952692,-0.00080974,-0.0011129962578227042,-4.268022625684145e-07,0.1829582505863205
12.264,2mer-0+131,-0.0016427872226374989,0.0016462944288676493,-0.31325172032637694,-0.31325172032637694,-0.00106918,-0.0016427872226374989,-1.5258292934637684e-08,0.1829582505863205
12.269,2mer-0+189,-0.0008220350423693108,0.0008206778286057193,0.20516591237575285,0.20516591237575285,-0.00048529,-0.0008220350423693108,2.344434226857311e-06,0.1829582505863205
12.349,2mer-0+176,-0.0020529407051464274,0.002065720415777738,-0.4368435206861127,-0.4368435206861127,-0.00137941,-0.0020529407051464274,-4.420629670124e-06,0.1829582505863205
12.361,2mer-0+195,-0.0022513773153507097,0.0022663369141925098,-0.5523763561755527,-0.5523763561755527,-0.00154822,-0.0022513773153507097,-5.714267182382731e-06,0.1829582505863205
12.364,2mer-0+206,-0.0006542905311953175,0.0006520614449060275,0.3698945346201879,0.3698945346201879,-0.00048257,-0.0006542905311953175,1.384190884424454e-06,0.1829582505863205
12.517,2mer-0+158,-0.0007512581774293922,0.0007494290658148803,0.32379312576976205,0.32379312576976205,-0.00057001,-0.0007512581774293922,2.725292636128934e-06,0.1829582505863205
12.525,2mer-0+273,-0.002166796797392596,0.002179245395546416,-0.5107984222110272,-0.5107984222110272,-0.0014545,-0.002166796797392596,-5.773276605342126e-06,0.1829582505863205
12.608,2mer-0+187,-0.0009422796852625504,0.0009451318141692237,-0.32387395565948573,-0.32387395565948573,-0.00069372,-0.0009422796852625504,6.475003753200143e-07,0.1829582505863205
12.674,2mer-0+141,-0.0012358636806310017,0.001240395232816874,-0.39745069456865734,-0.39745069456865734,-0.0008812,-0.0012358636806310017,-1.0336630262399122e-06,0.1829582505863205
12.709,2mer-0+143,-0.0015820881802270249,0.0015851186236445262,-0.3028226795520519,-0.3028226795520519,-0.0010102,-0.0015820881802270249,6.746516502503939e-07,0.1829582505863205
12.743,2mer-0+193,-0.00172490955681866,0.0017352825806820687,-0.45247407953282825,-0.45247407953282825,-0.00119186,-0.00172490955681866,-5.088950005563269e-06,0.1829582505863205
12.843,2mer-0+232,-0.0023712471088871453,0.0023561739891283504,0.7192779853834842,0.7192779853834842,-0.00177035,-0.0023712471088871453,8.629186862914206e-06,0.1829582505863205
12.87,2mer-0+227,-0.001178168045715485,0.001172738840383573,0.23481347344732073,0.23481347344732073,-0.0007759,-0.001178168045715485,4.631664166939498e-06,0.1829582505863205
12.886,2mer-0+163,-0.0009375592638815402,0.0009343964278216297,0.2787745387689001,0.2787745387689001,-0.00056846,-0.0009375592638815402,2.8127784457299468e-06,0.1829582505863205
12.898,2mer-0+326,-0.0005992653829533039,0.0005985973610375078,0.18854631072156003,0.18854631072156003,-0.00041965,-0.0005992653829533039,1.4097864878063799e-06,0.1829582505863205
12.898,2mer-0+260,-0.0005142803173078571,0.0005148144782606862,-0.17684843927140212,-0.17684843927140212,-0.0003778,-0.0005142803173078571,2.18298884655746e-06,0.1829582505863205
12.984,2mer-0+199,-0.0010820789717627753,0.0010771111487664288,0.22404534013522898,0.22404534013522898,-0.00075713,-0.0010820789717627753,3.8357613800158995e-06,0.1829582505863205
12.999,2mer-0+321,-0.0004754530165537353,0.0004750903024646488,0.1709313785020022,0.1709313785020022,-0.00033708,-0.0004754530165537353,2.301802182246647e-06,0.1829582505863205
13.002,2mer-0+178,-0.001497430585013984,0.0014963493196389805,-0.1316812520842643,-0.1316812520842643,-0.00093834,-0.001497430585013984,2.449402962865895e-06,0.1829582505863205
13.008,2mer-0+244,-0.001763466578076762,0.001773381103203917,-0.45816734981715007,-0.45816734981715007,-0.00119443,-0.001763466578076762,-4.976990918923736e-06,0.1829582505863205
13.021,2mer-0+255,-0.0021639560632102663,0.0021508344499860726,0.6685435867876216,0.6685435867876216,-0.00160275,-0.0021639560632102663,6.90074597342545e-06,0.1829582505863205
13.06,2mer-0+302,-0.0013253724323327215,0.0013192148727549369,0.1309402050487299,0.1309402050487299,-0.00095331,-0.0013253724323327215,3.4162046387397974e-06,0.1829582505863205
13.077,2mer-0+212,-0.0006607022982315868,0.0006624306520414587,-0.30444156606985917,-0.30444156606985917,-0.00048535,-0.0006607022982315868,4.476884261328518e-07,0.1829582505863205
13.085,2mer-0+329,-0.00153622202085092,0.0015280757089724812,0.27303989370414233,0.27303989370414233,-0.00107376,-0.00153622202085092,5.15696798378832e-06,0.1829582505863205
13.088,2mer-0+202,-0.001477943741614254,0.001475634049743282,-0.04637823843667664,-0.04637823843667664,-0.00095701,-0.001477943741614254,2.355027951918068e-06,0.1829582505863205
13.116,2mer-0+179,-0.0011138038904781873,0.00111374303650685,-0.20565155009551828,-0.20565155009551828,-0.00070228,-0.0011138038904781873,3.3974189430828456e-07,0.1829582505863205
13.153,2mer-0+184,-0.0009442745068128851,0.0009430111958260411,0.28154473908289407,0.28154473908289407,-0.00062691,-0.0009442745068128851,1.231201560010556e-06,0.1829582505863205
13.266,2mer-0+322,-0.0013544328968581247,0.0013613303489322683,-0.40527971767339194,-0.40527971767339194,-0.00101753,-0.0013544328968581247,-1.8606116577485146e-06,0.1829582505863205
13.266,2mer-0+294,-0.001118674886546966,0.001115490960865212,0.34864202102916997,0.34864202102916997,-0.00074806,-0.001118674886546966,3.5404675373133544e-06,0.1829582505863205
13.286,2mer-0+299,-0.0006163159022296794,0.0006154849559183622,0.01120144821681979,0.01120144821681979,-0.00052889,-0.0006163159022296794,1.4546409495153346e-06,0.1829582505863205
13.34,2mer-0+310,-0.0012726634888355656,0.001279123582231856,-0.39733255025510034,-0.39733255025510034,-0.00099389,-0.0012726634888355656,-2.4464692840112776e-06,0.1829582505863205
13.376,2mer-0+230,-0.0008268066106165253,0.0008280499314886941,-0.25238155332853857,-0.25238155332853857,-0.00057197,-0.0008268066106165253,1.0089245144462294e-06,0.1829582505863205
13.415,2mer-0+240,-0.001137736451934392,0.001143206087653696,-0.3376063500648798,-0.3376063500648798,-0.00083478,-0.001137736451934392,-7.103552995753066e-07,0.1829582505863205
13.432,2mer-0+353,-0.0016207537268426778,0.0016122580875142564,0.49945107774726916,0.49945107774726916,-0.00112023,-0.0016207537268426778,5.89316120346024e-06,0.1829582505863205
13.47,2mer-0+290,-0.000503965011202875,0.000503819046918377,-0.14109172806578063,-0.14109172806578063,-0.00033796,-0.000503965011202875,8.555755516950955e-07,0.1829582505863205
13.509,2mer-0+316,-0.0006516005744951265,0.0006532276888809564,-0.28381073460971074,-0.28381073460971074,-0.00047297,-0.0006516005744951265,7.660826281145032e-07,0.1829582505863205
13.528,2mer-0+203,-0.0008829286904858099,0.0008812628304080255,0.2807750132392058,0.2807750132392058,-0.00054018,-0.0008829286904858099,2.5048863683874223e-06,0.1829582505863205
13.55,2mer-0+259,-0.0004649089202323621,0.00046418723289688984,0.21554510190530732,0.21554510190530732,-0.00034941,-0.0004649089202323621,9.931587903110943e-07,0.1829582505863205
13.579,2mer-0+354,-0.0006438728183968264,0.0006453488282726644,-0.27895116682564647,-0.27895116682564647,-0.00047524,-0.0006438728183968264,-3.6676601608881034e-07,0.1829582505863205
13.651,2mer-0+249,-0.001571273860657902,0.0015631736393706343,0.531292264722488,0.531292264722488,-0.00110687,-0.001571273860657902,4.23732800137283e-06,0.1829582505863205
13.662,2mer-0+267,-0.0009061468941212225,0.0009020894469954708,0.2485289064795158,0.2485289064795158,-0.0006345,-0.0009061468941212225,2.8592065322992708e-06,0.1829582505863205
13.669,2mer-0+304,-0.0003887106433030026,0.000389594939502306,-0.26565132831272154,-0.26565132831272154,-0.00028529,-0.0003887106433030026,4.859780000411605e-07,0.1829582505863205
13.731,2mer-0+280,-0.00089760576583951,0.0008940902891415282,0.20960023787187199,0.20960023787187199,-0.00058776,-0.00089760576583951,2.0833823334409565e-06,0.1829582505863205
13.763,2mer-0+330,-0.000828202989195984,0.0008310901460331499,-0.35498788708783485,-0.35498788708783485,-0.00060402,-0.000828202989195984,7.350127636163867e-07,0.1829582505863205
13.773,2mer-0+384,-0.0005576816335763976,0.0005567553927139488,0.20251696061843946,0.20251696061843946,-0.0003695,-0.0005576816335763976,1.044989660848984e-06,0.1829582505863205
13.824,2mer-0+379,-0.0007450093860527274,0.0007453655923285929,-0.2333011255969563,-0.2333011255969563,-0.00050032,-0.0007450093860527274,-3.363482599742589e-08,0.1829582505863205
13.854,2mer-0+328,-0.00109956902444905,0.0010941412887131735,0.4096673926664069,0.4096673926664069,-0.00071975,-0.00109956902444905,4.8488120487572235e-06,0.1829582505863205
13.88,2mer-0+198,-0.001003148662477906,0.0010036377493372745,-0.20046810838549647,-0.20046810838549647,-0.00062056,-0.001003148662477906,3.539704459504653e-07,0.1829582505863205
13.892,2mer-0+332,-0.0007477110632618769,0.0007457055902817856,-0.03299037602812211,-0.03299037602812211,-0.00053751,-0.0007477110632618769,2.3126270246367336e-06,0.1829582505863205
14.01,2mer-0+214,-0.0007513794139759587,0.0007543104037147529,-0.3202870464486958,-0.3202870464486958,-0.00053439,-0.0007513794139759587,-8.688774971690875e-07,0.1829582505863205
14.019,2mer-0+345,-0.0009640706668597336,0.0009594847172298078,0.33401875385845314,0.33401875385845314,-0.00061869,-0.0009640706668597336,3.231141894457051e-06,0.1829582505863205
14.032,2mer-0+257,-0.0006368474127942823,0.0006367371870407925,-0.1851901980902499,-0.1851901980902499,-0.00043378,-0.0006368474127942823,1.933076465719598e-06,0.1829582505863205
14.047,2mer-0+285,-0.00039826460334460454,0.0003978482286138263,0.15071984669640323,0.15071984669640323,-0.00023986,-0.00039826460334460454,9.993653635885356e-07,0.1829582505863205
14.05,2mer-0+250,-0.00037493394332628816,0.0003758943178122679,-0.252588418886551,-0.252588418886551,-0.00026806,-0.00037493394332628816,6.930961113187353e-07,0.1829582505863205
14.056,2mer-0+374,-0.00029478551634983435,0.000294567201213415,0.15002268666804686,0.15002268666804686,-0.00020165,-0.00029478551634983435,6.839512443769203e-07,0.1829582505863205
14.065,2mer-0+413,-0.001112354102112244,0.0011073367494683934,0.2859399098481525,0.2859399098481525,-0.00073197,-0.001112354102112244,3.097443020072918e-06,0.1829582505863205
14.066,2mer-0+191,-0.0007099736835783749,0.000709118664367683,0.23859036782892853,0.23859036782892853,-0.00043672,-0.0007099736835783749,3.1390446462271834e-06,0.1829582505863205
14.069,2mer-0+237,-0.0008852561153623033,0.0008889833862312692,-0.25889648283928046,-0.25889648283928046,-0.00060512,-0.0008852561153623033,-1.3344916709225137e-06,0.1829582505863205
14.102,2mer-0+270,-0.0007396908779277394,0.0007424579872846448,-0.0975807452830154,-0.0975807452830154,-0.00052769,-0.0007396908779277394,-6.328210756325206e-07,0.1829582505863205
14.109,2mer-0+297,-0.000772129609261076,0.0007689953846463312,0.22857406655400278,0.22857406655400278,-0.00053704,-0.000772129609261076,2.184091247428052e-06,0.1829582505863205
14.125,2mer-0+268,-0.0009763746570909578,0.0009748205039798346,-0.0013503376462094014,-0.0013503376462094014,-0.000644,-0.0009763746570909578,1.0013527939933859e-06,0.1829582505863205
14.142,2mer-0+387,-0.0009434862284174075,0.0009471755798052511,-0.2823726586110837,-0.2823726586110837,-0.00065361,-0.0009434862284174075,-6.980860951117343e-07,0.1829582505863205
14.147,2mer-0+307,-0.0012404226840605718,0.0012348018757141817,0.43481095737863923,0.43481095737863923,-0.00085503,-0.0012404226840605718,4.577837926952727e-06,0.1829582505863205
14.15,2mer-0+277,-0.0007172962069901667,0.0007145959099626776,0.18288054336512638,0.18288054336512638,-0.00050368,-0.0007172962069901667,1.8455864841109112e-06,0.1829582505863205
14.183,2mer-0+373,-0.0008609355494589515,0.0008583644120740491,0.33333959443464223,0.33333959443464223,-0.00055933,-0.0008609355494589515,2.8739214561995593e-06,0.1829582505863205
14.226,2mer-0+289,-0.0005709379620424156,0.0005725601588255013,-0.01607235878618026,-0.01607235878618026,-0.00042574,-0.0005709379620424156,1.2282650453627538e-06,0.1829582505863205
14.228,2mer-0+194,-0.0005782126158444957,0.0005796054632777134,-0.2659315976848075,-0.2659315976848075,-0.00041687,-0.0005782126158444957,1.2294899806259928e-06,0.1829582505863205
14.247,2mer-0+301,-0.0004374277715871447,0.00043789125907893375,-0.19297063702315267,-0.19297063702315267,-0.00031883,-0.0004374277715871447,1.5037475431726618e-06,0.1829582505863205
14.267,2mer-0+317,-0.00034249922867508285,0.0003417079532452065,0.2600976648369384,0.2600976648369384,-0.00023115,-0.00034249922867508285,3.1314740890154375e-06,0.1829582505863205
14.27,2mer-0+197,-0.0007071272931428829,0.0007056910441475326,0.2807711965598052,0.2807711965598052,-0.00043839,-0.0007071272931428829,2.3408263170016515e-06,0.1829582505863205
14.35,2mer-0+341,-0.0007966919511798099,0.0007998305190804835,-0.27063455458608865,-0.27063455458608865,-0.00061983,-0.0007966919511798099,1.1311953735446156e-06,0.1829582505863205
14.43,2mer-0+371,-0.0009442574248645713,0.0009409005752598858,0.26924258482519997,0.26924258482519997,-0.00063479,-0.0009442574248645713,2.4358188976072924e-06,0.1829582505863205
14.454,2mer-0+395,-0.0007063107062638068,0.0007065089539963268,-0.17183645788291668,-0.17183645788291668,-0.00042175,-0.0007063107062638068,2.339904211549036e-06,0.1829582505863205
14.485,2mer-0+286,-0.00032737938878312693,0.00032821927514154115,-0.2483160419636763,-0.2483160419636763,-0.00023108,-0.00032737938878312693,1.1029474002821285e-06,0.1829582505863205
14.489,2mer-0+229,-0.0004193486006634466,0.0004187910212116595,0.21786465130452976,0.21786465130452976,-0.00029244,-0.0004193486006634466,1.4159154469041441e-06,0.1829582505863205
14.525,2mer-0+251,-0.00032727615639689537,0.0003279805372836371,-0.22292703188643306,-0.22292703188643306,-0.00024049,-0.00032727615639689537,5.435345486526998e-08,0.1829582505863205
14.547,2mer-0+340,-0.0009131113951308482,0.0009165812119076422,-0.27050362307172904,-0.27050362307172904,-0.00060417,-0.0009131113951308482,-1.1215070792493027e-06,0.1829582505863205
14.563,2mer-0+254,-0.0004723394976184293,0.000471310030899853,0.23397903110437487,0.23397903110437487,-0.00033085,-0.0004723394976184293,2.2978064894945215e-06,0.1829582505863205
14.586,2mer-0+411,-0.000655942864662779,0.0006535080765324375,0.2607334647456552,0.2607334647456552,-0.00047934,-0.000655942864662779,1.8605449032424295e-06,0.1829582505863205
14.606,2mer-0+359,-0.0008534303229396345,0.0008497967999621993,0.3812231856269383,0.3812231856269383,-0.00057614,-0.0008534303229396345,3.3644214465633735e-06,0.1829582505863205
14.609,2mer-0+253,-0.0006167002500838228,0.0006144405077791838,0.13868817601940994,0.13868817601940994,-0.0003941,-0.0006167002500838228,2.541386140845951e-06,0.1829582505863205
14.631,2mer-0+220,-0.0006738645938730681,0.000675175851973228,-0.23515594615800997,-0.23515594615800997,-0.00042048,-0.0006738645938730681,-4.94849603116287e-07,0.1829582505863205
14.699,2mer-0+406,-0.0008275119909629213,0.0008301302276306227,-0.22168497629245024,-0.22168497629245024,-0.00051913,-0.0008275119909629213,-9.478279674744162e-07,0.1829582505863205
14.729,2mer-0+343,-0.000598259490995663,0.0005995653996111302,-0.09788952655163663,-0.09788952655163663,-0.00040546,-0.000598259490995663,8.285768813672097e-08,0.1829582505863205
14.743,2mer-0+409,-0.0006636375865164488,0.0006611771814580033,0.3067252828334889,0.3067252828334889,-0.00050146,-0.0006636375865164488,2.027027041251788e-06,0.1829582505863205
14.745,2mer-0+275,-0.0004485064621973674,0.0004483285694471888,0.12631120948925448,0.12631120948925448,-0.00026505,-0.0004485064621973674,8.769842484694016e-07,0.1829582505863205
14.753,2mer-0+311,-0.0003541635785501653,0.0003539145255799612,0.17706851124280534,0.17706851124280534,-0.00025647,-0.0003541635785501653,2.518630674267809e-07,0.1829582505863205
14.762,2mer-0+309,-0.0005150083257685281,0.0005137651450848882,0.10319072089702878,0.10319072089702878,-0.00042139,-0.0005150083257685281,2.551119496915616e-06,0.1829582505863205
14.788,2mer-0+256,-0.0004433433726698735,0.0004429250704329641,0.16964472104136016,0.16964472104136016,-0.00026001,-0.0004433433726698735,4.6417814990420553e-07,0.1829582505863205
14.797,2mer-0+282,-0.0006500873989516875,0.0006524254602961888,-0.12980828802998776,-0.12980828802998776,-0.00044896,-0.0006500873989516875,-6.79118443328701e-07,0.1829582505863205
14.853,2mer-0+303,-0.0002602047613654573,0.000260550136879385,-0.13444032976361933,-0.13444032976361933,-0.00020105,-0.0002602047613654573,1.6028305810773508e-06,0.1829582505863205
14.884,2mer-0+239,-0.0004864862826961491,0.00048517757349716886,0.22248220580291095,0.22248220580291095,-0.00029926,-0.0004864862826961491,1.5636527590083164e-06,0.1829582505863205
14.896,2mer-0+225,-0.00053760420452891,0.0005361843375656173,0.24570778982703817,0.24570778982703817,-0.00034925,-0.00053760420452891,3.497032163364337e-06,0.1829582505863205
14.985,2mer-0+315,-0.0006159019303838141,0.0006177998852228443,-0.18705079597343974,-0.18705079597343974,-0.00040791,-0.0006159019303838141,4.917550185382573e-07,0.1829582505863205
15.0,2mer-0+382,-0.00043797453275938207,0.00043894897130583653,-0.26373762998290323,-0.26373762998290323,-0.00030522,-0.00043797453275938207,2.1046159128369653e-07,0.1829582505863205
15.07,2mer-0+366,-0.00032526876289364743,0.0003256997789201341,0.060849501307465796,0.060849501307465796,-0.00025276,-0.00032526876289364743,1.3777324883216867e-06,0.1829582505863205
15.071,2mer-0+429,-0.0005821296029864432,0.0005799643497200704,0.19615131761367807,0.19615131761367807,-0.0003726,-0.0005821296029864432,2.0067848124941416e-06,0.1829582505863205
15.115,2mer-0+295,-0.0006284613611251365,0.0006305861655318519,-0.20069139176759412,-0.20069139176759412,-0.00040807,-0.0006284613611251365,9.013054854696961e-07,0.1829582505863205
15.175,2mer-0+298,-0.00027197238862538734,0.00027245265013377485,-0.15326352062926854,-0.15326352062926854,-0.00020875,-0.00027197238862538734,9.798908539402583e-09,0.1829582505863205
15.287,2mer-0+312,-0.000738964614661875,0.0007364861145451898,0.28647986662755776,0.28647986662755776,-0.00045604,-0.000738964614661875,3.1605256610087336e-06,0.1829582505863205
15.295,2mer-0+397,-0.0007546059812172589,0.0007574641541056598,-0.34705836023402453,-0.34705836023402453,-0.00053912,-0.0007546059812172589,5.801256434582989e-07,0.1829582505863205
15.301,2mer-0+494,-0.000390897373639272,0.0003901738713618475,0.19691804910695138,0.19691804910695138,-0.00023519,-0.000390897373639272,6.623186629243849e-07,0.1829582505863205
15.302,2mer-0+459,-0.00045982808336539837,0.0004584496188527024,0.15545173287379155,0.15545173287379155,-0.00032842,-0.00045982808336539837,2.0793548924935744e-06,0.1829582505863205
15.302,2mer-0+396,-0.00046424695713767465,0.0004628837078538856,0.14787402949567424,0.14787402949567424,-0.00031963,-0.00046424695713767465,1.7403223978763582e-06,0.1829582505863205
15.307,2mer-0+284,-0.00046259477453854884,0.0004639857718296647,-0.27227145797726243,-0.27227145797726243,-0.00033368,-0.00046259477453854884,4.729559771715301e-08,0.1829582505863205
15.315,2mer-0+408,-0.00037397554437911164,0.0003734988631279975,0.1768869266148759,0.1768869266148759,-0.00024941,-0.00037397554437911164,1.8847009440231098e-06,0.1829582505863205
15.32,2mer-0+401,-0.00033957589996115876,0.00033933218168851094,-0.11457307491990361,-0.11457307491990361,-0.00022803,-0.00033957589996115876,2.6118641507889386e-07,0.1829582505863205
15.33,2mer-0+338,-0.00033327085020343406,0.00033245357419754733,0.0215818663339532,0.0215818663339532,-0.00019922,-0.00033327085020343406,2.3581241417227357e-06,0.1829582505863205
15.391,2mer-0+352,-0.00032627798416589633,0.00032575132447202064,0.20504894511745403,0.20504894511745403,-0.00019275,-0.00032627798416589633,6.951550496034226e-07,0.1829582505863205
15.392,2mer-0+361,-0.00019588791571005488,0.0001960697544379342,-0.11189452290371839,-0.11189452290371839,-0.00015051,-0.00019588791571005488,9.428680232394003e-08,0.1829582505863205
15.434,2mer-0+435,-0.0005286382828581461,0.0005293054448010859,-0.21111463303744415,-0.21111463303744415,-0.00033675,-0.0005286382828581461,5.426858509997692e-07,0.1829582505863205
15.459,2mer-0+349,-0.0004184543188141301,0.0004176169113869684,0.06542806134413846,0.06542806134413846,-0.00028007,-0.0004184543188141301,8.848565043506466e-07,0.1829582505863205
15.476,2mer-0+431,-0.0002890785109289908,0.00028882604382771967,0.0011944394549840273,0.0011944394549840273,-0.00024551,-0.0002890785109289908,4.13366980192011e-07,0.1829582505863205
15.485,2mer-0+337,-0.00041980694799926156,0.000418817396112898,0.08676430972270696,0.08676430972270696,-0.00029618,-0.00041980694799926156,7.243914727402795e-07,0.1829582505863205
15.529,2mer-0+439,-0.000748423152683306,0.000751205003966262,-0.38238396715103523,-0.38238396715103523,-0.00055308,-0.000748423152683306,6.985626574053926e-07,0.1829582505863205
15.548,2mer-0+522,-0.00018798641508649408,0.00018832473278231703,-0.20923486006674935,-0.20923486006674935,-0.00013108,-0.00018798641508649408,1.524489370466694e-06,0.1829582505863205
15.553,2mer-0+262,-0.0005058334185693271,0.0005064639330776617,-0.20834591586217854,-0.20834591586217854,-0.00031646,-0.0005058334185693271,3.124996759096669e-07,0.1829582505863205
15.561,2mer-0+339,-0.0003413401854672177,0.0003413351191751962,0.08233925135515441,0.08233925135515441,-0.00019872,-0.0003413401854672177,1.7526096438800305e-07,0.1829582505863205
15.683,2mer-0+283,-0.00033068159402959113,0.0003302314569444318,0.18754805063272262,0.18754805063272262,-0.00019041,-0.00033068159402959113,1.3174100395033864e-06,0.1829582505863205
15.73,2mer-0+393,-0.0002464687348361756,0.0002460645091396592,-0.02104834103476414,-0.02104834103476414,-0.00014988,-0.0002464687348361756,3.135636544260251e-06,0.1829582505863205
15.732,2mer-0+556,-0.00019511159213515537,0.0001954207131406652,-0.20241871070250306,-0.20241871070250306,-0.00013371,-0.00019511159213515537,5.580449603119768e-07,0.1829582505863205
15.745,2mer-0+452,-0.00048347280018868905,0.00048196097274738804,0.2752403406733749,0.2752403406733749,-0.00037906,-0.00048347280018868905,9.865015809297383e-07,0.1829582505863205
15.755,2mer-0+389,-0.00022631778974609507,0.00022680496120912975,-0.21176225308309207,-0.21176225308309207,-0.00016091,-0.00022631778974609507,1.1971869009528734e-07,0.1829582505863205
15.766,2mer-0+344,-0.0003316355213895989,0.00033076520385635184,0.04584405150060781,0.04584405150060781,-0.00020041,-0.0003316355213895989,7.73746290214754e-07,0.1829582505863205
15.811,2mer-0+502,-0.0004892950155934757,0.0004904477915350258,-0.13706278783893844,-0.13706278783893844,-0.00030142,-0.0004892950155934757,6.970066204460567e-07,0.1829582505863205
15.825,2mer-0+561,-0.0005776458416516429,0.0005757999248465884,0.21040465153315838,0.21040465153315838,-0.00033846,-0.0005776458416516429,1.1920481735058721e-06,0.1829582505863205
15.828,2mer-0+300,-0.00022429698668259793,0.0002246546645286616,-0.17543054695226082,-0.17543054695226082,-0.00016952,-0.00022429698668259793,6.220975754441932e-07,0.1829582505863205
15.833,2mer-0+346,-0.0004102596779811531,0.0004112872921443137,-0.12704213160335062,-0.12704213160335062,-0.00029042,-0.0004102596779811531,-1.578902841823338e-07,0.1829582505863205
15.853,2mer-0+508,-0.0003176203319861978,0.00031833769126121426,-0.23662774377856383,-0.23662774377856383,-0.00023167,-0.0003176203319861978,-1.3029811408316337e-07,0.1829582505863205
15.857,2mer-0+433,-0.0001912489012752008,0.00019146091037787442,-0.13462698475976986,-0.13462698475976986,-0.00014165,-0.0001912489012752008,2.835168992547255e-07,0.1829582505863205
15.88,2mer-0+474,-0.00015737135706629508,0.00015725345428504268,0.12312110144191547,0.12312110144191547,-9.78e-05,-0.00015737135706629508,4.810008031402036e-07,0.1829582505863205
15.896,2mer-0+417,-0.0005346169255444848,0.0005363431824121718,-0.23518427146846801,-0.23518427146846801,-0.00036272,-0.0005346169255444848,-4.086387354560037e-07,0.1829582505863205
15.927,2mer-0+287,-0.0004187250504414871,0.0004194097830063269,-0.20158330335859528,-0.20158330335859528,-0.00025312,-0.0004187250504414871,2.7974755987071905e-07,0.1829582505863205
15.928,2mer-0+398,-0.0004960320147681374,0.0004954470765279167,0.00519120025098673,0.00519120025098673,-0.0003224,-0.0004960320147681374,2.0976591247975707e-06,0.1829582505863205
16.021,2mer-0+403,-0.0005428230576986312,0.0005413067967919563,0.2138897594173685,0.2138897594173685,-0.00032431,-0.0005428230576986312,2.3678840552362545e-06,0.1829582505863205
16.029,2mer-0+306,-0.00035649188099076153,0.0003569359066785413,-0.19975025891108447,-0.19975025891108447,-0.00021946,-0.00035649188099076153,6.073712096039352e-07,0.1829582505863205
16.038,2mer-0+351,-0.0002296429236411134,0.00022993193227768675,-0.14743669420247535,-0.14743669420247535,-0.00015588,-0.0002296429236411134,1.4230063999394159e-07,0.1829582505863205
16.068,2mer-0+369,-0.0005191339054707357,0.0005176207396931508,0.2052059766613656,0.2052059766613656,-0.00032818,-0.0005191339054707357,1.1787256008433523e-06,0.1829582505863205
16.08,2mer-0+293,-0.000314387744034827,0.00031491236693499957,-0.19379026873692282,-0.19379026873692282,-0.00022653,-0.000314387744034827,8.270061726935186e-07,0.1829582505863205
16.108,2mer-0+327,-0.0003770761720216294,0.0003779659356956092,-0.1071106742148832,-0.1071106742148832,-0.0002518,-0.0003770761720216294,-1.6780482253738698e-07,0.1829582505863205
16.12,2mer-0+438,-0.0003849093258641587,0.0003858719751329025,-0.13515409553046023,-0.13515409553046023,-0.0002882,-0.0003849093258641587,-3.565548985890843e-07,0.1829582505863205
16.146,2mer-0+446,-0.0004955311285964112,0.000493938363451182,0.2896834882587519,0.2896834882587519,-0.00034827,-0.0004955311285964112,1.977316657372881e-06,0.1829582505863205
16.15,2mer-0+365,-0.0002614673646934014,0.00026197133348173404,-0.19169939440394165,-0.19169939440394165,-0.0001927,-0.0002614673646934014,3.532302139132174e-07,0.1829582505863205
16.185,2mer-0+571,-0.00014787457439317697,0.0001481204490324975,-0.18559844592358657,-0.18559844592358657,-9.817e-05,-0.00014787457439317697,2.8372792425761724e-07,0.1829582505863205
16.205,2mer-0+484,-0.00018842465435350354,0.0001886275927717135,-0.14481800757908642,-0.14481800757908642,-0.0001409,-0.00018842465435350354,1.957470121139978e-06,0.1829582505863205
16.216,2mer-0+325,-0.0002909265969887625,0.0002904311166454026,0.21154903190758298,0.21154903190758298,-0.00018371,-0.0002909265969887625,6.073557888318521e-07,0.1829582505863205
16.232,2mer-0+357,-0.0004109044280941074,0.0004120619985154369,-0.11098576899782013,-0.11098576899782013,-0.0002755,-0.0004109044280941074,7.931263338681762e-07,0.1829582505863205
16.26,2mer-0+449,-0.0005135182524189129,0.0005116939292636517,0.2408816442292563,0.2408816442292563,-0.00031474,-0.0005135182524189129,2.3219570304838893e-06,0.1829582505863205
16.303,2mer-0+440,-0.00031140990901196874,0.00031085063436846525,0.06250169287363092,0.06250169287363092,-0.0002071,-0.00031140990901196874,9.39711993608757e-07,0.1829582505863205
16.307,2mer-0+350,-0.00022315783984053526,0.00022358800684684342,-0.15584258299890022,-0.15584258299890022,-0.00016864,-0.00022315783984053526,8.423600080187673e-07,0.1829582505863205
16.337,2mer-0+348,-0.0002455126361380909,0.000245858928133567,-0.1539508705300488,-0.1539508705300488,-0.00016313,-0.0002455126361380909,-1.5178135627201003e-08,0.1829582505863205
16.368,2mer-0+377,-0.000301719376895458,0.00030107926724802,0.08109137639784261,0.08109137639784261,-0.00022342,-0.000301719376895458,4.6159759183915724e-07,0.1829582505863205
16.377,2mer-0+575,-0.00048208247694273004,0.00048074975081291194,0.2183135793554097,0.2183135793554097,-0.00028208,-0.00048208247694273004,1.665607019194416e-06,0.1829582505863205
16.424,2mer-0+579,-0.00029360364528029505,0.00029365865448421154,-0.12883501420050733,-0.12883501420050733,-0.00016113,-0.00029360364528029505,2.3027118146240342e-07,0.1829582505863205
16.435,2mer-0+457,-0.00017720653823234656,0.00017706633833156535,0.11245231639554311,0.11245231639554311,-0.00010788,-0.00017720653823234656,5.60442580521501e-07,0.1829582505863205
16.443,2mer-0+372,-0.00044923614000649375,0.0004480632641857941,0.17851864865125794,0.17851864865125794,-0.00026968,-0.00044923614000649375,7.270437434889583e-07,0.1829582505863205
16.492,2mer-0+426,-0.000436963480539903,0.00043580978214414405,0.17416681681141594,0.17416681681141594,-0.00027114,-0.000436963480539903,1.5990672741850936e-06,0.1829582505863205
16.512,2mer-0+486,-0.0005808978167192964,0.0005828516779974404,-0.3088320736665844,-0.3088320736665844,-0.00041403,-0.0005808978167192964,-3.724613104182948e-07,0.1829582505863205
16.539,2mer-0+415,-0.0001717137702705176,0.00017189080286348987,-0.1285843632045496,-0.1285843632045496,-0.00011645,-0.0001717137702705176,9.566946245944674e-08,0.1829582505863205
16.563,2mer-0+511,-0.0005346961658619334,0.0005363771999188653,-0.33186777300761,-0.33186777300761,-0.00040048,-0.0005346961658619334,1.6269888960024886e-06,0.1829582505863205
16.572,2mer-0+510,-0.000517585120960235,0.0005192674193619669,-0.2580397350172648,-0.2580397350172648,-0.00036204,-0.000517585120960235,-5.656531668947884e-07,0.1829582505863205
16.603,2mer-0+514,-0.0003830840367044627,0.0003839194766729719,-0.12077053405413389,-0.12077053405413389,-0.00024409,-0.0003830840367044627,8.672411888259302e-07,0.1829582505863205
16.608,2mer-0+480,-0.00015412084939075757,0.00015433495645828633,-0.1599301179970909,-0.1599301179970909,-0.00010459,-0.00015412084939075757,2.2778221967009037e-06,0.1829582505863205
16.63,2mer-0+461,-0.00046843473047918733,0.00046688008713040356,0.24735728277298655,0.24735728277298655,-0.00029313,-0.00046843473047918733,8.911520235675941e-07,0.1829582505863205
16.636,2mer-0+400,-0.00019311224227115786,0.00019337663847262697,-0.16004882147230862,-0.16004882147230862,-0.00013695,-0.00019311224227115786,5.800959531747456e-07,0.1829582505863205
16.667,2mer-0+495,-0.00016164585135348272,0.0001616605952277028,0.09551530028313923,0.09551530028313923,-0.0001255,-0.00016164585135348272,2.20740950483021e-06,0.1829582505863205
16.678,2mer-0+491,-0.0004115662658257477,0.00041023103767741126,0.1845282959840568,0.1845282959840568,-0.00025041,-0.0004115662658257477,7.77669455629819e-07,0.1829582505863205
16.709,2mer-0+465,-0.00012285348309785563,0.00012294237309810766,-0.09275038127930704,-0.09275038127930704,-9.3e-05,-0.00012285348309785563,8.068282101818841e-07,0.1829582505863205
16.711,2mer-0+630,-0.0001645208256477071,0.00016470321943774004,-0.16692538300208826,-0.16692538300208826,-0.00010095,-0.0001645208256477071,9.285219501096917e-07,0.1829582505863205
16.74,2mer-0+497,-0.00016176558732828566,0.00016152998726534014,0.17121769147490892,0.17121769147490892,-9.605e-05,-0.00016176558732828566,2.777182194734041e-06,0.1829582505863205
16.741,2mer-0+419,-0.00024077364675679963,0.0002410751914948482,-0.16134733539264076,-0.16134733539264076,-0.00014974,-0.00024077364675679963,8.418636329409338e-08,0.1829582505863205
16.747,2mer-0+559,-0.00021289903394773808,0.00021331848939966494,-0.19330276583506617,-0.19330276583506617,-0.00016403,-0.00021289903394773808,-2.611320360639792e-08,0.1829582505863205
16.761,2mer-0+447,-0.00016038983756275012,0.00016020284420754216,0.1419881893629248,0.1419881893629248,-0.00010721,-0.00016038983756275012,3.084028442455268e-07,0.1829582505863205
16.778,2mer-0+590,-0.00025004239187458835,0.00024957585344602694,0.05205764368124026,0.05205764368124026,-0.00017911,-0.00025004239187458835,1.0272691952893353e-06,0.1829582505863205
16.788,2mer-0+414,-0.00021391179232071447,0.00021411684981690267,-0.16595155201786896,-0.16595155201786896,-0.00012737,-0.00021391179232071447,4.9978030711084135e-08,0.1829582505863205
16.788,2mer-0+557,-0.00029672740464811714,0.0002962123569264285,0.20283829541240656,0.20283829541240656,-0.00018564,-0.00029672740464811714,2.182371333564231e-06,0.1829582505863205
16.809,2mer-0+367,-0.00028632759723617703,0.0002870433801441171,-0.21219020697029412,-0.21219020697029412,-0.0002043,-0.00028632759723617703,-1.259388304213023e-07,0.1829582505863205
16.843,2mer-0+572,-0.0002738420694526731,0.0002732026168114597,0.07400790454633276,0.07400790454633276,-0.00018036,-0.0002738420694526731,6.058449638836207e-07,0.1829582505863205
16.852,2mer-0+418,-0.00032479378758543473,0.0003255549757020605,-0.10848180089946928,-0.10848180089946928,-0.00021824,-0.00032479378758543473,8.954735889001749e-07,0.1829582505863205
16.906,2mer-0+493,-0.0001464098791425906,0.00014632587520658512,-0.058055077924260616,-0.058055077924260616,-9.418e-05,-0.0001464098791425906,6.433687635497586e-07,0.1829582505863205
16.926,2mer-0+569,-0.000277615161195352,0.00027826957184324543,-0.22961204181306097,-0.22961204181306097,-0.00020626,-0.000277615161195352,1.7103208200360161e-06,0.1829582505863205
16.952,2mer-0+390,-0.0003116072820053531,0.00031230098532105224,-0.09637026402256199,-0.09637026402256199,-0.00020744,-0.0003116072820053531,5.119110745761562e-07,0.1829582505863205
16.972,2mer-0+490,-0.00017307800697617987,0.00017324229041100145,-0.13427937877263615,-0.13427937877263615,-0.0001147,-0.00017307800697617987,3.285974567325672e-07,0.1829582505863205
16.974,2mer-0+412,-0.0002463377438421461,0.0002457846794052746,0.04570267902974292,0.04570267902974292,-0.00015346,-0.0002463377438421461,1.1906990280861667e-06,0.1829582505863205
16.99,2mer-0+355,-0.0002039633240426227,0.00020381872535637005,0.14046812979719023,0.14046812979719023,-0.00012591,-0.0002039633240426227,2.886911159335574e-07,0.1829582505863205
17.061,2mer-0+468,-0.0003351345344049287,0.0003359591424787804,-0.187111915319438,-0.187111915319438,-0.00023038,-0.0003351345344049287,3.7244772643261566e-07,0.1829582505863205
17.063,2mer-0+334,-0.0002650369200897452,0.0002645547104104493,0.21023712489006874,0.21023712489006874,-0.00015424,-0.0002650369200897452,3.5083640595794886e-07,0.1829582505863205
17.11,2mer-0+402,-0.00023540761918693765,0.0002351879333766466,0.14594047122899736,0.14594047122899736,-0.00012384,-0.00023540761918693765,3.995705273130143e-07,0.1829582505863205
17.112,2mer-0+467,-0.0002092843641960112,0.00020931188482617693,0.05266104600245303,0.05266104600245303,-0.00011458,-0.0002092843641960112,1.423381590355798e-06,0.1829582505863205
17.124,2mer-0+549,-0.00022641962238387916,0.00022601650456711102,0.06883350925410324,0.06883350925410324,-0.00015519,-0.00022641962238387916,5.94333067030854e-07,0.1829582505863205
17.158,2mer-0+652,-0.00013805756082714007,0.00013815119975368336,-0.10479691405802426,-0.10479691405802426,-0.00010066,-0.00013805756082714007,4.810201814306888e-07,0.1829582505863205
17.197,2mer-0+580,-0.0005179777539203925,0.0005164604820657728,0.3166156428890845,0.3166156428890845,-0.00032203,-0.0005179777539203925,1.6235623775662917e-06,0.1829582505863205
17.204,2mer-0+535,-0.00046394499743635176,0.0004626785869337776,0.2971287381493446,0.2971287381493446,-0.00029703,-0.00046394499743635176,2.9153745808363855e-06,0.1829582505863205
17.223,2mer-0+538,-0.00047592646038324026,0.0004773605102214511,-0.29405003605999,-0.29405003605999,-0.00034318,-0.00047592646038324026,4.3070826626551183e-07,0.1829582505863205
17.243,2mer-0+616,-0.0002840575304012544,0.0002835221050467263,0.2099399167079411,0.2099399167079411,-0.0001629,-0.0002840575304012544,6.931704902265853e-07,0.1829582505863205
17.247,2mer-0+481,-0.0002875463810757958,0.00028819982060382317,-0.11203592181774885,-0.11203592181774885,-0.00018158,-0.0002875463810757958,5.357048417340474e-07,0.1829582505863205
17.254,2mer-0+534,-0.00014935370044942504,0.00014940893502327405,-0.12383178695280951,-0.12383178695280951,-8.3e-05,-0.00014935370044942504,1.0993700884107476e-06,0.1829582505863205
17.297,2mer-0+375,-0.0002001102654871266,0.0001998233639004526,0.17283086966935615,0.17283086966935615,-0.00010972,-0.0002001102654871266,1.1453085551030831e-06,0.1829582505863205
17.302,2mer-0+368,-0.0002248569227254402,0.0002244211032737129,0.16424990355443567,0.16424990355443567,-0.00013863,-0.0002248569227254402,8.868611779103e-07,0.1829582505863205
17.315,2mer-0+370,-0.00022001276437780246,0.00021987278640085963,0.13137614736675754,0.13137614736675754,-0.00011682,-0.00022001276437780246,1.7635091522281042e-06,0.1829582505863205
17.321,2mer-0+356,-0.0002039407052514415,0.00020420300892667423,-0.15277634958062003,-0.15277634958062003,-0.00015096,-0.0002039407052514415,2.9788370243563614e-06,0.1829582505863205
17.325,2mer-0+681,-0.00013455920936889272,0.00013469186289855539,-0.1260646638242283,-0.1260646638242283,-9.511e-05,-0.00013455920936889272,1.2059972921541413e-06,0.1829582505863205
17.33,2mer-0+404,-0.0002060913313261658,0.00020638105442211046,-0.14500925628840733,-0.14500925628840733,-0.00013143,-0.0002060913313261658,8.582390946034962e-07,0.1829582505863205
17.339,2mer-0+463,-0.0002790900900831168,0.00027968911597350696,-0.1305411103679829,-0.1305411103679829,-0.00017702,-0.0002790900900831168,7.394239724054899e-07,0.1829582505863205
17.356,2mer-0+611,-0.000297756658265792,0.00029820287510503614,-0.06988527951335959,-0.06988527951335959,-0.00017026,-0.000297756658265792,-8.057582496684125e-08,0.1829582505863205
17.386,2mer-0+671,-0.00022425446786833808,0.0002238910877651134,0.16839548186297743,0.16839548186297743,-0.00011615,-0.00022425446786833808,3.653575462061602e-07,0.1829582505863205
17.395,2mer-0+573,-0.00033914693180273287,0.00034005388499841374,-0.16470809578703907,-0.16470809578703907,-0.00023179,-0.00033914693180273287,7.083129082734785e-07,0.1829582505863205
17.405,2mer-0+521,-0.0003834726778592541,0.00038250955374881775,0.230279270579017,0.230279270579017,-0.00022391,-0.0003834726778592541,1.309246949500991e-06,0.1829582505863205
17.423,2mer-0+430,-0.00022266876732217003,0.0002222267344738783,0.06299386974260857,0.06299386974260857,-0.00015273,-0.00022266876732217003,6.310329581704716e-07,0.1829582505863205
17.427,2mer-0+364,-0.00026374226937143474,0.0002641447904709892,-0.16718787458839096,-0.16718787458839096,-0.00015365,-0.00026374226937143474,9.751705607116514e-07,0.1829582505863205
17.444,2mer-0+478,-0.0002566303870181344,0.0002571491046931574,-0.08961840966392645,-0.08961840966392645,-0.0001717,-0.0002566303870181344,8.02294555922197e-07,0.1829582505863205
17.449,2mer-0+578,-0.0002789479568260082,0.00027829235580200025,0.20471847714372995,0.20471847714372995,-0.00022738,-0.0002789479568260082,5.519225763338197e-07,0.1829582505863205
17.454,2mer-0+460,-0.00021082554804857643,0.00021060000029690486,0.01627271147783946,0.01627271147783946,-0.00015087,-0.00021082554804857643,2.965801148940292e-06,0.1829582505863205
17.47,2mer-0+617,-0.00030386732698720113,0.00030331903327783825,0.10958486884895867,0.10958486884895867,-0.00017663,-0.00030386732698720113,5.981575890794239e-07,0.1829582505863205
17.481,2mer-0+629,-0.0005182510354344063,0.0005167735643222907,0.34511155754269973,0.34511155754269973,-0.00033222,-0.0005182510354344063,2.3383090769359867e-06,0.1829582505863205
17.523,2mer-0+442,-0.00030406156343130384,0.0003035058600026164,0.11936722452145967,0.11936722452145967,-0.00014929,-0.00030406156343130384,2.738017845118422e-06,0.1829582505863205
17.535,2mer-0+544,-0.00030537439254750537,0.0003061000075081235,-0.20067602122771613,-0.20067602122771613,-0.00021868,-0.00030537439254750537,1.4884651081730993e-06,0.1829582505863205
17.554,2mer-0+651,-9.872448721555402e-05,9.885687349927527e-05,-0.1473239245319309,-0.1473239245319309,-5.95e-05,-9.872448721555402e-05,1.9620823563642743e-06,0.1829582505863205
17.566,2mer-0+432,-0.0002961297993437858,0.00029556812121527253,0.11457934418929622,0.11457934418929622,-0.00015591,-0.0002961297993437858,3.0128459418242193e-06,0.1829582505863205
17.604,2mer-0+548,-0.0002210078202633519,0.00022126387480990233,-0.03586233843844855,-0.03586233843844855,-0.00012953,-0.0002210078202633519,9.643795945253706e-08,0.1829582505863205
17.638,2mer-0+499,-0.00013260581668253472,0.00013246493619170705,0.1421271756744889,0.1421271756744889,-8.642e-05,-0.00013260581668253472,1.8692378052113924e-06,0.1829582505863205
17.657,2mer-0+542,-0.00028027052756871083,0.00027971573031783847,0.11104968778167344,0.11104968778167344,-0.00015855,-0.00028027052756871083,1.794626851400071e-06,0.1829582505863205
17.66,2mer-0+591,-0.00037965306048526516,0.00037867420313403543,0.22631131589528916,0.22631131589528916,-0.00021256,-0.00037965306048526516,1.1593539850011644e-06,0.1829582505863205
17.68,2mer-0+565,-0.00013350984349225776,0.00013372228739291008,-0.16182872261878978,-0.16182872261878978,-9.616e-05,-0.00013350984349225776,1.150198548273571e-06,0.1829582505863205
17.705,2mer-0+675,-0.00020458807051270956,0.00020493378430802916,-0.0738110673351746,-0.0738110673351746,-0.00013456,-0.00020458807051270956,1.6002580572493245e-06,0.1829582505863205
17.712,2mer-0+424,-0.00023067770232367783,0.00023107027269709664,-0.06046538787986014,-0.06046538787986014,-0.00015062,-0.00023067770232367783,1.5485291985159709e-06,0.1829582505863205
17.737,2mer-0+695,-0.0001162269576251739,0.00011627291896280857,-0.0786464103480876,-0.0786464103480876,-8.662e-05,-0.0001162269576251739,1.6439777458503784e-07,0.1829582505863205
17.741,2mer-0+550,-0.0003260558690023052,0.0003251676260069481,0.2102372462495019,0.2102372462495019,-0.0002107,-0.0003260558690023052,1.0600306055294004e-06,0.1829582505863205
17.749,2mer-0+605,-0.00041454358765943003,0.0004134914770767382,0.2989903919393311,0.2989903919393311,-0.00027114,-0.00041454358765943003,1.0147313411817223e-06,0.1829582505863205
17.772,2mer-0+527,-0.000109229809941994,0.00010932019482462069,-0.1051905116121775,-0.1051905116121775,-7.141e-05,-0.000109229809941994,4.457393222025894e-07,0.1829582505863205
17.778,2mer-0+420,-0.0001306216278406069,0.00013076520475286858,-0.12821527464805732,-0.12821527464805732,-0.0001011,-0.0001306216278406069,1.907407121222153e-06,0.1829582505863205
17.807,2mer-0+392,-0.0002252541076827428,0.00022556564063891255,-0.1737287680107988,-0.1737287680107988,-0.00014098,-0.0002252541076827428,1.6488821311484411e-06,0.1829582505863205
17.831,2mer-0+607,-0.0002490594870136027,0.00024843700948136817,0.10569799305630118,0.10569799305630118,-0.00015356,-0.0002490594870136027,1.063476474110598e-06,0.1829582505863205
17.9,2mer-0+479,-0.000126654960445749,0.00012648388221704647,0.11170410192627676,0.11170410192627676,-6.818e-05,-0.000126654960445749,9.84782327701991e-07,0.1829582505863205
17.963,2mer-0+676,-0.00020473770519396353,0.0002047981352794878,-0.1003765715476607,-0.1003765715476607,-0.00010714,-0.00020473770519396353,2.985298993476768e-07,0.1829582505863205
17.979,2mer-0+668,-0.00018200900127227939,0.000182304733093378,-0.06783640556720882,-0.06783640556720882,-0.00012274,-0.00018200900127227939,6.047786115696436e-07,0.1829582505863205
17.981,2mer-0+469,-0.00018907310727868796,0.00018923685768563854,-0.1329391367501302,-0.1329391367501302,-0.00012375,-0.00018907310727868796,2.6045377645135386e-07,0.1829582505863205
18.012,2mer-0+517,-0.00011138239800647679,0.00011125439887487073,0.10108896347920496,0.10108896347920496,-5.759e-05,-0.00011138239800647679,7.743249519784819e-07,0.1829582505863205
18.029,2mer-0+528,-0.00016984662878163022,0.0001696528240917577,0.0319107499175395,0.0319107499175395,-0.00014034,-0.00016984662878163022,3.6313191874581465e-07,0.1829582505863205
18.054,2mer-0+692,-0.00022291985031750198,0.0002231751439741899,-0.04130171137215853,-0.04130171137215853,-0.00011668,-0.00022291985031750198,1.1845945448762107e-06,0.1829582505863205
18.078,2mer-0+690,-0.00018182210744091087,0.00018153645811507467,0.08138787770607303,0.08138787770607303,-0.00015423,-0.00018182210744091087,1.1114846156825405e-06,0.1829582505863205
18.091,2mer-0+515,-9.136442161326375e-05,9.126310398166027e-05,0.13186946622104667,0.13186946622104667,-6.31e-05,-9.136442161326375e-05,7.739213299349976e-07,0.1829582505863205
18.098,2mer-0+455,-0.00015061448246293994,0.00015087830958992888,-0.14001746493237802,-0.14001746493237802,-0.00011175,-0.00015061448246293994,4.861312236663413e-07,0.1829582505863205
18.1,2mer-0+473,-0.00014681871499307793,0.00014661869063619572,0.1430076947712546,0.1430076947712546,-9.546e-05,-0.00014681871499307793,2.1803781188104893e-06,0.1829582505863205
18.123,2mer-0+621,-0.0001285644167521339,0.00012850083667574388,-0.00869401997399938,-0.00869401997399938,-0.00010802,-0.0001285644167521339,1.4509055827360865e-06,0.1829582505863205
18.139,2mer-0+758,-0.0002573750334301472,0.00025684439772953393,0.12858732331592534,0.12858732331592534,-0.00012076,-0.0002573750334301472,5.861837999216193e-07,0.1829582505863205
18.155,2mer-0+422,-0.00017732347878199168,0.00017703317368347474,0.1548057766369874,0.1548057766369874,-0.00011278,-0.00017732347878199168,8.284684910433663e-07,0.1829582505863205
18.157,2mer-0+724,-0.00018168298105691026,0.00018194056135790643,-0.056196372822461114,-0.056196372822461114,-0.00010875,-0.00018168298105691026,5.989212378571699e-07,0.1829582505863205
18.172,2mer-0+482,-0.00021313947767616053,0.00021355847395790922,-0.07493619918204669,-0.07493619918204669,-0.00013605,-0.00021313947767616053,3.3401068616290954e-07,0.1829582505863205
18.177,2mer-0+498,-0.00021005802380729668,0.00021044747234829681,-0.08939689984572612,-0.08939689984572612,-0.00012437,-0.00021005802380729668,5.161818507951938e-07,0.1829582505863205
18.218,2mer-0+767,-0.00010862932074559007,0.0001087565728306533,-0.1320104726348774,-0.1320104726348774,-7.334e-05,-0.00010862932074559007,1.6968375411058549e-06,0.1829582505863205
18.225,2mer-0+647,-0.00015858974422125192,0.00015878325977141693,-0.15002644156255937,-0.15002644156255937,-0.00010889,-0.00015858974422125192,1.61641573518547e-06,0.1829582505863205
18.241,2mer-0+649,-7.899570270379886e-05,7.894271725138313e-05,0.09547260939986654,0.09547260939986654,-4.072e-05,-7.899570270379886e-05,6.653752479673663e-07,0.1829582505863205
18.262,2mer-0+631,-0.0003035117516671614,0.0003042408016822019,-0.24356356556815087,-0.24356356556815087,-0.00022411,-0.0003035117516671614,1.2170697867407327e-06,0.1829582505863205
18.273,2mer-0+608,-0.00022509103330856317,0.0002249223421072844,-0.0008056107414913554,-0.0008056107414913554,-0.00013789,-0.00022509103330856317,2.2960037819355186e-07,0.1829582505863205
18.276,2mer-0+606,-0.0002446312132763821,0.0002440811619989549,0.19438709626490394,0.19438709626490394,-0.00018047,-0.0002446312132763821,1.6191071685075034e-06,0.1829582505863205
18.303,2mer-0+593,-0.00016842544420042591,0.00016865416724403813,-0.048344115965043934,-0.048344115965043934,-0.00011722,-0.00016842544420042591,1.5924585008249176e-06,0.1829582505863205
18.309,2mer-0+568,-8.427006660804004e-05,8.417266090253961e-05,0.13198983048317456,0.13198983048317456,-5.579e-05,-8.427006660804004e-05,1.0563282773767248e-06,0.1829582505863205
18.322,2mer-0+546,-0.00019218623292244626,0.000192482701456719,-0.07092461474889863,-0.07092461474889863,-0.00011,-0.00019218623292244626,1.032584708321684e-06,0.1829582505863205
18.323,2mer-0+529,-0.0001738479635292914,0.0001739559678348846,-0.11238248910411912,-0.11238248910411912,-0.0001128,-0.0001738479635292914,6.401390152203534e-07,0.1829582505863205
18.327,2mer-0+574,-0.00024267558856757882,0.00024220561447680223,0.13271312521899334,0.13271312521899334,-0.00011762,-0.00024267558856757882,4.0142840062699553e-07,0.1829582505863205
18.336,2mer-0+525,-0.00018308122530267298,0.00018335937612669348,-0.05912891684280057,-0.05912891684280057,-0.00010287,-0.00018308122530267298,8.351421295594853e-07,0.1829582505863205
18.354,2mer-0+475,-0.00016526738059768114,0.00016543993183833376,-0.13953036968024235,-0.13953036968024235,-0.00010887,-0.00016526738059768114,2.195218296805402e-06,0.1829582505863205
18.357,2mer-0+780,-0.00011604434789888605,0.00011612004585056378,-0.12204708177851081,-0.12204708177851081,-5.64e-05,-0.00011604434789888605,4.988126315216292e-07,0.1829582505863205
18.393,2mer-0+566,-0.00015646188082397172,0.00015635877414940292,-0.0037647150740022436,-0.0037647150740022436,-0.00010786,-0.00015646188082397172,2.3181463282016982e-06,0.1829582505863205
18.412,2mer-0+734,-0.00015373680649332811,0.00015354777585175965,0.040879441707855325,0.040879441707855325,-0.00012591,-0.00015373680649332811,9.908393577855202e-07,0.1829582505863205
18.418,2mer-0+570,-0.0002191535636317219,0.00021882832228450135,0.08227269601116867,0.08227269601116867,-0.00010169,-0.0002191535636317219,4.376949204087812e-07,0.1829582505863205
18.455,2mer-0+708,-0.00017136298982173208,0.00017108578115734974,0.10137316573804907,0.10137316573804907,-0.00015052,-0.00017136298982173208,3.032308579273112e-07,0.1829582505863205
18.477,2mer-0+738,-0.0003873459672414199,0.00038640488661765085,0.30543503201734135,0.30543503201734135,-0.00024017,-0.0003873459672414199,1.4986597662754391e-06,0.1829582505863205
18.503,2mer-0+507,-0.00011746980920685546,0.00011730606341187077,0.1123123507015978,0.1123123507015978,-6.504e-05,-0.00011746980920685546,5.381146263436098e-07,0.1829582505863205
18.55,2mer-0+691,-0.00023918562877279714,0.00023863748948355133,0.1998889550619806,0.1998889550619806,-0.00016552,-0.00023918562877279714,5.13191101740558e-07,0.1829582505863205
18.553,2mer-0+731,-0.00014707123797144987,0.00014732489114670772,-0.17268778220331668,-0.17268778220331668,-0.00010239,-0.00014707123797144987,8.850188969099693e-07,0.1829582505863205
18.584,2mer-0+533,-8.378538651025006e-05,8.370938171773642e-05,0.11821245656885751,0.11821245656885751,-5.647e-05,-8.378538651025006e-05,8.885341561723418e-07,0.1829582505863205
18.618,2mer-0+635,-0.0003036712411136432,0.0003044064028607594,-0.2351725210104995,-0.2351725210104995,-0.00021848,-0.0003036712411136432,-8.483645018426922e-08,0.1829582505863205
18.627,2mer-0+483,-0.00015681345449178213,0.0001569825954134431,-0.025833992444299576,-0.025833992444299576,-0.00010086,-0.00015681345449178213,2.9955725453197524e-07,0.1829582505863205
18.639,2mer-0+540,-0.0001537241978993352,0.00015389591212704542,-0.03069445099074093,-0.03069445099074093,-0.00010245,-0.0001537241978993352,2.351337496649734e-06,0.1829582505863205
18.64,2mer-0+613,-0.00012094690506327083,0.0001208009003960104,0.03314022147736839,0.03314022147736839,-9.298e-05,-0.00012094690506327083,1.2762231426468285e-06,0.1829582505863205
18.641,2mer-0+650,-6.94670246290609e-05,6.951078669165292e-05,-0.07633838691983008,-0.07633838691983008,-5.101e-05,-6.94670246290609e-05,3.613369402793373e-07,0.1829582505863205
18.673,2mer-0+715,-0.00023172648986789746,0.0002312065202175843,0.19606550718178503,0.19606550718178503,-0.00016012,-0.00023172648986789746,1.5315451556659471e-06,0.1829582505863205
18.698,2mer-0+687,-0.000126855923203727,0.00012673355875260118,0.12002106755883854,0.12002106755883854,-7.795e-05,-0.000126855923203727,4.0699174223658947e-07,0.1829582505863205
18.705,2mer-0+660,-0.00021800598603478451,0.0002184447321153149,-0.17353399412640846,-0.17353399412640846,-0.00015543,-0.00021800598603478451,3.011392655435009e-07,0.1829582505863205
18.714,2mer-0+669,-7.945395618926144e-05,7.94715343926218e-05,-0.07409332237150049,-0.07409332237150049,-5.567e-05,-7.945395618926144e-05,9.590841326509466e-07,0.1829582505863205
18.724,2mer-0+620,-0.00016199522028950648,0.00016223325763130986,-0.055018104743028824,-0.055018104743028824,-0.00010579,-0.00016199522028950648,1.7160562331292015e-06,0.1829582505863205
18.776,2mer-0+526,-0.00014893437006087656,0.00014868687514422004,0.033058256638143255,0.033058256638143255,-9.74e-05,-0.00014893437006087656,7.105872577554675e-07,0.1829582505863205
18.777,2mer-0+774,-0.0001225866577329492,0.00012248287845638309,-0.038549776806932175,-0.038549776806932175,-5.266e-05,-0.0001225866577329492,4.7480629560682886e-07,0.1829582505863205
18.811,2mer-0+532,-0.0001465266301105159,0.0001467822616725991,-0.1590486774323767,-0.1590486774323767,-0.00010307,-0.0001465266301105159,5.252311738163613e-07,0.1829582505863205
18.815,2mer-0+654,-0.0002167115628190924,0.0002162937331654294,0.1215376436291389,0.1215376436291389,-9.699e-05,-0.0002167115628190924,4.186958220604153e-07,0.1829582505863205
18.817,2mer-0+798,-0.0001460219528372709,0.0001458402508426953,-0.006834033993000067,-0.006834033993000067,-6.291e-05,-0.0001460219528372709,7.426000417043577e-07,0.1829582505863205
18.826,2mer-0+615,-8.173724429164138e-05,8.166543181650439e-05,0.08492754319249901,0.08492754319249901,-4.037e-05,-8.173724429164138e-05,3.1815345961720467e-07,0.1829582505863205
18.827,2mer-0+689,-7.923719470413057e-05,7.919974555172108e-05,0.09533889987961779,0.09533889987961779,-5.621e-05,-7.923719470413057e-05,1.0033465178814755e-06,0.1829582505863205
18.836,2mer-0+500,-0.00014131947466351072,0.0001414980479666775,-0.12521769694889587,-0.12521769694889587,-8.421e-05,-0.00014131947466351072,1.2414756206694751e-06,0.1829582505863205
18.838,2mer-0+775,-0.00012107868544142295,0.00012098189447233168,-0.012427927739643192,-0.012427927739643192,-8.996e-05,-0.00012107868544142295,1.4648582264127876e-06,0.1829582505863205
18.877,2mer-0+612,-0.00011218856785624148,0.00011209071566395959,0.11707882552564539,0.11707882552564539,-5.274e-05,-0.00011218856785624148,2.682211882864053e-07,0.1829582505863205
18.882,2mer-0+663,-0.00017779111646466496,0.00017812214831588444,-0.07494940051106969,-0.07494940051106969,-0.00011724,-0.00017779111646466496,7.573615005035498e-07,0.1829582505863205
18.898,2mer-0+609,-0.00011599617046767006,0.00011587715681795203,0.022191616467735504,0.022191616467735504,-9.025e-05,-0.00011599617046767006,4.857197022644399e-07,0.1829582505863205
18.948,2mer-0+723,-0.00013044442845551031,0.00013061311291579682,-0.04456219277846817,-0.04456219277846817,-8.477e-05,-0.00013044442845551031,1.3897792184057263e-06,0.1829582505863205
18.974,2mer-0+729,-0.00028528242487985817,0.0002846879963057372,0.24755491640463825,0.24755491640463825,-0.0001783,-0.00028528242487985817,6.37135955327322e-07,0.1829582505863205
18.994,2mer-0+802,-8.263679593434628e-05,8.265456113704079e-05,-0.05664817233311278,-0.05664817233311278,-6.2e-05,-8.263679593434628e-05,1.533425436975238e-06,0.1829582505863205
19.017,2mer-0+740,-0.00015718779027227672,0.00015729773236242912,-0.11465055075574335,-0.11465055075574335,-9.347e-05,-0.00015718779027227672,1.8863587016804792e-06,0.1829582505863205
19.039,2mer-0+667,-7.743383659462214e-05,7.750449782068165e-05,-0.09683652988200865,-0.09683652988200865,-5.496e-05,-7.743383659462214e-05,1.0033514819122855e-06,0.1829582505863205
19.073,2mer-0+670,-0.00010275030173865814,0.00010263356375499174,0.03096112043211038,0.03096112043211038,-7.769e-05,-0.00010275030173865814,1.031493078765299e-06,0.1829582505863205
19.098,2mer-0+751,-0.00015391498130085387,0.0001540845064663785,-0.038021254415473466,-0.038021254415473466,-9.112e-05,-0.00015391498130085387,1.5605790685650366e-07,0.1829582505863205
19.118,2mer-0+725,-0.00019586348866224124,0.00019545809397956287,0.1726105475051776,0.1726105475051776,-0.00013625,-0.00019586348866224124,3.841620028210001e-07,0.1829582505863205
19.126,2mer-0+518,-0.00012906865247418187,0.00012922880732642406,-0.14642102167858012,-0.14642102167858012,-7.233e-05,-0.00012906865247418187,7.002004279438205e-07,0.1829582505863205
19.133,2mer-0+512,-0.00014213782875392293,0.00014228500694160012,-0.02223459283035514,-0.02223459283035514,-9.026e-05,-0.00014213782875392293,5.575258441231497e-07,0.1829582505863205
19.137,2mer-0+771,-0.00011782112482035561,0.00011768977106953215,0.001574663439142211,0.001574663439142211,-8.322e-05,-0.00011782112482035561,1.048770592801951e-06,0.1829582505863205
19.188,2mer-0+622,-0.00013451012391297223,0.00013468334909363415,-0.026331861428007308,-0.026331861428007308,-7.618e-05,-0.00013451012391297223,2.0989109808851976e-07,0.1829582505863205
19.205,2mer-0+712,-7.944017936196778e-05,7.939010229128395e-05,0.08433450981846255,0.08433450981846255,-4.59e-05,-7.944017936196778e-05,2.5510221852735265e-07,0.1829582505863205
19.21,2mer-0+657,-0.0001158207770892751,0.00011574174969863056,0.0018453458450117515,0.0018453458450117515,-7.877e-05,-0.0001158207770892751,2.1278767941098577e-07,0.1829582505863205
19.212,2mer-0+658,-6.647621721115175e-05,6.640700757394626e-05,0.11880082203223269,0.11880082203223269,-3.96e-05,-6.647621721115175e-05,1.441269222078783e-07,0.1829582505863205
19.222,2mer-0+677,-0.0001133802344276491,0.00011339616443177437,0.03595333519122662,0.03595333519122662,-5.394e-05,-0.0001133802344276491,2.537399703661618e-07,0.1829582505863205
19.229,2mer-0+763,-7.954692044696638e-05,7.963608234354296e-05,-0.1143179024066652,-0.1143179024066652,-6.325e-05,-7.954692044696638e-05,1.8629942004825836e-06,0.1829582505863205
19.283,2mer-0+536,-0.0001368070064798335,0.00013696850413873448,-0.13062300943342617,-0.13062300943342617,-7.176e-05,-0.0001368070064798335,3.928287730421117e-07,0.1829582505863205
19.283,2mer-0+850,-0.0001318703881413703,0.00013199439974272747,-0.02597805175247917,-0.02597805175247917,-6.581e-05,-0.0001318703881413703,3.642092604659198e-07,0.1829582505863205
19.306,2mer-0+551,-0.00016454489419136467,0.00016435950724355425,0.05272886716292503,0.05272886716292503,-6.788e-05,-0.00016454489419136467,6.326075649225754e-07,0.1829582505863205
19.308,2mer-0+816,-8.611391910874737e-05,8.608707581231559e-05,-0.06209235379528618,-0.06209235379528618,-3.153e-05,-8.611391910874737e-05,2.998993955359443e-07,0.1829582505863205
19.319,2mer-0+564,-0.00010572862191764766,0.00010559633142298205,0.1419215804254402,0.1419215804254402,-5.551e-05,-0.00010572862191764766,9.445191212695456e-07,0.1829582505863205
19.342,2mer-0+646,-0.0001311505375335422,0.00013120213615439542,-0.086079254345076,-0.086079254345076,-8.36e-05,-0.0001311505375335422,1.064110814669767e-06,0.1829582505863205
19.347,2mer-0+855,-0.00011866575195393176,0.00011868241063954525,-0.07836428451180086,-0.07836428451180086,-4.775e-05,-0.00011866575195393176,1.7094922169690299e-06,0.1829582505863205
19.362,2mer-0+872,-0.00013956170358614335,0.00013937140713691083,0.019304449770825127,0.019304449770825127,-5.337e-05,-0.00013956170358614335,6.964968925420115e-07,0.1829582505863205
19.401,2mer-0+713,-0.00015144261534014755,0.0001512509989755768,0.05310970699575091,0.05310970699575091,-7.029e-05,-0.00015144261534014755,8.38733557022831e-07,0.1829582505863205
19.401,2mer-0+555,-0.00011885378515207989,0.00011898401149889094,-0.13057178235032807,-0.13057178235032807,-7.836e-05,-0.00011885378515207989,3.2883057697252494e-07,0.1829582505863205
19.405,2mer-0+901,-6.374559107150186e-05,6.370515724310928e-05,0.07817539259536833,0.07817539259536833,-1.718e-05,-6.374559107150186e-05,2.6963935955455864e-07,0.1829582505863205
19.421,2mer-0+849,-0.00010736844955465597,0.00010729373936072358,-0.0018875990586467676,-0.0018875990586467676,-8.573e-05,-0.00010736844955465597,7.377688761612433e-07,0.1829582505863205
19.45,2mer-0+726,-0.00010263480685608872,0.00010253972961052193,0.018962046948658832,0.018962046948658832,-7.051e-05,-0.00010263480685608872,1.5194309904203386e-06,0.1829582505863205
19.453,2mer-0+520,-0.00010776423296447736,0.00010763141805397231,0.1400712890346048,0.1400712890346048,-5.193e-05,-0.00010776423296447736,2.146156859853392e-06,0.1829582505863205
19.465,2mer-0+678,-0.0001886025005299423,0.00018821626413553696,0.1565980123396946,0.1565980123396946,-0.00012723,-0.0001886025005299423,4.724327780060717e-07,0.1829582505863205
19.475,2mer-0+793,-0.00017910729244402388,0.00017875788064676288,0.16343695100406658,0.16343695100406658,-0.0001238,-0.00017910729244402388,1.6831386581586961e-06,0.1829582505863205
19.502,2mer-0+829,-5.920657436477304e-05,5.926638831493215e-05,-0.10981671658624681,-0.10981671658624681,-3.065e-05,-5.920657436477304e-05,2.8529378696208745e-07,0.1829582505863205
19.503,2mer-0+794,-0.00013075658386400423,0.00013056980248096073,0.09656572882416853,0.09656572882416853,-0.00011837,-0.00013075658386400423,6.331797914134593e-07,0.1829582505863205
19.513,2mer-0+772,-0.0001254254976192885,0.00012522407068541562,0.038519184194511516,0.038519184194511516,-8.105e-05,-0.0001254254976192885,8.318543023160107e-07,0.1829582505863205
19.543,2mer-0+879,-0.00016287679788178032,0.00016263537253218395,0.09594099351699588,0.09594099351699588,-7.026e-05,-0.00016287679788178032,2.070415132601858e-06,0.1829582505863205
19.557,2mer-0+560,-0.00010238081649470978,0.00010247306221721603,-0.10801104361228678,-0.10801104361228678,-7.341e-05,-0.00010238081649470978,4.603482821083664e-07,0.1829582505863205
19.567,2mer-0+760,-7.518300688211363e-05,7.511471977894855e-05,0.1119267433654869,0.1119267433654869,-3.527e-05,-7.518300688211363e-05,2.9480817902747573e-07,0.1829582505863205
19.599,2mer-0+709,-6.330103634437774e-05,6.334380559552172e-05,-0.08305139300146916,-0.08305139300146916,-3.695e-05,-6.330103634437774e-05,1.558185081676008e-06,0.1829582505863205
19.664,2mer-0+722,-6.851431944603889e-05,6.85626281326308e-05,-0.10406472712099175,-0.10406472712099175,-2.595e-05,-6.851431944603889e-05,1.756890658401494e-06,0.1829582505863205
19.664,2mer-0+554,-9.518843252823882e-05,9.515058635976795e-05,0.09108909916533343,0.09108909916533343,-4.777e-05,-9.518843252823882e-05,1.8860849235093278e-06,0.1829582505863205
19.672,2mer-0+755,-0.00014216786257008492,0.00014193294833710017,0.1360579360274968,0.1360579360274968,-0.00012079,-0.00014216786257008492,5.384504515017891e-07,0.1829582505863205
19.687,2mer-0+638,-8.291718653285164e-05,8.300051596239972e-05,-0.12156866559760297,-0.12156866559760297,-3.83e-05,-8.291718653285164e-05,1.1834225796479472e-06,0.1829582505863205
19.707,2mer-0+923,-5.257139685151229e-05,5.254403081363565e-05,0.07146340953889731,0.07146340953889731,-1.238e-05,-5.257139685151229e-05,5.728435072393487e-07,0.1829582505863205
19.714,2mer-0+641,-8.988800314833644e-05,8.999986324280007e-05,-0.11914586545549982,-0.11914586545549982,-6.269e-05,-8.988800314833644e-05,1.62493787844775e-06,0.1829582505863205
19.733,2mer-0+610,-6.591966937736121e-05,6.587700585965996e-05,0.096922567028877,0.096922567028877,-4.05e-05,-6.591966937736121e-05,2.0349634272061394e-06,0.1829582505863205
19.735,2mer-0+661,-9.240685608162278e-05,9.234639915913603e-05,0.0034929938364636408,0.0034929938364636408,-7.248e-05,-9.240685608162278e-05,1.2246082846618888e-06,0.1829582505863205
19.739,2mer-0+945,-7.559595602512133e-05,7.568352888853804e-05,-0.1209815640441025,-0.1209815640441025,-4.685e-05,-7.559595602512133e-05,1.7502148785157274e-06,0.1829582505863205
19.756,2mer-0+595,-9.066714724833029e-05,9.055124225802883e-05,0.1031846132353526,0.1031846132353526,-5.065e-05,-9.066714724833029e-05,2.0597795999505306e-06,0.1829582505863205
19.767,2mer-0+954,-6.714778252316637e-05,6.709770124335486e-05,0.08241686155104598,0.08241686155104598,-1.732e-05,-6.714778252316637e-05,4.973838550278714e-07,0.1829582505863205
19.767,2mer-0+742,-6.488295572698049e-05,6.494033307995683e-05,-0.10025907946516116,-0.10025907946516116,-3.926e-05,-6.488295572698049e-05,5.989456161342321e-08,0.1829582505863205
19.795,2mer-0+679,-0.0001517556493238468,0.0001515531061803532,0.08609585422019204,0.08609585422019204,-7.431e-05,-0.0001517556493238468,1.0421130932561856e-06,0.1829582505863205
19.807,2mer-0+799,-0.00020652403054848326,0.00020694877110407272,-0.20414977388897523,-0.20414977388897523,-0.0001521,-0.00020652403054848326,1.3085153117638785e-06,0.1829582505863205
19.821,2mer-0+602,-0.0001143845542074291,0.00011456918054016837,-0.1396900561085213,-0.1396900561085213,-7.931e-05,-0.0001143845542074291,1.0328131237023505e-07,0.1829582505863205
19.829,2mer-0+642,-0.00010222515726392834,0.00010211866875769047,0.027983146922000376,0.027983146922000376,-8.044e-05,-0.00010222515726392834,3.46076603132129e-07,0.1829582505863205
19.833,2mer-0+863,-0.00020354498229826272,0.00020315366915250123,0.1513416004725038,0.1513416004725038,-9.252e-05,-0.00020354498229826272,9.602697589625226e-07,0.1829582505863205
19.849,2mer-0+900,-0.0002269666230735475,0.00022651554236458306,0.18444670021396312,0.18444670021396312,-0.00011027,-0.0002269666230735475,9.089885023228183e-07,0.1829582505863205
19.851,2mer-0+710,-0.00016066302116833804,0.0001604307817122691,0.11096533629966841,0.11096533629966841,-8.588e-05,-0.00016066302116833804,1.700526015880359e-06,0.1829582505863205
19.869,2mer-0+655,-0.00010154466705484811,0.00010151647173594044,-0.018789081753406375,-0.018789081753406375,-7.408e-05,-0.00010154466705484811,2.2208553512714346e-07,0.1829582505863205
19.869,2mer-0+680,-0.0001296360170552533,0.00012947778820966759,0.04958847287767722,0.04958847287767722,-4.425e-05,-0.0001296360170552533,2.2748511371738594e-07,0.1829582505863205
19.91,2mer-0+931,-0.00011592401331496348,0.00011577984985165144,0.13138364112441783,0.13138364112441783,-4.568e-05,-0.00011592401331496348,2.435449995633993e-06,0.1829582505863205
19.943,2mer-0+644,-0.00010330337954607523,0.00010338852252608278,-0.003412902727195951,-0.003412902727195951,-4.855e-05,-0.00010330337954607523,8.224177124925504e-07,0.1829582505863205
19.977,2mer-0+747,-7.251185411523069e-05,7.256780191749419e-05,-0.09363691529523638,-0.09363691529523638,-3.923e-05,-7.251185411523069e-05,4.7510782725814073e-07,0.1829582505863205
19.988,2mer-0+848,-0.000199426249613708,0.0001998216905295078,-0.19702243968872346,-0.19702243968872346,-0.00014326,-0.000199426249613708,1.0078536062020694e-06,0.1829582505863205
