distance,nmer_name,Uind_md,Udf,Unb,Ues,Uind_sapt,Ues_sapt,time_per_system
2.024,2mer-0+5,-5.717264903527064,6.835041376440963,-33.951666207699546,-21.399359927731492,-8.35117493,-38.68140341,0.015087364656239869
2.06,2mer-0+3,-19.07580299483068,25.206327772854085,-106.24305623047887,-61.960925462794165,-19.31478247,-77.14253326,0.015087364656239869
2.634,2mer-0+16,-1.382403609791234,1.4792005885866448,-20.275871289778397,-17.414267091400525,-4.20639041,-27.40313034,0.015087364656239869
2.714,2mer-0+4,-0.7356296872432786,0.688909285976233,2.0097829936409206,3.434321966860409,-0.7452011,3.06139092,0.015087364656239869
3.049,2mer-0+7,-0.5251522035981822,0.49300249012264424,4.230662093374247,5.248816787095073,-0.48873542,5.70873332,0.015087364656239869
3.103,2mer-0+14,-0.20806015752795112,0.2141326862332001,-6.398349454570692,-5.976156610809537,-0.31529863,-7.40256599,0.015087364656239869
3.105,2mer-0+2,-1.794481804324884,1.6785988032628438,8.713022036155392,12.186102643743128,-1.94265142,8.74866813,0.015087364656239869
3.272,2mer-0+1,-2.8853002723482244,3.2686487155835002,-20.469481415409682,-14.31553242747798,-1.93524178,-13.22578445,0.015087364656239869
3.363,2mer-0+19,-1.483421220059112,1.5479483755167907,-9.009216765597314,-5.977847170021398,-1.0171938,-5.09948732,0.015087364656239869
4.353,2mer-0+10,-0.06616384715273206,0.0650477875599262,3.207585670957678,3.338797305670331,-0.0660252,3.96686918,0.015087364656239869
4.624,2mer-0+11,-0.13208740273560376,0.13462297156021985,-1.0767764578282386,-0.8100660835324149,-0.12704044,-0.67255465,0.015087364656239869
4.85,2mer-0+37,-0.21923750933727848,0.21919381619184067,-3.4282007955380536,-2.9897694700089343,-0.21996744,-3.64356913,0.015087364656239869
4.875,2mer-0+27,-0.2791377327076235,0.28659676807281337,-7.409363799931243,-6.843629299150802,-0.18782778,-5.89402001,0.015087364656239869
4.892,2mer-0+13,-0.2351739908849505,0.22756699878073994,3.659349929660269,4.122090919325966,-0.2104886,4.78645543,0.015087364656239869
5.147,2mer-0+30,-0.0736949646574224,0.07188861933782276,2.6524047192507534,2.7979883032459982,-0.05633351,3.53229223,0.015087364656239869
5.341,2mer-0+26,-0.13968980909970843,0.1363755697279795,2.036648593190517,2.3127139720182126,-0.12829079,2.68942214,0.015087364656239869
5.423,2mer-0+9,-0.04606456831776821,0.04567367972336864,1.9091585803823996,2.00089682842355,-0.03783228,2.50038996,0.015087364656239869
5.489,2mer-0+17,-0.07240410576963133,0.0730025290749598,-1.3754210994435274,-1.2300144645989362,-0.05377211,-1.82455707,0.015087364656239869
5.576,2mer-0+40,-0.06371158964627448,0.06221580670361161,2.012317660300993,2.1382450566508635,-0.04231353,2.20229527,0.015087364656239869
5.703,2mer-0+21,-0.06484279824168196,0.06527081884461335,-0.3054277696404995,-0.17531415255420033,-0.0415412,-0.10092353,0.015087364656239869
5.762,2mer-0+29,-0.03347306366522434,0.03324482311788778,-0.07100916829443331,-0.004291281511325047,-0.02616356,-0.41252926,0.015087364656239869
5.87,2mer-0+35,-0.020425378697909287,0.020214233641996666,1.9425966408252084,1.983236253165124,-0.01813547,2.19737683,0.015087364656239869
6.119,2mer-0+32,-0.017544945054234623,0.017699237603222083,-1.6802933521443841,-1.6450491694869311,-0.01735822,-1.92441523,0.015087364656239869
6.266,2mer-0+12,-0.07291914819097456,0.0744702986058155,-2.9640057667561472,-2.8166163199593535,-0.0531891,-3.17471956,0.015087364656239869
6.31,2mer-0+46,-0.0529061454320872,0.05365917293654682,-2.4826751410983094,-2.3761098227296755,-0.04157511,-2.82639989,0.015087364656239869
6.438,2mer-0+24,-0.044430007638886854,0.043984416503134574,1.955416110938781,2.043830535080818,-0.03453829,2.03668282,0.015087364656239869
6.45,2mer-0+22,-0.03178968470239764,0.03179312957467429,0.4271698982772331,0.4907527125543185,-0.02014162,0.55400655,0.015087364656239869
6.498,2mer-0+58,-0.053210879498454974,0.05331705042523396,0.22190582342522713,0.3284337533489238,-0.03583405,0.67763612,0.015087364656239869
6.67,2mer-0+39,-0.02723154268002857,0.027374146100827813,-0.21024687373125497,-0.15564118495042367,-0.01785419,-0.08233552,0.015087364656239869
6.731,2mer-0+23,-0.047305167940117514,0.04691098681433942,0.4320701483560028,0.526286303110454,-0.03533757,0.74914953,0.015087364656239869
6.858,2mer-0+63,-0.035993815749077264,0.036423530168560106,-2.322546299493617,-2.2501289535759605,-0.03068251,-2.81357513,0.015087364656239869
6.878,2mer-0+71,-0.018292296971468225,0.018121676334988915,0.5999506071168604,0.6363645804233176,-0.01859567,1.02469646,0.015087364656239869
6.885,2mer-0+67,-0.013017333431513994,0.013058446347897195,0.11689972697978324,0.1429755067591944,-0.01421986,0.10855976,0.015087364656239869
6.919,2mer-0+47,-0.020227478234208025,0.019980044229495904,1.3678305198655172,1.4080380423292076,-0.01612128,1.73268214,0.015087364656239869
6.972,2mer-0+80,-0.016755240431056345,0.01677991271628785,0.2294690823009737,0.2630042354483237,-0.01655975,0.14060994,0.015087364656239869
7.204,2mer-0+68,-0.014887668230867103,0.014749331147567227,0.8920193723493834,0.9216563717278217,-0.01716557,1.55524972,0.015087364656239869
7.358,2mer-0+57,-0.01991411139682883,0.019818904310459174,-0.1123587535697818,-0.07262573786250538,-0.01728524,-0.11432931,0.015087364656239869
7.499,2mer-0+38,-0.00965390241197211,0.009700542798747665,-0.994217414517978,-0.9748629693072544,-0.00639007,-1.18538435,0.015087364656239869
7.654,2mer-0+52,-0.018118313814751163,0.01826531704669051,-0.7693702859960893,-0.7329866551346457,-0.01289847,-0.73659198,0.015087364656239869
7.679,2mer-0+45,-0.010019850624474391,0.010016573144119916,0.4209794758709088,0.44101589963949916,-0.00914403,0.61290606,0.015087364656239869
7.703,2mer-0+93,-0.020372881375529124,0.02035105368737152,-0.7528100403671217,-0.7120861053042249,-0.01550731,-0.72830457,0.015087364656239869
7.711,2mer-0+55,-0.008342879933143161,0.008389421206029429,-1.081279531046936,-1.06454722990775,-0.00563375,-1.20333804,0.015087364656239869
7.794,2mer-0+77,-0.013755282119021528,0.013634187314664675,0.37134905895767484,0.39873852839134755,-0.00814828,0.15681941,0.015087364656239869
8.057,2mer-0+33,-0.011729919665295086,0.01169933052124084,0.8610888476182293,0.8845180978047749,-0.00874431,1.12816387,0.015087364656239869
8.174,2mer-0+87,-0.004470888665301402,0.004474236574157571,0.2604958132385217,0.2694409384779807,-0.00481969,0.36559221,0.015087364656239869
8.189,2mer-0+62,-0.004995327090541923,0.005001209758162843,-0.30858491759779016,-0.2985883807490758,-0.00393494,-0.31215451,0.015087364656239869
8.288,2mer-0+108,-0.007992833495909844,0.007974248151506939,-0.16974679148292188,-0.1537797098355109,-0.0065977,-0.18021976,0.015087364656239869
8.322,2mer-0+89,-0.015926039107812838,0.016011453950068002,-1.46742118633909,-1.4354836932811996,-0.01101467,-1.24136308,0.015087364656239869
8.542,2mer-0+112,-0.01819223663222191,0.018013605899885134,1.794437206860929,1.830643049393038,-0.01513539,1.88143023,0.015087364656239869
8.555,2mer-0+56,-0.008789218084597834,0.00883870468989356,-0.8165152708583272,-0.7988873480838415,-0.00688638,-1.02600504,0.015087364656239869
8.557,2mer-0+79,-0.015322728125563264,0.015189419996764948,1.3761728493969088,1.4066849975192237,-0.01353703,1.65796786,0.015087364656239869
8.602,2mer-0+129,-0.008282408203804211,0.008264557107855636,0.5479108431871428,0.5644578084987988,-0.00671695,0.54582026,0.015087364656239869
8.613,2mer-0+78,-0.0032642618538768205,0.003263795311634093,-0.1733542818827064,-0.166826224717182,-0.00262805,-0.19183327,0.015087364656239869
8.709,2mer-0+137,-0.003069891784723866,0.0030790449131363755,-0.7582426438285842,-0.752093707130724,-0.0033142,-0.96637562,0.015087364656239869
8.715,2mer-0+96,-0.004184617534627493,0.004166068978161863,0.8399921999741954,0.8483428864869866,-0.00341327,0.8914266,0.015087364656239869
8.756,2mer-0+41,-0.0073682906020506676,0.007348784131084445,0.5154488646079063,0.5301659393410414,-0.00497218,0.58664279,0.015087364656239869
8.862,2mer-0+81,-0.012479457048847587,0.012576437909516304,-1.235074026804818,-1.2100181318464618,-0.00852,-1.18714044,0.015087364656239869
8.887,2mer-0+50,-0.0049363644091236425,0.004952475655144999,-0.6764034153050356,-0.6665145752407707,-0.00341105,-0.83106947,0.015087364656239869
8.954,2mer-0+73,-0.010271580059539579,0.010203459952598994,0.7258593242505774,0.7463343642627122,-0.00823303,0.92255311,0.015087364656239869
8.957,2mer-0+95,-0.009129197201631361,0.009186984186980529,-1.0476350523692635,-1.0293188709806593,-0.00800647,-1.30517729,0.015087364656239869
8.973,2mer-0+94,-0.01088741138493854,0.010969978051054421,-0.9739417640922823,-0.952084374656297,-0.0072401,-0.8436871,0.015087364656239869
9.033,2mer-0+103,-0.005075581808465846,0.005049769381555743,0.47587850539950816,0.48600385658953943,-0.00582837,0.82607806,0.015087364656239869
9.06,2mer-0+99,-0.005444491201157362,0.0054504395086853894,0.14429678520918104,0.155191715919018,-0.00375905,0.23859733,0.015087364656239869
9.1,2mer-0+142,-0.014502011360030174,0.014378497425500753,1.7909224620008768,1.8198029707864134,-0.0123059,1.89939293,0.015087364656239869
9.116,2mer-0+74,-0.003907103938146535,0.0039110844717505705,-0.36361430379199966,-0.35579611538211603,-0.00331069,-0.54742595,0.015087364656239869
9.27,2mer-0+66,-0.003838730217874499,0.003850507472466104,-0.462839094728462,-0.4551498570381214,-0.00282964,-0.48811489,0.015087364656239869
9.32,2mer-0+150,-0.0018890808618149432,0.0018945717901183731,-0.619692241797569,-0.6159085891456356,-0.00194994,-0.75516947,0.015087364656239869
9.416,2mer-0+106,-0.003601686857002924,0.0036167626987678855,-0.8102384782604495,-0.8030200287046787,-0.00258717,-0.8453605,0.015087364656239869
9.417,2mer-0+53,-0.006476355967153362,0.006510249981158531,-0.8660551924361857,-0.85306858648787,-0.00500828,-1.00000121,0.015087364656239869
9.44,2mer-0+117,-0.008148836441594653,0.008095151526742768,0.7511713533197562,0.7674153412880897,-0.00639739,0.74392553,0.015087364656239869
9.53,2mer-0+168,-0.0029229118960234744,0.0029273853732741163,-0.6075082925872408,-0.6016579953179452,-0.00294604,-0.79730108,0.015087364656239869
9.551,2mer-0+90,-0.00256821933339671,0.002576741194896838,-0.6172937965598069,-0.6121488360315037,-0.00229987,-0.69635562,0.015087364656239869
9.604,2mer-0+125,-0.008514355963627427,0.008459904895863521,1.032139117881952,1.0491133787414544,-0.0076884,1.26898885,0.015087364656239869
9.627,2mer-0+61,-0.007162797512747189,0.007161277961663466,-0.3223479098367919,-0.30802383436239095,-0.00509861,-0.28792693,0.015087364656239869
9.687,2mer-0+102,-0.006088969517919424,0.006047982535255747,0.6551582232470842,0.6672951753002768,-0.00335491,0.54526527,0.015087364656239869
9.691,2mer-0+86,-0.004550932273038182,0.004562262616671009,-0.09942672196358811,-0.09031352707389047,-0.00405659,-0.29798308,0.015087364656239869
9.759,2mer-0+97,-0.003946274627531464,0.003926218824794087,0.5110867378044301,0.5189592312567615,-0.00323463,0.62697361,0.015087364656239869
9.804,2mer-0+145,-0.00529363812337907,0.005284842481518673,0.46520460521222917,0.47578308581712886,-0.00394427,0.60574425,0.015087364656239869
9.844,2mer-0+132,-0.004400161930198249,0.004375841500843078,0.702963642133292,0.7117396455643449,-0.00342873,0.8704562,0.015087364656239869
9.852,2mer-0+119,-0.004314993300806802,0.004291213931528956,0.4377572505197456,0.44636345775208525,-0.00229964,0.29310062,0.015087364656239869
9.962,2mer-0+76,-0.00427153310193979,0.004259120124218746,0.6382863397244394,0.6468169929505998,-0.00315938,0.65697119,0.015087364656239869
10.051,2mer-0+88,-0.0035708435050974727,0.003574544607060323,-0.4396597699154387,-0.4325143818032751,-0.00265903,-0.39909927,0.015087364656239869
10.074,2mer-0+148,-0.004038311015483712,0.004017032901359992,0.680557673044018,0.6886130169608637,-0.00315019,0.83461029,0.015087364656239869
10.126,2mer-0+110,-0.005974072282246038,0.006005860723222555,-0.8392251895801458,-0.8272452565746916,-0.00426153,-0.84183303,0.015087364656239869
10.165,2mer-0+91,-0.0036282940549625955,0.0036349905280629938,0.10588563312472483,0.11314891770775042,-0.00252858,0.18566954,0.015087364656239869
10.171,2mer-0+140,-0.004057458522325624,0.00407533547796132,-0.3106015729998851,-0.3024687789995982,-0.00275355,-0.17032069,0.015087364656239869
10.175,2mer-0+114,-0.0031977504104806257,0.003197335990630928,-0.28920248602809767,-0.28280739962698037,-0.00269533,-0.34935541,0.015087364656239869
10.241,2mer-0+83,-0.0034999729855329557,0.003503054499814887,0.14579638009504614,0.1527994075803882,-0.00271028,0.0466782,0.015087364656239869
10.358,2mer-0+146,-0.001292382591629944,0.0012925033627033508,-0.15414532941350595,-0.15156044345918424,-0.00104521,-0.1996233,0.015087364656239869
10.438,2mer-0+126,-0.0030683399776771287,0.0030757752286394795,-0.16324591932424848,-0.15710180411793767,-0.00293151,-0.36057316,0.015087364656239869
10.513,2mer-0+169,-0.0024779638796178323,0.002475898616043906,-0.1916605653993576,-0.18670670290369007,-0.0016321,-0.31902482,0.015087364656239869
10.527,2mer-0+116,-0.0022899983000828914,0.002291510514882492,-0.3522889009175779,-0.3477073921026144,-0.00182604,-0.35352928,0.015087364656239869
10.541,2mer-0+111,-0.004021277479490865,0.0039995188689742976,0.5353851759163083,0.5434059722647618,-0.00237521,0.47163777,0.015087364656239869
10.593,2mer-0+149,-0.0012434739548105767,0.0012428623491483794,0.23545686787729866,0.23794320418126727,-0.00126044,0.326882,0.015087364656239869
10.617,2mer-0+92,-0.0030659180343701057,0.003069943090591729,-0.42341564168417184,-0.4172797805592158,-0.00215207,-0.37220316,0.015087364656239869
10.635,2mer-0+107,-0.003467554259479081,0.0034593246499280772,0.007506771660940924,0.014433650570365436,-0.00246815,0.07519331,0.015087364656239869
10.773,2mer-0+188,-0.002433760187832604,0.002437692687850822,-0.3907015269684264,-0.38583007409274683,-0.00189566,-0.46518832,0.015087364656239869
10.792,2mer-0+170,-0.004192180081374358,0.0042109431103854325,-0.8314401426711198,-0.8230370194793599,-0.0034437,-0.96061589,0.015087364656239869
10.876,2mer-0+154,-0.002564960564028002,0.0025544874982288087,0.46504434118578325,0.4701637892480458,-0.00197366,0.55384874,0.015087364656239869
10.891,2mer-0+221,-0.005213560893450713,0.005186687711128178,1.0059323515993486,1.0163326002039372,-0.00432787,1.08847386,0.015087364656239869
10.963,2mer-0+82,-0.0025678138117429623,0.002564977585431703,0.4027069605730178,0.4078397519701886,-0.00183534,0.49721994,0.015087364656239869
11.006,2mer-0+208,-0.0029663516227954514,0.0029665038784544937,-0.33335395964959647,-0.3274211041483562,-0.00208175,-0.31543826,0.015087364656239869
11.07,2mer-0+118,-0.001609479502995718,0.0016072270351448895,0.308688183096006,0.31190488963414853,-0.00142664,0.40572379,0.015087364656239869
11.121,2mer-0+201,-0.003825032183239079,0.0038404282371914547,-0.7623531382108797,-0.7546876777904492,-0.00298703,-0.85387534,0.015087364656239869
11.13,2mer-0+204,-0.0008320823378692788,0.0008337545142349627,-0.4003606481307788,-0.39869481127867845,-0.00078543,-0.46834947,0.015087364656239869
11.197,2mer-0+222,-0.0026217041550374203,0.0026155369758469223,0.4751779339816279,0.48041517511251797,-0.00197384,0.5081709,0.015087364656239869
11.237,2mer-0+182,-0.0016469675288817368,0.0016423747557646096,0.10463018331933206,0.10791952560396684,-0.00091572,-0.01661429,0.015087364656239869
11.302,2mer-0+100,-0.0016833961374603235,0.0016865033671272164,-0.3883820678513344,-0.3850121683467661,-0.00122936,-0.48075502,0.015087364656239869
11.321,2mer-0+147,-0.0008988911476715159,0.0008972598418809513,0.37280543928282944,0.37460159027238,-0.00077458,0.45611715,0.015087364656239869
11.336,2mer-0+234,-0.0010532369986374901,0.0010535169145102095,-0.16513101383635628,-0.16302425992320857,-0.00109405,-0.10961735,0.015087364656239869
11.377,2mer-0+133,-0.0009732173752059706,0.0009718660085934328,0.33617661694194906,0.33812170032575806,-0.0008228,0.43147277,0.015087364656239869
11.39,2mer-0+136,-0.0013507098727449877,0.0013483478878418902,0.2809671592169145,0.28366621697750916,-0.00077512,0.27348617,0.015087364656239869
11.434,2mer-0+115,-0.0018177700715676912,0.001823108932726058,-0.41888096307336325,-0.4152400840690618,-0.00134111,-0.45337086,0.015087364656239869
11.456,2mer-0+165,-0.0021960700883674284,0.002190496720540446,0.04894709578230945,0.05333366259121539,-0.00164022,-0.00277102,0.015087364656239869
11.46,2mer-0+245,-0.001662382044738819,0.001662871457410192,-0.3420560324636481,-0.3387307789615068,-0.00140908,-0.45052149,0.015087364656239869
11.492,2mer-0+196,-0.002057347258277932,0.0020498299413270744,0.4311793534675114,0.43528653066710865,-0.00159286,0.50150333,0.015087364656239869
11.615,2mer-0+130,-0.0014039023455257285,0.001400958884543039,0.31377301328545487,0.31657787451552366,-0.00082024,0.30635275,0.015087364656239869
11.629,2mer-0+183,-0.002483849111791067,0.002493005363975316,-0.5898053409996626,-0.5848284865238914,-0.00209087,-0.68883156,0.015087364656239869
11.695,2mer-0+180,-0.0013729594490970033,0.0013698361659439328,0.1704111146646183,0.17315391027966887,-0.00149783,0.31035479,0.015087364656239869
11.715,2mer-0+219,-0.002731692264491952,0.0027222254975466788,0.4733261397678224,0.4787800575298668,-0.00236533,0.62054633,0.015087364656239869
11.735,2mer-0+104,-0.0017103226306141724,0.0017067605444922652,0.34650310814378715,0.3499201913188974,-0.00122953,0.39746655,0.015087364656239869
11.807,2mer-0+174,-0.0020052418296447167,0.0020111889870068887,-0.3794617139958467,-0.3754452831791913,-0.00171169,-0.49292788,0.015087364656239869
11.812,2mer-0+246,-0.0008294817905525155,0.0008292994580446394,-0.08567462902999505,-0.08401584778139404,-0.00092708,-0.00439385,0.015087364656239869
11.863,2mer-0+223,-0.00216224558869222,0.0021662286210822335,-0.5045191815013929,-0.5001907072916184,-0.00153846,-0.44534646,0.015087364656239869
11.864,2mer-0+138,-0.0015843242890936176,0.0015885682884283763,-0.41328380332087217,-0.41011091074335015,-0.00130978,-0.51107668,0.015087364656239869
11.909,2mer-0+120,-0.0016458960344182716,0.001644658332344396,0.2892352526363075,0.2925258070030702,-0.00117175,0.27670642,0.015087364656239869
11.976,2mer-0+190,-0.0009834771635323539,0.0009815005191805828,0.3906501747884692,0.3926151524711918,-0.00074965,0.40384305,0.015087364656239869
11.977,2mer-0+266,-0.0008952082172385656,0.000896124894431405,-0.24767795825693775,-0.24588662514527165,-0.00083206,-0.24428833,0.015087364656239869
11.993,2mer-0+211,-0.001191637911679077,0.0011944679694901657,-0.4753838274300308,-0.4729977215488693,-0.00090115,-0.47675394,0.015087364656239869
11.996,2mer-0+185,-0.0009998987611234008,0.0010004029279050907,-0.2432627434410439,-0.24126244175202602,-0.00083575,-0.27052354,0.015087364656239869
12.062,2mer-0+217,-0.001186130403065903,0.0011857368506054179,0.18027788092505512,0.18264974817872834,-0.00088423,0.24250883,0.015087364656239869
12.218,2mer-0+160,-0.0016358238814132167,0.0016303752423124538,0.30708373025012814,0.3103499293738577,-0.001045,0.27500296,0.015087364656239869
12.245,2mer-0+218,-0.0013161405835469707,0.001318140134898895,-0.08830356638863272,-0.08566928567019359,-0.00121481,-0.21713298,0.015087364656239869
12.255,2mer-0+200,-0.0011205801528127585,0.001122111540570016,0.04550789957036867,0.04775059126374374,-0.00080974,0.13789083,0.015087364656239869
12.264,2mer-0+131,-0.0015774097497007053,0.0015794173270627363,-0.3320523031200731,-0.3288954760433068,-0.00106918,-0.30580125,0.015087364656239869
12.269,2mer-0+189,-0.0008290225586683991,0.0008281041546471271,0.20437235352646968,0.2060294802397775,-0.00048529,0.20696216,0.015087364656239869
12.349,2mer-0+176,-0.001886479659173399,0.0018921797377655714,-0.4166804953689265,-0.41290183597198366,-0.00137941,-0.43126944,0.015087364656239869
12.361,2mer-0+195,-0.0020112277730041173,0.0020178104962033654,-0.49767028654084167,-0.493641248271639,-0.00154822,-0.54376559,0.015087364656239869
12.364,2mer-0+206,-0.0005796951225761315,0.0005787207249200765,0.3234253489455872,0.3245837647930796,-0.00048257,0.37715767,0.015087364656239869
12.517,2mer-0+158,-0.0007190706667329892,0.0007185139115977332,0.2470453088087226,0.24848289338705526,-0.00057001,0.32795631,0.015087364656239869
12.525,2mer-0+273,-0.0019788052948403376,0.001984264024540596,-0.46753376348247666,-0.46357069416309765,-0.0014545,-0.50293753,0.015087364656239869
12.608,2mer-0+187,-0.0007817717628899777,0.0007827060687134606,-0.2393044148633573,-0.23773993703175772,-0.00069372,-0.32820692,0.015087364656239869
12.674,2mer-0+141,-0.001111628012177039,0.0011137428122749578,-0.35138072155403505,-0.34915535072958304,-0.0008812,-0.40554377,0.015087364656239869
12.709,2mer-0+143,-0.0014169579396212878,0.0014181563317584244,-0.27193596722319596,-0.2691008529518143,-0.0010102,-0.29163364,0.015087364656239869
12.743,2mer-0+193,-0.0015328366226999117,0.0015373367667587212,-0.4003736241393837,-0.39730345074991646,-0.00119186,-0.44773772,0.015087364656239869
12.843,2mer-0+232,-0.0021775464157479333,0.002170262017124486,0.6580685279461664,0.6624163363790293,-0.00177035,0.72102631,0.015087364656239869
12.87,2mer-0+227,-0.001020015274622973,0.0010176829527455418,0.21299971749198762,0.21503741571936386,-0.0007759,0.23571755,0.015087364656239869
12.886,2mer-0+163,-0.0009351331011573693,0.0009333524596583433,0.27979377891237717,0.2816622644731929,-0.00056846,0.28079948,0.015087364656239869
12.898,2mer-0+326,-0.0005631605311174448,0.0005626830210242906,0.18813629367342535,0.18926213722556806,-0.00041965,0.19559658,0.015087364656239869
12.898,2mer-0+260,-0.00044717131468712836,0.00044735017749138043,-0.1338044568488399,-0.13290993535666043,-0.0003778,-0.17911247,0.015087364656239869
12.984,2mer-0+199,-0.0008910097850044459,0.0008890745459529234,0.17878206310925052,0.1805621474402156,-0.00075713,0.2219527,0.015087364656239869
12.999,2mer-0+321,-0.0004305861585996304,0.0004303407302097312,0.1579222250433062,0.15878315193210785,-0.00033708,0.1775105,0.015087364656239869
13.002,2mer-0+178,-0.0013168200910274675,0.001316939726446115,-0.2203200301617993,-0.2176862703443315,-0.00093834,-0.12837742,0.015087364656239869
13.008,2mer-0+244,-0.001581920421204192,0.0015863666658296506,-0.42421775564833425,-0.42104946856129943,-0.00119443,-0.44881334,0.015087364656239869
13.021,2mer-0+255,-0.001983609974808614,0.001977243812364061,0.6147152691569591,0.6186761229441289,-0.00160275,0.67122132,0.015087364656239869
13.06,2mer-0+302,-0.0013569608453203861,0.0013533530172834501,0.21285308055379876,0.21556339441640646,-0.00095331,0.15408908,0.015087364656239869
13.077,2mer-0+212,-0.0005685384814266803,0.0005693929016287912,-0.28266734962899603,-0.2815294182459483,-0.00048535,-0.31429657,0.015087364656239869
13.085,2mer-0+329,-0.0015448436135245898,0.0015403280543341896,0.33557692846548065,0.3386621001333442,-0.00107376,0.29788151,0.015087364656239869
13.088,2mer-0+202,-0.0012783497116004244,0.0012779409916163418,-0.1556056533157225,-0.15304936261250188,-0.00095701,-0.04764613,0.015087364656239869
13.116,2mer-0+179,-0.0010275347244534932,0.0010275064979019012,-0.19714392976053252,-0.19508888853817133,-0.00070228,-0.19490775,0.015087364656239869
13.153,2mer-0+184,-0.0008789085842211302,0.0008784494996200386,0.23127634735733413,0.2330337054411811,-0.00062691,0.28373828,0.015087364656239869
13.266,2mer-0+322,-0.0012130330582743394,0.0012159031889707557,-0.34379247824090114,-0.3413635419936474,-0.00101753,-0.41461365,0.015087364656239869
13.266,2mer-0+294,-0.0009731993377057157,0.0009719396146145623,0.2811674145753992,0.2831125535277176,-0.00074806,0.34680267,0.015087364656239869
13.286,2mer-0+299,-0.0004689239672758598,0.0004687985167124254,-0.05100451862335851,-0.0500667961393683,-0.00052889,0.01591963,0.015087364656239869
13.34,2mer-0+310,-0.0011206885064433548,0.0011234016868854832,-0.33877696612072145,-0.3365328759273868,-0.00099389,-0.41074591,0.015087364656239869
13.376,2mer-0+230,-0.0007092324952194392,0.0007096169536361603,-0.20248706319034931,-0.201068213741513,-0.00057197,-0.2477729,0.015087364656239869
13.415,2mer-0+240,-0.0009977599312755053,0.0010001291220979966,-0.29766324770854663,-0.29566535865517024,-0.00083478,-0.34397476,0.015087364656239869
13.432,2mer-0+353,-0.0014581931523031226,0.0014541999069207505,0.44434260260416997,0.4472549956633861,-0.00112023,0.49832882,0.015087364656239869
13.47,2mer-0+290,-0.000525681274213396,0.0005253268948020571,-0.06686083762246832,-0.06580982945345286,-0.00033796,-0.14092896,0.015087364656239869
13.509,2mer-0+316,-0.0006182035849345104,0.0006187680005288172,-0.22510797438084135,-0.22387100279537608,-0.00047297,-0.28409042,0.015087364656239869
13.528,2mer-0+203,-0.0007848350801928153,0.000783887917457074,0.277817334031545,0.2793860570291949,-0.00054018,0.28567782,0.015087364656239869
13.55,2mer-0+259,-0.0003743731005256796,0.0003741340444172257,0.16418556522549518,0.16493407237043614,-0.00034941,0.22316679,0.015087364656239869
13.579,2mer-0+354,-0.0005517530921611363,0.0005525029491125458,-0.26030355941581845,-0.2591993033745409,-0.00047524,-0.28623661,0.015087364656239869
13.651,2mer-0+249,-0.0014418233983839234,0.0014379220688908474,0.4835989168575357,0.4864786623248134,-0.00110687,0.53350376,0.015087364656239869
13.662,2mer-0+267,-0.0007765959822247092,0.0007749229152246645,0.2115122752987639,0.2130637941962152,-0.0006345,0.25545456,0.015087364656239869
13.669,2mer-0+304,-0.0003270255569705618,0.00032743482569425145,-0.24238620163053093,-0.24173174124786323,-0.00028529,-0.27531591,0.015087364656239869
13.731,2mer-0+280,-0.000763446218339324,0.0007618832476153747,0.1986577357166612,0.20018306518261783,-0.00058776,0.21242602,0.015087364656239869
13.763,2mer-0+330,-0.0007528504068154017,0.0007541373960711705,-0.30929165479824783,-0.30778466699536705,-0.00060402,-0.35767245,0.015087364656239869
13.773,2mer-0+384,-0.0005341144650391688,0.0005335244389290219,0.20774587011121715,0.20881350901518436,-0.0003695,0.20980179,0.015087364656239869
13.824,2mer-0+379,-0.0007045143602327508,0.0007044931479057462,-0.1806337894341835,-0.17922478192605368,-0.00050032,-0.23058544,0.015087364656239869
13.854,2mer-0+328,-0.0009271135575100674,0.000924884420046176,0.3518200920673206,0.3536720900448788,-0.00071975,0.41972877,0.015087364656239869
13.88,2mer-0+198,-0.0008977728033909924,0.0008982822345920469,-0.24653674723770763,-0.2447406921997217,-0.00062056,-0.1943888,0.015087364656239869
13.892,2mer-0+332,-0.0007675484850049924,0.0007662361265841935,0.043805258010534705,0.04533904262212486,-0.00053751,-0.02070369,0.015087364656239869
14.01,2mer-0+214,-0.0006974401944989291,0.0006988231631670528,-0.2934242717699111,-0.29202800841223353,-0.00053439,-0.32429953,0.015087364656239869
14.019,2mer-0+345,-0.0008356343328286661,0.0008336918217839829,0.29980994680660733,0.30147927296122284,-0.00061869,0.34053889,0.015087364656239869
14.032,2mer-0+257,-0.0006098178157398902,0.0006095905808537285,-0.1333187406316214,-0.13209933223502587,-0.00043378,-0.17852519,0.015087364656239869
14.047,2mer-0+285,-0.00038684983965989194,0.00038660047750552386,0.13832096831444676,0.13909441863161798,-0.00023986,0.15063789,0.015087364656239869
14.05,2mer-0+250,-0.00036185696909907353,0.0003621912817020867,-0.2020685305389783,-0.20134448228818774,-0.00026806,-0.24971843,0.015087364656239869
14.056,2mer-0+374,-0.00025671468790503226,0.0002566026382048044,0.12817373024926074,0.1286870475753696,-0.00020165,0.15593875,0.015087364656239869
14.065,2mer-0+413,-0.0010925866229434505,0.0010899094614943144,0.3188184861013674,0.3210009821857984,-0.00073197,0.30204575,0.015087364656239869
14.066,2mer-0+191,-0.0006524860026268372,0.0006521018092120578,0.20749024356964813,0.20879483138148894,-0.00043672,0.24344093,0.015087364656239869
14.069,2mer-0+237,-0.0007836818632264088,0.0007852880416511762,-0.2274130933734165,-0.2258441234685389,-0.00060512,-0.25736191,0.015087364656239869
14.102,2mer-0+270,-0.0007728454632959753,0.0007744363040831934,-0.1653122825886975,-0.16376500082131737,-0.00052769,-0.10067406,0.015087364656239869
14.109,2mer-0+297,-0.0006561692654296347,0.0006548511469539056,0.19972480874294601,0.20103582915533533,-0.00053704,0.23561233,0.015087364656239869
14.125,2mer-0+268,-0.0008346040336503932,0.0008342524568244312,-0.09767176442712666,-0.09600290793666148,-0.000644,-0.00488921,0.015087364656239869
14.142,2mer-0+387,-0.0008573934690472058,0.0008589270097218717,-0.24051053981330203,-0.23879421933453487,-0.00065361,-0.28546066,0.015087364656239869
14.147,2mer-0+307,-0.0011312724527624393,0.001128531776671112,0.40236432552719875,0.40462412975663326,-0.00085503,0.43822599,0.015087364656239869
14.15,2mer-0+277,-0.0006239849986141465,0.0006228829386266227,0.15382502125707426,0.15507188919431694,-0.00050368,0.18596364,0.015087364656239869
14.183,2mer-0+373,-0.0007807146388368025,0.0007794786141964728,0.3059787133946895,0.30753890664772277,-0.00055933,0.33752782,0.015087364656239869
14.226,2mer-0+289,-0.0006053292849668324,0.0006063567304688775,-0.08864782526794877,-0.08743613925250729,-0.00042574,-0.01873771,0.015087364656239869
14.228,2mer-0+194,-0.0005426913161497674,0.0005432287760820052,-0.21825429237542324,-0.21716837228318953,-0.00041687,-0.26872547,0.015087364656239869
14.247,2mer-0+301,-0.00038335231952879795,0.0003835257214255275,-0.16241341302300508,-0.16164653498204495,-0.00031883,-0.1930285,0.015087364656239869
14.267,2mer-0+317,-0.0002981472442075977,0.0002977751425570161,0.2362742004586502,0.23687012284541867,-0.00023115,0.26452846,0.015087364656239869
14.27,2mer-0+197,-0.0006374331475158407,0.000636681406413169,0.26523587390357267,0.2665099884574998,-0.00043839,0.28225508,0.015087364656239869
14.35,2mer-0+341,-0.0006915250184053982,0.0006928664103636648,-0.2349426742832799,-0.23355828285451274,-0.00061983,-0.28153257,0.015087364656239869
14.43,2mer-0+371,-0.0008027887220208423,0.0008014176477629802,0.17949104999817825,0.18109525636795626,-0.00063479,0.26102125,0.015087364656239869
14.454,2mer-0+395,-0.0006438393921876087,0.0006439792556849567,-0.17673990232095793,-0.17545208367308632,-0.00042175,-0.16864551,0.015087364656239869
14.485,2mer-0+286,-0.00030902944617503854,0.0003093528976481943,-0.20824681606485598,-0.20762843372103662,-0.00023108,-0.24508056,0.015087364656239869
14.489,2mer-0+229,-0.0004009089708401416,0.0004007510301456286,0.16543514935988332,0.1662368093608691,-0.00029244,0.22064101,0.015087364656239869
14.525,2mer-0+251,-0.0003189565068687834,0.0003191811981352615,-0.17285546114462721,-0.1722173234396309,-0.00024049,-0.22143264,0.015087364656239869
14.547,2mer-0+340,-0.0008189692488599704,0.0008205591921823482,-0.25990092451371744,-0.2582613960726723,-0.00060417,-0.26409208,0.015087364656239869
14.563,2mer-0+254,-0.0003867875288602655,0.000386406625999218,0.18556654595198216,0.18633974010683585,-0.00033085,0.23855191,0.015087364656239869
14.586,2mer-0+411,-0.0005226667213432019,0.0005217479598182929,0.19815674253850835,0.19920115721967271,-0.00047934,0.26824115,0.015087364656239869
14.606,2mer-0+359,-0.0007081264798058071,0.0007066599721456922,0.3189899465502641,0.3204047330022185,-0.00057614,0.39057068,0.015087364656239869
14.609,2mer-0+253,-0.0005679024360683289,0.0005668571001436625,0.14885060990265328,0.14998536943886817,-0.0003941,0.13440202,0.015087364656239869
14.631,2mer-0+220,-0.000634532678559498,0.0006351883635738048,-0.23462122684593933,-0.23335150580380795,-0.00042048,-0.23100299,0.015087364656239869
14.699,2mer-0+406,-0.0007538697518729408,0.0007550485996694343,-0.21232647736871574,-0.210817559017183,-0.00051913,-0.21723268,0.015087364656239869
14.729,2mer-0+343,-0.0004839937718533424,0.00048437757545006675,-0.024563918679850524,-0.02359554733255097,-0.00040546,-0.09590297,0.015087364656239869
14.743,2mer-0+409,-0.000518640956142304,0.0005177285705470661,0.22802710797301334,0.22906347749971526,-0.00050146,0.31720829,0.015087364656239869
14.745,2mer-0+275,-0.0003725639695138253,0.0003723559550350687,0.1588780663798421,0.15962298630439486,-0.00026505,0.12874899,0.015087364656239869
14.753,2mer-0+311,-0.0003434427994469896,0.00034342120870631986,0.12573859480168084,0.12642545880983705,-0.00025647,0.17780472,0.015087364656239869
14.762,2mer-0+309,-0.0004009071312712715,0.00040051248695399997,0.04746358790833053,0.0482650075265587,-0.00042139,0.10511669,0.015087364656239869
14.788,2mer-0+256,-0.000375874430808296,0.00037557518546665945,0.18879171048459079,0.18954316010085998,-0.00026001,0.17189737,0.015087364656239869
14.797,2mer-0+282,-0.0006620599493797869,0.0006633232162030317,-0.17888298506163597,-0.1775576018960541,-0.00044896,-0.13150748,0.015087364656239869
14.853,2mer-0+303,-0.0002578232773317391,0.0002580375755299899,-0.13199424938078214,-0.13147838852792137,-0.00020105,-0.13716136,0.015087364656239869
14.884,2mer-0+239,-0.0004708766239424709,0.0004701939692583727,0.21516008377737603,0.2161011543705769,-0.00029926,0.22335864,0.015087364656239869
14.896,2mer-0+225,-0.00046939957973024163,0.000468787878519274,0.21244939657043937,0.2133875840286918,-0.00034925,0.24769301,0.015087364656239869
14.985,2mer-0+315,-0.0005167602559116261,0.0005174757281930281,-0.13143692665937157,-0.13040269067526497,-0.00040791,-0.18377249,0.015087364656239869
15.0,2mer-0+382,-0.0003921843967156618,0.0003926864238696209,-0.26495263701151356,-0.26416776619092147,-0.00030522,-0.26031406,0.015087364656239869
15.07,2mer-0+366,-0.0003424364323337248,0.00034277365428452103,-0.0005349857253922159,0.00015022436122506594,-0.00025276,0.05972382,0.015087364656239869
15.071,2mer-0+429,-0.0005219916590631859,0.0005210339287076992,0.1892536117424284,0.19029663733020025,-0.0003726,0.19821904,0.015087364656239869
15.115,2mer-0+295,-0.0005659119941517972,0.0005668355995786163,-0.18455427267071173,-0.18342152507699,-0.00040807,-0.19759536,0.015087364656239869
15.175,2mer-0+298,-0.00027179874102124254,0.00027207980461670453,-0.15269752625755256,-0.1521536477119175,-0.00020875,-0.1565772,0.015087364656239869
15.287,2mer-0+312,-0.0006758476851463183,0.0006746539835042877,0.2598545828517628,0.2612050845204086,-0.00045604,0.28922024,0.015087364656239869
15.295,2mer-0+397,-0.0006614058114536835,0.0006625968226221989,-0.3002877697266283,-0.2989637670925553,-0.00053912,-0.34891523,0.015087364656239869
15.301,2mer-0+494,-0.00037387847040795674,0.0003734610181009422,0.19891037477834758,0.19965771426686033,-0.00023519,0.20287649,0.015087364656239869
15.302,2mer-0+459,-0.00037784845997783964,0.0003773133331124619,0.12171002998957314,0.12246519178267117,-0.00032842,0.15828152,0.015087364656239869
15.302,2mer-0+396,-0.00039370487252637015,0.0003931149094839952,0.13536030008834427,0.13614711987035655,-0.00031963,0.15192292,0.015087364656239869
15.307,2mer-0+284,-0.0003944431091990507,0.00039499216703757105,-0.2231465739897211,-0.2223571387134758,-0.00033368,-0.2743845,0.015087364656239869
15.315,2mer-0+408,-0.00032554599050735875,0.00032537748799295736,0.13527300762069733,0.13592393109919862,-0.00024941,0.17469468,0.015087364656239869
15.32,2mer-0+401,-0.0003419976022843047,0.0003417586003535231,-0.05749582054443641,-0.056812064341800514,-0.00022803,-0.11081796,0.015087364656239869
15.33,2mer-0+338,-0.0003628615257299611,0.00036234342284900543,0.07861172767756115,0.07933693262613915,-0.00019922,0.02153747,0.015087364656239869
15.391,2mer-0+352,-0.00028342484484872245,0.00028313626354158956,0.2033299129596532,0.20389647406804545,-0.00019275,0.20804827,0.015087364656239869
15.392,2mer-0+361,-0.00018958118973182983,0.00018969210025740192,-0.10496891969952579,-0.10458964640953848,-0.00015051,-0.11382053,0.015087364656239869
15.434,2mer-0+435,-0.0004745521811541743,0.0004749516789894178,-0.22928185636142792,-0.22833235250128628,-0.00033675,-0.20844718,0.015087364656239869
15.459,2mer-0+349,-0.0003641824145678385,0.00036380214597190745,0.06773337654024705,0.06846136110079065,-0.00028007,0.06377915,0.015087364656239869
15.476,2mer-0+431,-0.00022245257864172301,0.00022241688750454703,-0.039866633062124956,-0.03942176359598255,-0.00024551,0.00265877,0.015087364656239869
15.485,2mer-0+337,-0.00037065843800196955,0.00037025517160639766,0.07298000720653573,0.07372092081614505,-0.00029618,0.08641873,0.015087364656239869
15.529,2mer-0+439,-0.0006462406709016571,0.0006473767682842075,-0.3231141022023209,-0.32182048476313313,-0.00055308,-0.3840071,0.015087364656239869
15.548,2mer-0+522,-0.000168868758279767,0.00016898868187614202,-0.17064550770165138,-0.17030765026149644,-0.00013108,-0.2157384,0.015087364656239869
15.553,2mer-0+262,-0.00045907801843279134,0.0004594398801174296,-0.22011853944100135,-0.21920002154245882,-0.00031646,-0.20327614,0.015087364656239869
15.561,2mer-0+339,-0.00027998015723854926,0.0002798869613139191,0.11843766230350022,0.11899752942205366,-0.00019872,0.08447747,0.015087364656239869
15.683,2mer-0+283,-0.00028720613128911963,0.00028694441006741565,0.1907618886937749,0.19133603923513048,-0.00019041,0.18920736,0.015087364656239869
15.73,2mer-0+393,-0.00027064535503482887,0.0002703517365946335,0.03424524745363103,0.034786244545253746,-0.00014988,-0.02061562,0.015087364656239869
15.732,2mer-0+556,-0.00018065323203729405,0.0001807499266437888,-0.15932466345605367,-0.15896326029737642,-0.00013371,-0.20754584,0.015087364656239869
15.745,2mer-0+452,-0.00037513884128784154,0.0003745819600026077,0.20153782383447333,0.20228754463576765,-0.00037906,0.28462939,0.015087364656239869
15.755,2mer-0+389,-0.00020829451706718026,0.00020849845445247041,-0.18638528299389426,-0.18596849002238133,-0.00016091,-0.20918266,0.015087364656239869
15.766,2mer-0+344,-0.00035251964231164585,0.000352006717554981,0.09442807644483481,0.09513260280469854,-0.00020041,0.04491448,0.015087364656239869
15.811,2mer-0+502,-0.00044773851970374894,0.0004482192965936796,-0.11797128712618318,-0.11707532930988962,-0.00030142,-0.13701649,0.015087364656239869
15.825,2mer-0+561,-0.00055412046394688,0.0005531641606669784,0.22183456654851993,0.2229418511731367,-0.00033846,0.21794861,0.015087364656239869
15.828,2mer-0+300,-0.00021789395799214314,0.0002180035647216097,-0.1347827964151408,-0.13434689889242218,-0.00016952,-0.17536578,0.015087364656239869
15.833,2mer-0+346,-0.00035647526723169,0.0003569309849809398,-0.116531868377387,-0.11581846212517437,-0.00029042,-0.13002848,0.015087364656239869
15.853,2mer-0+508,-0.0002819139758244899,0.00028224526500789343,-0.2130875087880868,-0.21252334954725347,-0.00023167,-0.24096177,0.015087364656239869
15.857,2mer-0+433,-0.0001625927005751075,0.0001626637040150092,-0.10209692452406899,-0.10177166811947501,-0.00014165,-0.13640426,0.015087364656239869
15.88,2mer-0+474,-0.00013307009174483506,0.0001330198148836275,0.10011124194145146,0.1003773318480809,-9.78e-05,0.12771286,0.015087364656239869
15.896,2mer-0+417,-0.0004765073028597076,0.00047724439043889653,-0.2103045790469791,-0.20935082735367955,-0.00036272,-0.2367916,0.015087364656239869
15.927,2mer-0+287,-0.0003686048906034052,0.00036887492543189777,-0.17518651650743827,-0.1744490366914039,-0.00025312,-0.19785796,0.015087364656239869
15.928,2mer-0+398,-0.00042126872035627884,0.0004211326076545167,-0.0636411239080716,-0.0627987225800579,-0.0003224,0.00192123,0.015087364656239869
16.021,2mer-0+403,-0.000490858253664565,0.0004901113210071308,0.20066854499246994,0.2016495145671455,-0.00032431,0.21683718,0.015087364656239869
16.029,2mer-0+306,-0.000330239811063516,0.0003304310227044127,-0.18149001433506037,-0.18082934350129534,-0.00021946,-0.19606213,0.015087364656239869
16.038,2mer-0+351,-0.00022713526657077763,0.0002273076237715563,-0.14952098482284717,-0.14906654193250193,-0.00015588,-0.14909718,0.015087364656239869
16.068,2mer-0+369,-0.0004697528530332752,0.0004690493444301065,0.17859227037601796,0.17953107257347364,-0.00032818,0.20764347,0.015087364656239869
16.08,2mer-0+293,-0.0002806663317399091,0.00028091393024786446,-0.17420773937194545,-0.1736461591099596,-0.00022653,-0.19871999,0.015087364656239869
16.108,2mer-0+327,-0.00033277086704337967,0.000333154788119787,-0.09465913450918019,-0.09399320885401798,-0.0002518,-0.10691829,0.015087364656239869
16.12,2mer-0+438,-0.00033038384984775143,0.0003308055778288796,-0.12183569617804631,-0.12117450675036583,-0.0002882,-0.14108804,0.015087364656239869
16.146,2mer-0+446,-0.0004084991105822651,0.00040786067306410116,0.23868781896036811,0.23950417874402125,-0.00034827,0.29578408,0.015087364656239869
16.15,2mer-0+365,-0.00021637923981782857,0.00021655380468559076,-0.1463676588438973,-0.14593472579939387,-0.0001927,-0.19378239,0.015087364656239869
16.185,2mer-0+571,-0.00012907105299993116,0.00012916581844534558,-0.1567029854560672,-0.15644474858462287,-9.817e-05,-0.19170392,0.015087364656239869
16.205,2mer-0+484,-0.0001859446655763598,0.00018598636016599747,-0.1039017466387189,-0.10352981561297943,-0.0001409,-0.14434956,0.015087364656239869
16.216,2mer-0+325,-0.000269373071097681,0.00026915657085832865,0.18164748430734431,0.18218601394930226,-0.00018371,0.21253904,0.015087364656239869
16.232,2mer-0+357,-0.0004068807847932195,0.00040747718082900417,-0.13986397176134158,-0.1390496137957184,-0.0002755,-0.11115062,0.015087364656239869
16.26,2mer-0+449,-0.00047948835238248964,0.00047864099088110943,0.2399176199119616,0.24087574925522517,-0.00031474,0.24419058,0.015087364656239869
16.303,2mer-0+440,-0.00026563347073275826,0.000265369233004915,0.06912825188182348,0.06965925458556019,-0.0002071,0.06222527,0.015087364656239869
16.307,2mer-0+350,-0.00022137667552964835,0.00022161133433989263,-0.1540237572752697,-0.15358076926540018,-0.00016864,-0.15892093,0.015087364656239869
16.337,2mer-0+348,-0.00024461866475251984,0.00024482243087076995,-0.1594399301143832,-0.15895048901875897,-0.00016313,-0.15522361,0.015087364656239869
16.368,2mer-0+377,-0.00025091965741514527,0.0002506730681361459,0.06016065059416088,0.06066224331971603,-0.00022342,0.07885148,0.015087364656239869
16.377,2mer-0+575,-0.00042774179288771803,0.0004271302193345519,0.18422226580866605,0.18507713782088642,-0.00028208,0.21711001,0.015087364656239869
16.424,2mer-0+579,-0.00027464405566663015,0.000274637262303527,-0.1052121828512467,-0.10466290153327944,-0.00016113,-0.12736694,0.015087364656239869
16.435,2mer-0+457,-0.00016529962407223979,0.00016522992917474607,0.09603873498968654,0.0963692645429287,-0.00010788,0.11171896,0.015087364656239869
16.443,2mer-0+372,-0.00040872087369062457,0.00040818127561166676,0.1520175551216835,0.1528344572709829,-0.00026968,0.18077239,0.015087364656239869
16.492,2mer-0+426,-0.00039286181244450825,0.0003923183342897871,0.15474032523983539,0.15552550538656873,-0.00027114,0.17648337,0.015087364656239869
16.512,2mer-0+486,-0.0005381816770046548,0.0005390636422469163,-0.2940094803127595,-0.2929322349935098,-0.00041403,-0.3118081,0.015087364656239869
16.539,2mer-0+415,-0.00016611624065042676,0.00016621692090392328,-0.1249725118639562,-0.12464017870240283,-0.00011645,-0.13014081,0.015087364656239869
16.563,2mer-0+511,-0.0004562248969508007,0.00045689991787915276,-0.27524165024772573,-0.2743285254328977,-0.00040048,-0.33289024,0.015087364656239869
16.572,2mer-0+510,-0.00048768208478255676,0.000488461470736849,-0.25508499524084155,-0.25410885168532404,-0.00036204,-0.26124763,0.015087364656239869
16.603,2mer-0+514,-0.000341879261879018,0.0003422722942797717,-0.12331212343613622,-0.12262797187997454,-0.00024409,-0.11760377,0.015087364656239869
16.608,2mer-0+480,-0.00013011057578192505,0.00013021118904037182,-0.1483653639308709,-0.1481050421660525,-0.00010459,-0.16510796,0.015087364656239869
16.63,2mer-0+461,-0.00042779127867806745,0.000427087377281812,0.23725501180005473,0.23810989045601655,-0.00029313,0.25062963,0.015087364656239869
16.636,2mer-0+400,-0.00016677692255954448,0.0001669072777697886,-0.15001330072339467,-0.1496796165230663,-0.00013695,-0.16492754,0.015087364656239869
16.667,2mer-0+495,-0.00016506484390150754,0.0001651176896178491,0.051585824846390044,0.051916007379909396,-0.0001255,0.09545167,0.015087364656239869
16.678,2mer-0+491,-0.00039448097246073965,0.000393839897456108,0.19496777972209237,0.1957561005920092,-0.00025041,0.18665744,0.015087364656239869
16.709,2mer-0+465,-0.00011518588020914456,0.00011523305774728432,-0.08188256697998349,-0.08165214804202803,-9.3e-05,-0.09416418,0.015087364656239869
16.711,2mer-0+630,-0.00015553183715404307,0.00015557893268798546,-0.12752221901860253,-0.1272111082487586,-0.00010095,-0.16973992,0.015087364656239869
16.74,2mer-0+497,-0.00013973233541816215,0.00013961468362065388,0.15998848045327727,0.16026782747231416,-9.605e-05,0.1737478,0.015087364656239869
16.741,2mer-0+419,-0.00020444629925363072,0.00020454916976104325,-0.12976444988728641,-0.12935545441827848,-0.00014974,-0.15984668,0.015087364656239869
16.747,2mer-0+559,-0.00019795262901867094,0.00019812302227053947,-0.16442434522795,-0.16402826957665886,-0.00016403,-0.19303712,0.015087364656239869
16.761,2mer-0+447,-0.00012918625208562607,0.00012911987932807324,0.10913285309116119,0.10939115922257008,-0.00010721,0.14599398,0.015087364656239869
16.778,2mer-0+590,-0.0002128483521414747,0.0002126606142191586,0.04241009602120244,0.04283560498756789,-0.00017911,0.05198989,0.015087364656239869
16.788,2mer-0+414,-0.0002010509609027479,0.00020111242288927385,-0.1343617698552301,-0.13395960647144192,-0.00012737,-0.1649724,0.015087364656239869
16.788,2mer-0+557,-0.00025568796215696835,0.00025547613181056976,0.16524733729266244,0.16575850138663092,-0.00018564,0.20151715,0.015087364656239869
16.809,2mer-0+367,-0.00025992061394072814,0.0002602417439306108,-0.19039996450284907,-0.1898798021449729,-0.0002043,-0.21424929,0.015087364656239869
16.843,2mer-0+572,-0.000253047293999877,0.0002527480470405102,0.08311007304883239,0.08361586838987181,-0.00018036,0.07385186,0.015087364656239869
16.852,2mer-0+418,-0.0002896442438774884,0.00028996953003728127,-0.09571989342132449,-0.09514027964741165,-0.00021824,-0.10541003,0.015087364656239869
16.906,2mer-0+493,-0.000158208488311438,0.00015811651187498297,-0.013076865563805934,-0.012760540563620477,-9.418e-05,-0.05751948,0.015087364656239869
16.926,2mer-0+569,-0.0002543668482389531,0.0002546575017909623,-0.20334093060500197,-0.202831906254973,-0.00020626,-0.23047664,0.015087364656239869
16.952,2mer-0+390,-0.0002784993244173313,0.000278788931487524,-0.08186509919655954,-0.08130781094065469,-0.00020744,-0.09370213,0.015087364656239869
16.972,2mer-0+490,-0.00014859205228822113,0.00014864937465489263,-0.1092355356477134,-0.10893829422077221,-0.0001147,-0.13439606,0.015087364656239869
16.974,2mer-0+412,-0.00025400727138173034,0.00025369714965166323,0.08077361540294398,0.08128131982398412,-0.00015346,0.04406076,0.015087364656239869
16.99,2mer-0+355,-0.0001931231442502459,0.00019307962085171325,0.10901206151325704,0.109398264278359,-0.00012591,0.14240136,0.015087364656239869
17.061,2mer-0+468,-0.0002763508420188407,0.0002766591295398746,-0.13541957676626046,-0.13486656679471043,-0.00023038,-0.18780703,0.015087364656239869
17.063,2mer-0+334,-0.00024206084982519025,0.00024182400120936358,0.19206557723969017,0.19254946209072568,-0.00015424,0.21114522,0.015087364656239869
17.11,2mer-0+402,-0.00020878641171216062,0.00020865856822630034,0.1442069113459209,0.14462435632586418,-0.00012384,0.14833524,0.015087364656239869
17.112,2mer-0+467,-0.0001708351543018508,0.00017080259111091104,0.08374245920804592,0.0840840969534558,-0.00011458,0.05435137,0.015087364656239869
17.124,2mer-0+549,-0.00019201190126279168,0.00019183055179971905,0.06887334801815098,0.06925719047121254,-0.00015519,0.07025077,0.015087364656239869
17.158,2mer-0+652,-0.00011151103070352198,0.00011156792918859095,-0.10938386677224939,-0.10916078781235053,-0.00010066,-0.10781181,0.015087364656239869
17.197,2mer-0+580,-0.00048159408222556773,0.0004808386437885326,0.3015912606325313,0.3025536933585435,-0.00032203,0.32136214,0.015087364656239869
17.204,2mer-0+535,-0.00040669070314351295,0.00040610769182231667,0.25238213687224076,0.2531949352672056,-0.00029703,0.29530055,0.015087364656239869
17.223,2mer-0+538,-0.00043405092075101835,0.00043468317524904206,-0.2725860513870101,-0.2717173172910062,-0.00034318,-0.29609029,0.015087364656239869
17.243,2mer-0+616,-0.0002537944727696494,0.00025354255701806567,0.18764322187388316,0.18815055890367186,-0.0001629,0.21121295,0.015087364656239869
17.247,2mer-0+481,-0.0002604887891509468,0.0002607759143321588,-0.10586829994076602,-0.10534703523728484,-0.00018158,-0.11318654,0.015087364656239869
17.254,2mer-0+534,-0.00014570155649349162,0.00014569153642390547,-0.08618414658063446,-0.08589275348771128,-8.3e-05,-0.12362118,0.015087364656239869
17.297,2mer-0+375,-0.0001776410021824967,0.00017748955638014966,0.16584145418284935,0.16619658474141197,-0.00010972,0.17395199,0.015087364656239869
17.302,2mer-0+368,-0.00021167074317791898,0.00021145549659939053,0.15397671208833064,0.1543998383281089,-0.00013863,0.16477241,0.015087364656239869
17.315,2mer-0+370,-0.00020043378833224657,0.00020036291139363392,0.11799387080794886,0.11839466750767667,-0.00011682,0.13380702,0.015087364656239869
17.321,2mer-0+356,-0.00018869760577582014,0.00018880251211184646,-0.12800908603243444,-0.1276315859145429,-0.00015096,-0.15546644,0.015087364656239869
17.325,2mer-0+681,-0.00011145121695489875,0.00011152030230688435,-0.12308269801086714,-0.12285972649160631,-9.511e-05,-0.12973811,0.015087364656239869
17.33,2mer-0+404,-0.00020408612167221944,0.0002042485409199521,-0.1498902378776004,-0.1494819032150034,-0.00013143,-0.14565946,0.015087364656239869
17.339,2mer-0+463,-0.00023387560638649246,0.0002341016119510715,-0.09312088642483204,-0.09265290920649064,-0.00017702,-0.13111111,0.015087364656239869
17.356,2mer-0+611,-0.0002688244346853761,0.00026903211615850425,-0.07371991079666951,-0.07318205424582852,-0.00017026,-0.06801214,0.015087364656239869
17.386,2mer-0+671,-0.00021187095148417863,0.00021167347231157267,0.1653148786010359,0.16573842302482875,-0.00011615,0.17222413,0.015087364656239869
17.395,2mer-0+573,-0.00032472350017157805,0.0003251564115451419,-0.17276453791260718,-0.17211465800089049,-0.00023179,-0.16731218,0.015087364656239869
17.405,2mer-0+521,-0.0003394261080111052,0.00033897985275315124,0.19714236295040105,0.19782076891116432,-0.00022391,0.23093424,0.015087364656239869
17.423,2mer-0+430,-0.0002012548181125341,0.00020105467210953108,0.06634450368505801,0.06674681317527911,-0.00015273,0.06007619,0.015087364656239869
17.427,2mer-0+364,-0.00024346618126246735,0.00024365181540942548,-0.15909084264804024,-0.1586037246513722,-0.00015365,-0.16521027,0.015087364656239869
17.444,2mer-0+478,-0.0002284404840101809,0.00022866742391352337,-0.08239125612141111,-0.08193414821348452,-0.0001717,-0.08693333,0.015087364656239869
17.449,2mer-0+578,-0.00021672518887202682,0.0002164836750972591,0.14797121556469256,0.14840442442865898,-0.00022738,0.21091539,0.015087364656239869
17.454,2mer-0+460,-0.0001876345477438711,0.00018754179870046622,0.014076495830826844,0.014451672177264433,-0.00015087,0.01474085,0.015087364656239869
17.47,2mer-0+617,-0.00025847437155031945,0.0002582576946091239,0.06161011307793555,0.062126845144099815,-0.00017663,0.10611308,0.015087364656239869
17.481,2mer-0+629,-0.0004763676726547033,0.0004756400804521776,0.321929873935343,0.32288188168845566,-0.00033222,0.34751532,0.015087364656239869
17.523,2mer-0+442,-0.000276390036407762,0.0002761192606271416,0.10872032892247717,0.1092728382195082,-0.00014929,0.12176571,0.015087364656239869
17.535,2mer-0+544,-0.0002489746778595597,0.0002492429522286535,-0.14468678159024934,-0.14418856396015634,-0.00021868,-0.20131063,0.015087364656239869
17.554,2mer-0+651,-8.451508679395067e-05,8.456899212234057e-05,-0.12820903324130506,-0.12803994916238876,-5.95e-05,-0.15204231,0.015087364656239869
17.566,2mer-0+432,-0.0002705392919937432,0.00027028250269106125,0.09475563756553863,0.09529645936022345,-0.00015591,0.11656591,0.015087364656239869
17.604,2mer-0+548,-0.00018039302514413178,0.000180462968933293,0.004082991472058759,0.0044438474661361825,-0.00012953,-0.03434133,0.015087364656239869
17.638,2mer-0+499,-0.00012476814499410674,0.00012471605331233618,0.11375466788712849,0.11400415208543588,-8.642e-05,0.14280771,0.015087364656239869
17.657,2mer-0+542,-0.0002500549163992191,0.0002497889434505281,0.10136949873609401,0.10186934259594087,-0.00015855,0.11288351,0.015087364656239869
17.66,2mer-0+591,-0.0003565821900763917,0.00035608860516746747,0.22154468546514056,0.2222573562603796,-0.00021256,0.23214098,0.015087364656239869
17.68,2mer-0+565,-0.0001204321427139353,0.0001205263962147614,-0.14827388571242736,-0.14803292717349673,-9.616e-05,-0.16020386,0.015087364656239869
17.705,2mer-0+675,-0.00018218655853778333,0.00018232364912359973,-0.0570670217510991,-0.056702511543433864,-0.00013456,-0.07708681,0.015087364656239869
17.712,2mer-0+424,-0.0002068402239365743,0.0002070000523707219,-0.04883670715458899,-0.04842286687828555,-0.00015062,-0.05869323,0.015087364656239869
17.737,2mer-0+695,-9.238338241041045e-05,9.241807051579119e-05,-0.0884387906405531,-0.0882539891876269,-8.662e-05,-0.08073923,0.015087364656239869
17.741,2mer-0+550,-0.00029284936639135104,0.0002924545199229996,0.19665571860261005,0.19724102248892633,-0.0002107,0.21248542,0.015087364656239869
17.749,2mer-0+605,-0.0003599657019829755,0.00035948459983068407,0.25065333785840965,0.2513727881602271,-0.00027114,0.29549427,0.015087364656239869
17.772,2mer-0+527,-0.00010241995641470466,0.0001024659258509113,-0.09696833504240951,-0.09676344916014679,-7.141e-05,-0.10636563,0.015087364656239869
17.778,2mer-0+420,-0.00012561310126881224,0.00012565733985888257,-0.09922106051738501,-0.09896979007625924,-0.0001011,-0.12897684,0.015087364656239869
17.807,2mer-0+392,-0.00020621191396157004,0.00020636590874004772,-0.16961625352075602,-0.16920367569806405,-0.00014098,-0.17100557,0.015087364656239869
17.831,2mer-0+607,-0.00024476062808967967,0.00024444889246368285,0.12376642492164372,0.12425563444219612,-0.00015356,0.10648032,0.015087364656239869
17.9,2mer-0+479,-0.0001314327352284127,0.0001313294767594168,0.11453214549355362,0.11479490770553662,-6.818e-05,0.11232573,0.015087364656239869
17.963,2mer-0+676,-0.00018551821138974,0.0001855541093525683,-0.10314893815026013,-0.10277786582951591,-0.00010714,-0.09952061,0.015087364656239869
17.979,2mer-0+668,-0.00015935643083684275,0.00015947688707822625,-0.0549836713715493,-0.054664838053635194,-0.00012274,-0.07137068,0.015087364656239869
17.981,2mer-0+469,-0.00016649395843202012,0.00016659437081895914,-0.1484168887721499,-0.1480838004428941,-0.00012375,-0.13149477,0.015087364656239869
18.012,2mer-0+517,-0.00011536772514845857,0.00011528830347194306,0.1027516734328157,0.10298232946143707,-5.759e-05,0.10161883,0.015087364656239869
18.029,2mer-0+528,-0.0001351668552508469,0.00013510827977268055,0.005189937952828712,0.00546021308785224,-0.00014034,0.03128967,0.015087364656239869
18.054,2mer-0+692,-0.00020367135668107852,0.0002037779999083673,-0.03653862145114162,-0.036131172094556026,-0.00011668,-0.04063597,0.015087364656239869
18.078,2mer-0+690,-0.0001410886496002829,0.0001409946174971875,0.04325938952098324,0.043541472788073,-0.00015423,0.08449005,0.015087364656239869
18.091,2mer-0+515,-8.518770905447872e-05,8.515009751800457e-05,0.10491417176845823,0.10508450957502975,-6.31e-05,0.13327366,0.015087364656239869
18.098,2mer-0+455,-0.0001468302245289748,0.00014696541837100902,-0.13597356487929474,-0.13567976923638994,-0.00011175,-0.14231397,0.015087364656239869
18.1,2mer-0+473,-0.00012051424834306129,0.00012043741436728133,0.11414559579734268,0.11438654746005206,-9.546e-05,0.1453617,0.015087364656239869
18.123,2mer-0+621,-0.00010044167510807675,0.00010043502750493885,-0.033566375305073406,-0.03336549860245846,-0.00010802,-0.00889281,0.015087364656239869
18.139,2mer-0+758,-0.00024176887015396728,0.00024149981699951305,0.12985987912154076,0.13034314780870387,-0.00012076,0.13162294,0.015087364656239869
18.155,2mer-0+422,-0.00015315253067356934,0.0001530287335822335,0.13214295891033667,0.13244914017459344,-0.00011278,0.15603076,0.015087364656239869
18.157,2mer-0+724,-0.0001644638259014119,0.00016456269832052127,-0.04048019038601207,-0.040151163861791093,-0.00010875,-0.05817616,0.015087364656239869
18.172,2mer-0+482,-0.00020562336331652202,0.0002058307073660468,-0.08971501378305238,-0.08930355971236982,-0.00013605,-0.07442168,0.015087364656239869
18.177,2mer-0+498,-0.00018660390780802922,0.0001867684276190925,-0.0785110820530233,-0.07813770971759425,-0.00012437,-0.08768329,0.015087364656239869
18.218,2mer-0+767,-9.263745771211386e-05,9.269739805713772e-05,-0.12275736438588367,-0.12257202953011248,-7.334e-05,-0.13550932,0.015087364656239869
18.225,2mer-0+647,-0.00014085928902182182,0.0001409605586157232,-0.1529150525580667,-0.15263323271043108,-0.00010889,-0.14885027,0.015087364656239869
18.241,2mer-0+649,-6.557589455233955e-05,6.555475785783526e-05,0.0756643114509067,0.07579544210331783,-4.072e-05,0.09864312,0.015087364656239869
18.262,2mer-0+631,-0.0002566920223284206,0.0002569800712718652,-0.1985337050776323,-0.19802003298403295,-0.00022411,-0.24399983,0.015087364656239869
18.273,2mer-0+608,-0.00019069551776206266,0.00019065810451951575,-0.04516705019848292,-0.044785696576207124,-0.00013789,-0.00305169,0.015087364656239869
18.276,2mer-0+606,-0.00020137795081150929,0.00020115774482124858,0.15824664656378584,0.1586491822594186,-0.00018047,0.1975804,0.015087364656239869
18.303,2mer-0+593,-0.00014325860887936498,0.00014336227794067873,-0.047764752366035196,-0.047478131479215153,-0.00011722,-0.05083711,0.015087364656239869
18.309,2mer-0+568,-7.681369813615178e-05,7.677416875663682e-05,0.10881070710146487,0.10896429496835669,-5.579e-05,0.13354637,0.015087364656239869
18.322,2mer-0+546,-0.00016171910007397965,0.00016182686824646936,-0.04310636646637987,-0.04278282049805557,-0.00011,-0.06918927,0.015087364656239869
18.323,2mer-0+529,-0.00015157155878879546,0.00015164646940881183,-0.1326257555802458,-0.13232253755204917,-0.0001128,-0.11160664,0.015087364656239869
18.327,2mer-0+574,-0.0002170325402460904,0.00021681308499974718,0.1139601430903213,0.11439398871556715,-0.00011762,0.13501438,0.015087364656239869
18.336,2mer-0+525,-0.00015648501092973435,0.00015659010774819314,-0.03877987119543127,-0.038466796076753344,-0.00010287,-0.05953348,0.015087364656239869
18.354,2mer-0+475,-0.00014701788679151827,0.00014711360571270472,-0.14749809564141358,-0.14720396414891612,-0.00010887,-0.13778066,0.015087364656239869
18.357,2mer-0+780,-0.00011052744098477717,0.00011054189501269942,-0.0917777808672108,-0.09155671153121141,-5.64e-05,-0.12312374,0.015087364656239869
18.393,2mer-0+566,-0.00013581780144011034,0.00013576523389458153,0.0052531511669142985,0.005524734202245135,-0.00010786,-0.00533955,0.015087364656239869
18.412,2mer-0+734,-0.00012221005248225274,0.00012214917225989388,0.015119364920406733,0.015363724145151771,-0.00012591,0.04214097,0.015087364656239869
18.418,2mer-0+570,-0.00019606032613722583,0.0001958959482178024,0.08022033834094232,0.08061229461529734,-0.00010169,0.08431699,0.015087364656239869
18.455,2mer-0+708,-0.00013111404984287486,0.00013102219057050716,0.05769732638148499,0.05795946262190415,-0.00015052,0.10548693,0.015087364656239869
18.477,2mer-0+738,-0.0003517303114468131,0.0003512710885599589,0.27940655540013953,0.2801095568001502,-0.00024017,0.30584063,0.015087364656239869
18.503,2mer-0+507,-0.00012063429782992451,0.00012053925319903427,0.11427472076634039,0.11451589431736742,-6.504e-05,0.11285212,0.015087364656239869
18.55,2mer-0+691,-0.0002071166374638121,0.00020688257832776616,0.1718383554168305,0.17225235463262306,-0.00016552,0.20387942,0.015087364656239869
18.553,2mer-0+731,-0.0001330632817848168,0.0001331758821674489,-0.1540477680553444,-0.15378152889138827,-0.00010239,-0.17483287,0.015087364656239869
18.584,2mer-0+533,-7.950308380359093e-05,7.947745627289379e-05,0.09119954790021714,0.09135852844029363,-5.647e-05,0.11933748,0.015087364656239869
18.618,2mer-0+635,-0.0002731334992600711,0.00027345042361104257,-0.21353784075421392,-0.2129912568313438,-0.00021848,-0.23623503,0.015087364656239869
18.627,2mer-0+483,-0.00013782130045302086,0.0001378950409745911,-0.024093144480244542,-0.023817428138819822,-0.00010086,-0.02591323,0.015087364656239869
18.639,2mer-0+540,-0.00013237663682367067,0.0001324555792245946,-0.032251022077542484,-0.03198618986149133,-0.00010245,-0.03181457,0.015087364656239869
18.64,2mer-0+613,-0.00010701157132476691,0.00010695493611029474,0.025677101481285023,0.025891067988722014,-9.298e-05,0.03372224,0.015087364656239869
18.641,2mer-0+650,-6.306937008279884e-05,6.308878212160402e-05,-0.06401469496451401,-0.06388853681231058,-5.101e-05,-0.07741845,0.015087364656239869
18.673,2mer-0+715,-0.00020034290695799699,0.00020012027673835278,0.1690415918925075,0.16944205507620286,-0.00016012,0.20002733,0.015087364656239869
18.698,2mer-0+687,-0.00010886877200352724,0.00010882194073700702,0.09325151247593261,0.09346920318866447,-7.795e-05,0.11864353,0.015087364656239869
18.705,2mer-0+660,-0.00017656964846786964,0.00017672985535084867,-0.12348847119112936,-0.12313517168731258,-0.00015543,-0.17391235,0.015087364656239869
18.714,2mer-0+669,-8.259839551356561e-05,8.258623786574335e-05,-0.04190712028635984,-0.04174193565297957,-5.567e-05,-0.07359939,0.015087364656239869
18.724,2mer-0+620,-0.00014379222296171645,0.00014389909249662073,-0.05377457988043749,-0.05348688856498397,-0.00010579,-0.05319473,0.015087364656239869
18.776,2mer-0+526,-0.000148913641243787,0.0001487800429245058,0.055617891709516795,0.055915585393676415,-9.74e-05,0.03127253,0.015087364656239869
18.777,2mer-0+774,-0.0001273508935463015,0.0001272710494923803,-0.002128792159100686,-0.0018741702160610402,-5.266e-05,-0.03617592,0.015087364656239869
18.811,2mer-0+532,-0.00012441781356885146,0.00012451699263457583,-0.13061853989947925,-0.13036960509327392,-0.00010307,-0.1602564,0.015087364656239869
18.815,2mer-0+654,-0.00020519541078649434,0.00020498096383874415,0.12481645122487706,0.1252266275995023,-9.699e-05,0.12664748,0.015087364656239869
18.817,2mer-0+798,-0.00015115397084853612,0.000151033972162995,0.028002737110158937,0.02830492505316372,-6.291e-05,-0.0032416,0.015087364656239869
18.826,2mer-0+615,-8.333758170471698e-05,8.329283511236387e-05,0.08391062742200689,0.08407725783882301,-4.037e-05,0.08521823,0.015087364656239869
18.827,2mer-0+689,-7.775892327463155e-05,7.775372619342961e-05,0.06658680849467781,0.06674232114414684,-5.621e-05,0.09566414,0.015087364656239869
18.836,2mer-0+500,-0.00013797477793590685,0.00013806896735050887,-0.1271319380622581,-0.1268558943169717,-8.421e-05,-0.12542609,0.015087364656239869
18.838,2mer-0+775,-0.00010633209808160112,0.00010629114775182612,-0.00954505455566697,-0.009332431309831614,-8.996e-05,-0.01332168,0.015087364656239869
18.877,2mer-0+612,-9.760168249734904e-05,9.754607901701532e-05,0.11652053027845195,0.11671567803996438,-5.274e-05,0.11873683,0.015087364656239869
18.882,2mer-0+663,-0.0001722971039550212,0.00017246111915550916,-0.08856276686404024,-0.08821800864092971,-0.00011724,-0.07665792,0.015087364656239869
18.898,2mer-0+609,-0.00010398964590482756,0.00010394558048506892,0.014631997849756015,0.014839933076143019,-9.025e-05,0.0222009,0.015087364656239869
18.948,2mer-0+723,-0.0001125393394105783,0.00011260992116731249,-0.038160623191034124,-0.037935473930459124,-8.477e-05,-0.04722977,0.015087364656239869
18.974,2mer-0+729,-0.00024548245580176796,0.00024521221874422203,0.20373097143713914,0.20422166611168124,-0.0001783,0.24393167,0.015087364656239869
18.994,2mer-0+802,-6.527175482373582e-05,6.528896230512877e-05,-0.06785914036031951,-0.06772857964318678,-6.2e-05,-0.05810037,0.015087364656239869
19.017,2mer-0+740,-0.0001403846724210061,0.00014044847383992768,-0.12279654073085224,-0.12251570758459131,-9.347e-05,-0.11399653,0.015087364656239869
19.039,2mer-0+667,-6.493742570281555e-05,6.496106051180773e-05,-0.07389960957500781,-0.07376971108878934,-5.496e-05,-0.09797422,0.015087364656239869
19.073,2mer-0+670,-8.991282674814938e-05,8.98658431878645e-05,0.02614994741354768,0.02632972608348851,-7.769e-05,0.03168901,0.015087364656239869
19.098,2mer-0+751,-0.00013624963413655917,0.00013633237738856747,-0.04531335549780182,-0.04504077348627863,-9.112e-05,-0.0367638,0.015087364656239869
19.118,2mer-0+725,-0.00017024404209831613,0.00017007029192736003,0.14909377454737374,0.14943408888140328,-0.00013625,0.17569524,0.015087364656239869
19.126,2mer-0+518,-0.00011931449837316018,0.00011938270228472044,-0.13104873619275784,-0.130810038992099,-7.233e-05,-0.14564577,0.015087364656239869
19.133,2mer-0+512,-0.00012783615268856837,0.00012789422319485288,-0.015618665308401393,-0.015362934932513152,-9.026e-05,-0.02129232,0.015087364656239869
19.137,2mer-0+771,-0.00011087871384453398,0.0001108115060480085,0.015222813729142137,0.015444503949036608,-8.322e-05,0.0009711,0.015087364656239869
19.188,2mer-0+622,-0.0001234762895495648,0.00012355502488705988,-0.030199431602727315,-0.029952400288284907,-7.618e-05,-0.02705358,0.015087364656239869
19.205,2mer-0+712,-7.167086730902378e-05,7.164857237488358e-05,0.0689684921416372,0.06911181158131628,-4.59e-05,0.08359099,0.015087364656239869
19.21,2mer-0+657,-9.855668931062739e-05,9.851497480192515e-05,0.012352344279302065,0.01254941594341269,-7.877e-05,0.00104831,0.015087364656239869
19.212,2mer-0+658,-5.92982612997883e-05,5.9267881195383135e-05,0.10140295748896451,0.10152152363145871,-3.96e-05,0.12026864,0.015087364656239869
19.222,2mer-0+677,-9.26113318164276e-05,9.260041062026734e-05,0.05911554769197209,0.05930075943441264,-5.394e-05,0.03724524,0.015087364656239869
19.229,2mer-0+763,-7.541759813726342e-05,7.544835015678123e-05,-0.09188818730203759,-0.09173732135374355,-6.325e-05,-0.11393216,0.015087364656239869
19.283,2mer-0+536,-0.0001189725561966524,0.00011903498240907585,-0.11159080942543623,-0.11135280188683243,-7.176e-05,-0.12930464,0.015087364656239869
19.283,2mer-0+850,-0.00012081511906891325,0.00012086028142038513,-0.01499270710040422,-0.014751031699915889,-6.581e-05,-0.02661688,0.015087364656239869
19.306,2mer-0+551,-0.00015055973853003965,0.00015047469160751594,0.041291379410528406,0.04159241384066596,-6.788e-05,0.05437028,0.015087364656239869
19.308,2mer-0+816,-8.846290481045632e-05,8.843008246866218e-05,-0.029321797943746696,-0.029144904956466613,-3.153e-05,-0.06122557,0.015087364656239869
19.319,2mer-0+564,-9.734037369712572e-05,9.727904138336662e-05,0.124301768076107,0.12449638749118462,-5.551e-05,0.14263291,0.015087364656239869
19.342,2mer-0+646,-0.00011333311881105593,0.00011337458453901645,-0.10693029667275503,-0.10670358896939917,-8.36e-05,-0.08594854,0.015087364656239869
19.347,2mer-0+855,-0.00010996207665402841,0.00010996361514052911,-0.06747562958316078,-0.06725570389136719,-4.775e-05,-0.07778299,0.015087364656239869
19.362,2mer-0+872,-0.00014246309759516782,0.0001423467395869168,0.04765485342443535,0.047939663261614536,-5.337e-05,0.02306211,0.015087364656239869
19.401,2mer-0+713,-0.00013393993983923594,0.00013384549492197537,0.05109264042103905,0.05136042585580316,-7.029e-05,0.05437339,0.015087364656239869
19.401,2mer-0+555,-0.00010675883138141823,0.00010682541495092927,-0.13140179008815198,-0.13118820584181773,-7.836e-05,-0.12903974,0.015087364656239869
19.405,2mer-0+901,-6.109095669347372e-05,6.106469690161298e-05,0.07603001672581718,0.07615217237941227,-1.718e-05,0.08063801,0.015087364656239869
19.421,2mer-0+849,-8.80562121253653e-05,8.803400202774192e-05,-0.014308922373447466,-0.014132832159300142,-8.573e-05,-0.0021153,0.015087364656239869
19.45,2mer-0+726,-8.69366576425455e-05,8.689129828170696e-05,0.02491029377524592,0.02508412173116825,-7.051e-05,0.0191128,0.015087364656239869
19.453,2mer-0+520,-9.719871634686038e-05,9.71314461382837e-05,0.12981396836364606,0.13000829852613602,-5.193e-05,0.14087928,0.015087364656239869
19.465,2mer-0+678,-0.00016735199540071624,0.00016718240212487128,0.14383353411323327,0.14416806851075983,-0.00012723,0.15775448,0.015087364656239869
19.475,2mer-0+793,-0.00015495831481908962,0.00015480737722011048,0.1423818029977982,0.14269156868983646,-0.0001238,0.16648397,0.015087364656239869
19.502,2mer-0+829,-5.019590819020034e-05,5.022108801767098e-05,-0.09796701705762341,-0.0978666000614165,-3.065e-05,-0.11313288,0.015087364656239869
19.503,2mer-0+794,-9.957855274153408e-05,9.951653698552598e-05,0.055605645679747524,0.05580474076947265,-0.00011837,0.10034223,0.015087364656239869
19.513,2mer-0+772,-0.0001253567929713346,0.00012524978580657784,0.05813532631705766,0.058385932895841354,-8.105e-05,0.0385935,0.015087364656239869
19.543,2mer-0+879,-0.0001433170151089425,0.00014320801083064576,0.07548363493296345,0.07577015995890979,-7.026e-05,0.09518818,0.015087364656239869
19.557,2mer-0+560,-9.104700676538794e-05,9.109044704736096e-05,-0.09838997069170993,-0.09820783323789718,-7.341e-05,-0.11091088,0.015087364656239869
19.567,2mer-0+760,-6.479435576582539e-05,6.475837252177605e-05,0.10668807421847576,0.10681762694676336,-3.527e-05,0.11344461,0.015087364656239869
19.599,2mer-0+709,-5.751071337345974e-05,5.7529637007666475e-05,-0.07286163207669746,-0.07274659172631247,-3.695e-05,-0.08384962,0.015087364656239869
19.664,2mer-0+722,-6.486965715241856e-05,6.488179546248794e-05,-0.08025402614643694,-0.08012427469381914,-2.595e-05,-0.10483365,0.015087364656239869
19.664,2mer-0+554,-8.917476216074701e-05,8.916139751435423e-05,0.07301412103878727,0.07319245719846912,-4.777e-05,0.09242569,0.015087364656239869
19.672,2mer-0+755,-0.00011108364480529726,0.00011099690445015773,0.096791202030601,0.09701328257985742,-0.00012079,0.13942337,0.015087364656239869
19.687,2mer-0+638,-7.681993652245012e-05,7.685059903756846e-05,-0.1023594762852215,-0.10220580574966052,-3.83e-05,-0.12200181,0.015087364656239869
19.707,2mer-0+923,-4.9151534220419174e-05,4.913423665593805e-05,0.06658671412523667,0.06668499989610821,-1.238e-05,0.07376762,0.015087364656239869
19.714,2mer-0+641,-7.435694164154899e-05,7.43960463415379e-05,-0.09249789246995156,-0.09234913948196848,-6.269e-05,-0.12025452,0.015087364656239869
19.733,2mer-0+610,-6.30873725316478e-05,6.307414435755672e-05,0.07333413927410888,0.07346030079100195,-4.05e-05,0.09780488,0.015087364656239869
19.735,2mer-0+661,-8.385856467969254e-05,8.383792112959017e-05,-0.0018113817717130126,-0.0016436852859075862,-7.248e-05,0.00288305,0.015087364656239869
19.739,2mer-0+945,-6.620533313474817e-05,6.624398792177116e-05,-0.1091296367305899,-0.10899718740953725,-4.685e-05,-0.12365219,0.015087364656239869
19.756,2mer-0+595,-9.140915586935397e-05,9.134460963869467e-05,0.10318367575113749,0.10336642951663685,-5.065e-05,0.10358557,0.015087364656239869
19.767,2mer-0+954,-6.528909712018283e-05,6.52571957726832e-05,0.08235039381452874,0.08248094010742643,-1.732e-05,0.08488309,0.015087364656239869
19.767,2mer-0+742,-5.503425306657478e-05,5.506123038227088e-05,-0.09412906308538894,-0.09401896760193527,-3.926e-05,-0.10324315,0.015087364656239869
19.795,2mer-0+679,-0.00012889570197940605,0.0001288129987914296,0.053151095289889,0.05340880399065983,-7.431e-05,0.08508011,0.015087364656239869
19.807,2mer-0+799,-0.00018504302881307017,0.00018522377370525843,-0.18020567881522465,-0.17983541201270825,-0.0001521,-0.20591841,0.015087364656239869
19.821,2mer-0+602,-0.00010217624478007234,0.0001022556686522956,-0.12340680746821432,-0.12320237555477713,-7.931e-05,-0.14087262,0.015087364656239869
19.829,2mer-0+642,-8.565128088572177e-05,8.561109220380079e-05,0.017256040697261193,0.017427303070354574,-8.044e-05,0.02631466,0.015087364656239869
19.833,2mer-0+863,-0.0001992648234439816,0.00019905574128485943,0.1613194552891379,0.16171777585386868,-9.252e-05,0.15696187,0.015087364656239869
19.849,2mer-0+900,-0.00021945745846328556,0.00021922013364010487,0.18914400295159567,0.1895826805436952,-0.00011027,0.18952623,0.015087364656239869
19.851,2mer-0+710,-0.00013498189886758144,0.00013488669029967882,0.07241082145857099,0.07268069004774019,-8.588e-05,0.10880671,0.015087364656239869
19.869,2mer-0+655,-9.0398404538634e-05,9.038616433934187e-05,-0.015305315744605277,-0.0151245311757273,-7.408e-05,-0.02026318,0.015087364656239869
19.869,2mer-0+680,-0.00011719780958504088,0.00011712268262849645,0.04244687142381413,0.04268119191602767,-4.425e-05,0.05210468,0.015087364656239869
19.91,2mer-0+931,-0.00010789141248464861,0.00010781549603554735,0.12549925974951542,0.12571496665804044,-4.568e-05,0.13354147,0.015087364656239869
19.943,2mer-0+644,-9.015863585175685e-05,9.018999377841256e-05,0.0038971561452070874,0.004077504774835329,-4.855e-05,-0.00367447,0.015087364656239869
19.977,2mer-0+747,-6.144465303954646e-05,6.146360095741423e-05,-0.07494208170858814,-0.07481917345459503,-3.923e-05,-0.09376365,0.015087364656239869
19.988,2mer-0+848,-0.00017949921162257822,0.0001796680729697856,-0.17502238776748608,-0.1746632204828937,-0.00014326,-0.19804743,0.015087364656239869
