distance,nmer_name,Uind_md,Udf,Unb,Uind_omm,Udf_omm,Unb_omm
1.805,3mer-0+2+11,-721996050801003.0,30312214114266.02,-752308264915302.9,-7.863846280070561,10.072967074421626,-51.36521911621094
1.805,3mer-0+2+19,-7.595836042669649,9.638630881057319,-50.87418584867039,-7.6079470294379234,9.655946098003483,-50.93524932861328
1.805,3mer-0+2+6,-89269818757.19391,781050486.3259388,-90050869277.15955,-8.407295904597731,10.64660576776555,-52.75152587890625
1.805,3mer-0+3+25,-132931812742338.66,26914899459937.21,-159846712202311.1,-8.03439262101324,10.257854197529241,-53.30790042877197
1.805,3mer-0+1+8,-9.157122242044904,11.501852096520967,-53.32358030974676,-9.148006573198018,11.486148700239482,-53.2581787109375
1.805,3mer-0+3+294,-2.6738018301272934e+18,22001042993987.453,-2.673823831170287e+18,-8.288599019273988,10.577613348737486,-55.55487060546875
1.805,3mer-0+3+423,-14570276570720.176,310205237561.60474,-14880481808318.373,-8.261970491522789,10.54443696010685,-55.46427297592163
1.805,3mer-0+3+344,-1074698294434.223,314775249957.1291,-1389473544427.1821,-8.151486756060876,10.403098700787268,-54.455068588256836
1.805,3mer-0+3+152,-82100523127.34651,9183186098.877102,-91283709262.57312,-8.214547735738279,10.4812110838418,-55.116661071777344
1.805,3mer-0+3+128,-658792977462.7155,141165850384.6171,-799958827884.5092,-8.405939033353661,10.730828354036476,-56.38428592681885
1.805,3mer-0+3+91,-532316825434.4219,221961033441.4549,-754277858912.424,-8.254064906936037,10.538507114548338,-55.410953521728516
1.805,3mer-0+3+232,-1343803118466.0825,541471102216.7456,-1885274220719.2346,-8.201845673994058,10.468580217882163,-55.14592885971069
1.805,3mer-0+3+212,-520593569169.24243,149626401233.2767,-670219970439.3579,-8.313937488469946,10.611044582452905,-55.834961891174316
1.805,3mer-0+3+310,-70125328002633.734,13547313872977.473,-83672641875647.89,-8.292645374466701,10.58429392225571,-55.65217208862305
1.805,3mer-0+3+213,-1132131067858.058,2368215649.174029,-1134499283543.1035,-8.136403111887375,10.382496805715164,-54.46117806434631
1.805,3mer-0+3+56,-32722154387.608967,907212991.931779,-33629367415.412334,-8.050342059394325,10.282398724297082,-54.275991439819336
1.805,3mer-0+3+176,-370108266938011.75,168649953724100.34,-538758220662148.75,-8.215612687842622,10.48150130294107,-54.93420600891113
1.805,3mer-0+3+336,-19976671102.171333,425036966.64100623,-20401708105.055115,-8.212357676050033,10.480496489980851,-55.006734132766724
1.805,3mer-0+3+68,-41774220761.89991,7656903814.3419075,-49431124613.525406,-8.42358303377273,10.753420826700903,-56.533339500427246
1.805,3mer-0+3+477,-4.434727855706862e+17,6880389632007100.0,-4.503531752026929e+17,-8.201870977997714,10.466670930266446,-54.798943519592285
1.805,3mer-0+3+67,-8394836381392908.0,210044117646514.03,-8604880499039457.0,-8.30913063248181,10.60674670974231,-55.20917320251465
1.805,3mer-0+3+245,-1996779030.3798082,71872242.61361282,-2068651309.6164029,-8.246678668032473,10.52460829638403,-55.465508460998535
1.805,3mer-0+3+178,-6.889020863642938e+16,2241249064694361.5,-7.113145770112371e+16,-8.364009461931118,10.675285734602085,-55.923980712890625
1.805,3mer-0+3+161,-5647915995.814053,310455809.89422923,-5958371841.851133,-8.199758270725852,10.464607497706766,-54.878328800201416
1.805,3mer-0+3+76,-90274190403684.97,1135023525154.2708,-91409213928876.3,-8.380345219337414,10.700005656517078,-56.26221466064453
1.805,3mer-0+3+403,-254951063608.55386,3547392575.314287,-258498456220.0278,-8.203943414881905,10.470014409825126,-54.90493965148926
1.805,3mer-0+3+49,-2461499379654.1987,79850443002.8527,-2541349822694.819,-8.531439427461464,10.8926423749067,-57.26873970031738
1.805,3mer-0+3+282,-6.683732492918624e+17,82708500704807.31,-6.68455957792566e+17,-8.250303660867075,10.528102482321401,-55.22196006774902
1.805,3mer-0+3+244,-25139277128.26317,3952836172.2132106,-29092113337.062218,-8.296682983736218,10.5880459248026,-55.542115688323975
1.805,3mer-0+3+182,-1.1767577193666754e+17,4254532559439.8545,-1.1768002646922691e+17,-8.29152434042976,10.581887314996266,-55.478740215301514
1.805,3mer-0+3+376,-218451561067.20508,2972442180.725285,-221424003284.5025,-8.284624748445367,10.572834081434394,-55.50082445144653
1.805,3mer-0+3+619,-379664134372.61865,48984894439.92946,-428649028848.79645,-8.225497306786792,10.496424613989575,-55.04105520248413
1.805,3mer-0+3+296,-2.391536776720829e+18,3961821447854.6367,-2.3915407385422746e+18,-8.327009202460658,10.628151892204869,-55.859625816345215
1.805,3mer-0+3+37,-9.71262539470364e+16,1616845214160607.2,-9.874309916119709e+16,-7.960068908641006,10.15908363728795,-52.70417070388794
1.805,3mer-0+3+351,-29463200652.387455,1018254740.9276667,-30481455429.38268,-8.18687460824458,10.447561522279102,-54.77307963371277
1.805,3mer-0+3+211,-3.933530326995237e+17,2745746199999990.5,-3.9609877889952346e+17,-8.342920123596969,10.648702801207719,-56.087284088134766
1.805,3mer-0+3+459,-707005343417.9038,61532034965.78615,-768537378420.1521,-8.263444910398675,10.544809331544684,-55.34081268310547
1.805,3mer-0+3+347,-5.868560339277271e+17,6.164150020219624e+16,-6.48497534129922e+17,-8.277048018292135,10.562841984912211,-55.449233531951904
1.805,3mer-0+3+500,-12345347497.432724,538265418.9884938,-12883612952.996283,-8.296885274504803,10.587956167603352,-55.531245470047
1.805,3mer-0+3+93,-579135233471631.2,89131373071.29355,-579224364844738.4,-8.0540196627137,10.279302862310715,-54.33264923095703
1.805,3mer-0+3+144,-178285035015.85904,1036206124.4935474,-179321241176.69522,-8.254728185789645,10.535020959718167,-55.20372200012207
1.805,3mer-0+3+259,-108230079130.70506,5983773827.54453,-114213852994.96461,-8.31355355063306,10.609954855052365,-55.70993733406067
1.805,3mer-0+3+130,-1532630350.8471937,171544907.65978903,-1704175295.996441,-8.573852272807926,10.939562110126644,-57.07578086853027
1.805,3mer-0+3+246,-17930884469947.47,2754541136726.8057,-20685425606711.3,-8.38567014673481,10.702252903191948,-56.18630313873291
1.805,3mer-0+3+442,-5.0047368612706464e+17,2590689145583263.0,-5.030643752726477e+17,-8.247099941380839,10.524049217096945,-55.18965482711792
1.805,3mer-0+3+206,-20815874541.363197,2471051224.888765,-23286925802.654198,-8.249904234022097,10.52742711821179,-55.25043964385986
1.805,3mer-0+3+29,-1038202585843.833,18441243852.77597,-1056643829734.3837,-8.539915649609156,10.894531162066869,-57.28108024597168
1.805,3mer-0+3+316,-4.1746584803476454e+17,115278306498009.47,-4.175811263412619e+17,-8.314383251426534,10.610309379341288,-55.70627546310425
1.805,3mer-0+3+353,-38094288902350.84,1721463803259.8015,-39815752705647.12,-8.221088262947433,10.491990712730058,-55.25050067901611
1.805,3mer-0+3+323,-459948906776.40967,184864644769.1102,-644813551582.2117,-8.294668908994709,10.586349252778973,-55.64357233047485
1.805,3mer-0+3+489,-2576369572667.617,238340160600.35416,-2814709733304.2163,-8.214125196905798,10.483201224831873,-55.01048254966736
1.805,3mer-0+3+194,-2.6160564592965074e+18,5.776737187378024e+16,-2.6738238311702866e+18,-8.230160758834472,10.50109286512793,-54.925612449645996
1.805,3mer-0+3+40,-154490021154.08994,23173053030.38149,-177663074217.8791,-7.710826308540277,9.849079697319098,-51.03705596923828
1.805,3mer-0+3+288,-2238240046913.83,124162923074.42255,-2362402970024.0933,-8.185745098604002,10.445147654997072,-54.54250144958496
1.805,3mer-0+3+113,-7239515334343740.0,167113553402871.7,-7406628887746656.0,-8.803190839819763,11.23167549318805,-59.46522903442383
1.805,3mer-0+3+377,-4270400495886667.5,64229530597967.88,-4334630026484669.5,-8.278711274677107,10.565426155513933,-55.4384331703186
1.805,3mer-0+3+150,-28339300007.69274,2764052867.8616443,-31103352910.80249,-8.082743596973842,10.312439012584264,-53.71359157562256
1.805,3mer-0+3+357,-332098222723294.25,26366402249417.426,-358464624972747.7,-8.294156992837543,10.584929978445416,-55.56835198402405
1.805,3mer-0+3+469,-2.673136369612584e+18,687461557703738.9,-2.673823831170287e+18,-8.283031684273055,10.571232098228165,-55.548911809921265
1.805,3mer-0+3+218,-611946373109.0071,3802227358.207667,-615748600503.2357,-8.137365688330874,10.385283123009458,-54.61326217651367
1.805,3mer-0+3+242,-7791250102.091136,2623659676.277314,-10414909814.948673,-8.260501823017648,10.543585815837332,-55.455933570861816
1.805,3mer-0+3+162,-575336230339.4785,73781330827.22949,-649117561202.7122,-8.163260403244067,10.418072280319166,-54.656529903411865
1.805,3mer-0+3+81,-1.3369118285590904e+18,87026054155.75055,-1.336911915585141e+18,-8.135948765144121,10.382432353630293,-54.33121871948242
1.805,3mer-0+3+27,-38082522712.83538,772133521.1101454,-38854656268.41232,-8.096699469315809,10.324235207808215,-52.95779991149902
1.805,3mer-0+3+439,-2.3905767633889e+18,963975153376568.6,-2.3915407385422746e+18,-8.268373564905687,10.551479740910963,-55.331467151641846
1.805,3mer-0+3+231,-23154952742254.82,1732756472912.6504,-24887709215203.63,-8.18819467095227,10.449449143134643,-54.84787464141846
1.805,3mer-0+3+408,-448519083157.5696,79652786867.48778,-528171870061.3054,-8.216572721878492,10.4856202998958,-55.02152895927429
1.805,3mer-0+3+135,-22089594399749.14,631384573685.7913,-22720978973472.387,-8.482917300722193,10.82445765350144,-56.80322456359863
1.805,3mer-0+3+61,-115017266975244.19,8593228644532.63,-123610495619813.19,-8.200469504795592,10.466557014979799,-55.0359992980957
1.805,3mer-0+3+59,-62039220904.04053,3998599001.4421043,-66037819941.337265,-8.301550160858369,10.593532312896514,-54.82083511352539
1.805,3mer-0+3+327,-235237669004654.75,13517087962590.174,-248754756967281.38,-8.298803148755496,10.590595902910763,-55.61426067352295
1.805,3mer-0+3+51,-2307638998174841.0,288447178745246.9,-2596086176920121.5,-8.41714809224004,10.745953104049022,-56.44295120239258
1.805,3mer-0+3+90,-7210443433.205343,1106997339.1004755,-8317440808.6327095,-8.268360080370485,10.55153184925598,-55.218581199645996
1.805,3mer-0+3+88,-71639931975.89622,6724081071.903787,-78364013084.54857,-8.349128895319154,10.655425853216002,-55.824750900268555
1.805,3mer-0+3+307,-130687948403.44427,1956767744.8329458,-132644716184.50763,-8.212022603126343,10.480138241676514,-54.99377799034119
1.805,3mer-0+3+425,-16688779611459.164,69378590259.69315,-16758158201755.082,-8.210839679242326,10.47895915269737,-54.997602224349976
1.805,3mer-0+3+191,-7897735604720.835,1275525877919.2336,-9173261482676.824,-8.283660985145161,10.572418116417339,-55.68098258972168
1.805,3mer-0+3+506,-1187512956456.0146,64520287961.78217,-1252033244454.0474,-8.230121186010592,10.503089377649076,-55.054789543151855
1.805,3mer-0+3+134,-10331819959830.604,1247475156979.4875,-11579295116845.824,-8.133170542711468,10.378504815107135,-54.33612775802612
1.805,3mer-0+3+381,-4521497981001.127,106601308927.50253,-4628099289965.35,-8.306989619106844,10.60149889293234,-55.69533705711365
1.805,3mer-0+3+45,-162109887972.6183,12239775500.672834,-174349663508.76434,-8.044480970337645,10.266935655638918,-53.85419988632202
1.805,3mer-0+3+386,-5055799867.43743,863165095.3690803,-5918964999.080824,-8.224413182112812,10.496343825486065,-55.066386222839355
1.805,3mer-0+3+335,-91597581564761.95,6388177417754.214,-97985758982552.8,-8.292189658655388,10.582016407476203,-55.52746939659119
1.805,3mer-0+3+196,-174670370325567.88,6453792316487.71,-181124162642092.1,-8.30830678395364,10.602394014081028,-55.52882671356201
1.805,3mer-0+3+303,-1.323644573201143e+18,1.3267342384002102e+16,-1.3369119155851433e+18,-8.256734969174659,10.53742587372085,-55.37625217437744
1.805,3mer-0+3+5,-2507217130129.378,978039015030.0897,-3485256145195.9683,-8.916228221301708,11.073063923473683,-56.55631637573242
1.805,3mer-0+3+256,-19843326075.37396,107829623.74859951,-19951155735.735603,-8.285835549382,10.574695065470905,-55.54511642456055
1.805,3mer-0+3+186,-16292523099.068447,302702390.0326096,-16595225525.264212,-8.105958796366167,10.34507861055522,-54.68565368652344
1.805,3mer-0+3+549,-175727976148.40912,32316820448.13595,-208044796633.13974,-8.287443645909207,10.576752177760227,-55.530369997024536
1.805,3mer-0+3+185,-337179757445508.5,783280512625.647,-337963037958170.25,-8.191571655720281,10.45473199799676,-54.771080017089844
1.805,3mer-0+3+348,-3686103288562.863,13938474089.141863,-3700041762688.6943,-8.329545877048758,10.629681684901925,-55.71928596496582
1.805,3mer-0+3+17,-14077474485.377363,2119343687.011435,-16196818210.340666,-8.687643191216011,11.090776780250053,-57.80291795730591
1.805,3mer-0+3+63,-4261242638208316.0,123098859109600.44,-4384341497317951.5,-8.054857771941897,10.273263413360837,-53.0899715423584
1.805,3mer-0+3+269,-21963683538897.88,4697707411260.026,-26661390950193.996,-8.214741083605759,10.482708600537308,-54.86767387390137
1.805,3mer-0+3+375,-132350910598526.89,1253051970154.6748,-133603962568717.77,-8.233804045386933,10.506975354484894,-55.08429765701294
1.805,3mer-0+3+94,-6.434915279320535e+17,5006006197867749.0,-6.484975341299205e+17,-8.11327960993799,10.352396697740232,-54.353641510009766
1.805,3mer-0+3+44,-469293172982486.06,73536124466406.9,-542829297448927.44,-8.028708061560792,10.235623756066161,-52.622554779052734
1.805,3mer-0+3+19,-252586626455858.75,25598708126129.7,-278185334582025.84,-8.506747356468168,10.856556781715426,-56.8874397277832
1.805,3mer-0+3+332,-1310894794167.6902,130421778629.20674,-1441316572833.3633,-8.271826959916325,10.556359075239925,-55.36454105377197
1.805,3mer-0+3+110,-51842319958.16856,15691195925.231527,-67533515920.090164,-8.305484322477923,10.600162001679792,-55.66691207885742
1.805,3mer-0+3+382,-4293569470747.631,84208981400.50296,-4377778452184.507,-8.26212866959645,10.543424766682847,-55.2500638961792
1.805,3mer-0+3+236,-17727799629902.992,1781587556583.8943,-19509387186522.812,-8.167852010475144,10.423979196800246,-54.57440376281738
1.805,3mer-0+3+343,-155922346331055.47,27199515323130.207,-183121861654222.12,-8.273054878498442,10.557121951793306,-55.31677579879761
1.805,3mer-0+3+238,-3083880406825.548,23470858607.474167,-3107351265469.772,-8.305004647685337,10.600492188023281,-55.72440147399902
1.805,3mer-0+3+20,-26768972035.020367,1838292858.0897214,-28607264927.790363,-8.372341983001888,10.65392220767194,-53.784061431884766
1.805,3mer-0+3+322,-1.003955737904978e+16,31145733698770.906,-1.0070703112748582e+16,-8.22635013161539,10.498849090949307,-55.15054368972778
1.805,3mer-0+3+209,-443046941049.7576,105506972298.54292,-548553913384.80786,-8.243096359939955,10.519207946090319,-55.34080696105957
1.805,3mer-0+3+181,-6.130365830535156e+16,2958143229762732.5,-6.426180153511435e+16,-8.070356272304707,10.29808435574705,-53.60367202758789
1.805,3mer-0+3+402,-128178424074.12065,20337226210.300777,-148515650320.65347,-8.232285270442844,10.504890671024441,-55.0402889251709
1.805,3mer-0+3+205,-1.296992657063996e+18,2411195861467.509,-1.296995068259855e+18,-8.357489284771873,10.66678077290635,-56.14110279083252
1.805,3mer-0+3+274,-199447016287069.1,491000042338.5915,-199938016329443.66,-8.195944592820751,10.458522989881885,-54.80354309082031
1.805,3mer-0+3+250,-9091952496230126.0,16858134728870.725,-9108810630959026.0,-8.32086405497671,10.61898174542307,-55.72724962234497
1.805,3mer-0+3+241,-101172695513.46811,17424847307.86169,-118597542857.79645,-8.274390795855197,10.56037988361868,-55.372788429260254
1.805,3mer-0+3+180,-2187711309971.397,114459202563.2689,-2302170512570.8506,-8.190709282254375,10.451968024874532,-54.89863204956055
1.805,3mer-0+3+69,-3553988404064250.0,209926554021048.84,-3763914958085339.5,-8.439739301049258,10.778253481543516,-56.498905181884766
1.805,3mer-0+3+520,-50738689262.98478,1108645299.254644,-51847334598.351074,-8.212591068117945,10.479457004696997,-54.874831199645996
1.805,3mer-0+3+556,-3250094833.9452357,191793745.68598837,-3441888615.87887,-8.21582276504023,10.485175779652764,-55.019911766052246
1.805,3mer-0+3+115,-11787292259845.764,4175285871517.784,-15962578131399.729,-8.203917709184225,10.472224983381693,-54.94543743133545
1.805,3mer-0+3+468,-1.0858684827387596e+18,5715525338043135.0,-1.0915840080768018e+18,-8.219479484897647,10.489533977169003,-55.01939678192139
1.805,3mer-0+3+393,-16254108679166.057,710082373200.9419,-16964191052403.193,-8.210287826198737,10.477391226154168,-54.95539951324463
1.805,3mer-0+3+263,-562419167650.424,95296282206.2783,-657715449892.8982,-8.202061675814775,10.466760612698408,-54.93459939956665
1.805,3mer-0+3+136,-2.6738094328789944e+18,14398291293426.596,-2.6738238311702866e+18,-8.23981922437656,10.51537639329922,-55.323110580444336
1.805,3mer-0+3+78,-1.3513577900872306e+17,694188157824013.4,-1.3582996716654693e+17,-8.191257388199347,10.453950970565302,-54.99557685852051
1.805,3mer-0+3+384,-7194987403266.51,19538168338.702885,-7214525571641.727,-8.278543853333076,10.56504545254461,-55.42827081680298
1.805,3mer-0+3+124,-1643334604152450.8,15218537533743.105,-1658553141686229.5,-8.18040818467307,10.437334353779079,-54.69276571273804
1.805,3mer-0+3+32,-128773165878.7286,22446061569.752243,-151219227483.92783,-8.001226635061585,10.210664539254822,-53.728742599487305
1.805,3mer-0+3+272,-21569394800974.56,2683219123791.534,-24252613924802.277,-8.240123537426598,10.515489312762611,-55.01951456069946
1.805,3mer-0+3+392,-46914783542.91057,2055541163.2224045,-48970324742.38138,-8.217809479856442,10.487261492586185,-55.024625301361084
1.805,3mer-0+3+368,-2.8086008207613296e+16,5912740830505118.0,-3.3998749038118428e+16,-8.165048204614095,10.420648015783854,-54.7299222946167
1.805,3mer-0+3+183,-524832004372.14594,298191636589.73175,-823023640998.6425,-8.329652451953052,10.631481981793286,-55.79772639274597
1.805,3mer-0+3+120,-864147404372.5775,80005137693.30022,-944152542101.784,-8.153464538233948,10.404927032810974,-54.53669500350952
1.805,3mer-0+3+581,-5353852128.143042,743276501.4401772,-6097128665.836474,-8.211204913735173,10.478895994544246,-55.014484882354736
1.805,3mer-0+3+340,-20962929052.20635,266897709.35236704,-21229826798.065704,-8.273580444687468,10.558138476973909,-55.409968852996826
1.805,3mer-0+3+221,-35248109014120.89,4816365287413.622,-40064474301570.86,-8.203118804413407,10.46859502462712,-55.01171398162842
1.805,3mer-0+3+389,-32153278607.38479,59358303.118719175,-32212636946.63475,-8.188395985425586,10.449874392687207,-54.84077429771423
1.805,3mer-0+3+467,-139372806709734.62,25161408586916.51,-164534215296687.34,-8.216140027898518,10.485078338724406,-54.999016761779785
1.805,3mer-0+3+36,-1514299306915.0005,227520220428.1084,-1741819527379.1685,-8.335617982781969,10.630021131597914,-55.09389114379883
1.805,3mer-0+3+243,-66177281102.90768,5472508444.147092,-71649789583.56194,-8.297267505594391,10.589260509542328,-55.465087890625
1.805,3mer-0+3+579,-444190363293.6007,59353078357.88308,-503543441687.7336,-8.221287307828106,10.492126407534442,-55.034175634384155
1.805,3mer-0+3+75,-1.31144226776589e+18,2.5469647819253388e+16,-1.3369119155851407e+18,-8.25065033705755,10.52329642502741,-54.88309669494629
1.805,3mer-0+3+58,-326596916226.3781,563560333.1571624,-327160476594.23083,-7.967384450826103,10.159694559183663,-52.892290115356445
1.805,3mer-0+3+112,-615090149271.993,4574066446.521435,-619664215756.3733,-8.60747773240746,10.986525944960704,-57.52534294128418
1.805,3mer-0+3+264,-3382423908017771.0,268647166380646.7,-3651071074398454.5,-8.243381616719489,10.520216825358148,-55.13887882232666
1.805,3mer-0+3+496,-15803409239.53117,1890778746.7451243,-17694188022.551468,-8.221361381292581,10.491999643563986,-55.059566020965576
1.805,3mer-0+3+586,-866057718187.942,2851044626.6498246,-868908762851.1622,-8.28386819008233,10.57170927878974,-55.49771237373352
1.805,3mer-0+3+179,-150581631054.7457,21563321372.752697,-172144952463.30875,-8.115504094327207,10.358266524111514,-54.355618953704834
1.805,3mer-0+3+52,-35226789120459.01,1611984761424.7354,-36838773881921.04,-8.437732180956573,10.773155727978974,-56.580650329589844
1.805,3mer-0+3+102,-99922748315841.56,873551198722.9155,-100796299514601.55,-8.408668541807174,10.730092978578568,-56.344709396362305
1.805,3mer-0+3+635,-149876209019.7382,13891244387.409567,-163767453443.56424,-8.265584974747298,10.548060388106705,-55.30171179771423
1.805,3mer-0+3+137,-153845101340.82245,30104122370.185375,-183949223746.76157,-8.126529905832513,10.370391633474128,-54.32143497467041
1.805,3mer-0+3+299,-133974404689.37102,16393534001.041735,-150367938727.45712,-8.385017901511674,10.70001360788774,-56.20165252685547
1.805,3mer-0+3+140,-53415394411654.086,1486394080878.0117,-54901788492567.805,-8.091980442550948,10.325652614089677,-54.1881799697876
1.805,3mer-0+3+366,-15055963887834.172,2064937297517.293,-17120901185388.11,-8.29987900349056,10.592200826679118,-55.61431264877319
1.805,3mer-0+3+197,-3421154290661.3296,205390017317.4146,-3626544308015.7217,-8.387383169014583,10.704937750022282,-56.136821269989014
1.805,3mer-0+3+505,-147214152032.76193,33434108162.01472,-180648260231.0155,-8.24230043325474,10.518172818088033,-55.07056474685669
1.805,3mer-0+3+412,-8.891358657315653e+16,1986016277889215.8,-9.089960285104571e+16,-8.260146738117783,10.541867135936172,-55.33704900741577
1.805,3mer-0+3+421,-1149069036211578.5,196878054068509.94,-1345947090280124.5,-8.300840805690768,10.59433035977554,-55.717634201049805
1.805,3mer-0+3+367,-2200128945735.3755,174609692716.15607,-2374738638488.1226,-8.288815467204813,10.57823327318215,-55.52995586395264
1.805,3mer-0+3+107,-244679877308005.03,451994501888.76135,-245131871809929.28,-8.132260704397595,10.3766675945526,-54.20508098602295
1.805,3mer-0+3+331,-1493135951818703.5,53686986258969.414,-1546822938077709.5,-8.229123113585729,10.502716543244105,-55.203763008117676
1.805,3mer-0+3+429,-76073456690781.95,7384697356913.069,-83458154047731.3,-8.238388926526795,10.51399525926422,-55.09359359741211
1.805,3mer-0+3+383,-540608611071.6082,22823622298.006805,-563432233406.0214,-8.263708683549567,10.546343711317377,-55.28759241104126
1.805,3mer-0+3+385,-87584106816890.67,10955914571647.77,-98540021388574.9,-8.270980799511563,10.55630210606705,-55.41802501678467
1.805,3mer-0+3+395,-31295729390.4888,3168604793.9259634,-34464334220.99473,-8.281678138116604,10.568799795767063,-55.5021767616272
1.805,3mer-0+3+306,-834162074123684.1,74089485337217.97,-908251559460938.8,-8.301712713351208,10.593192853817982,-55.43022441864014
1.805,3mer-0+3+301,-1226316978144.03,46971672572.11496,-1273288650752.698,-8.26240904989595,10.545338790985397,-55.43275260925293
1.805,3mer-0+3+127,-491737727003240.5,34204940812814.77,-525942667816093.56,-8.461034400564813,10.800329582589484,-57.226837158203125
1.805,3mer-0+3+47,-1.0339766496128464e+16,622948046441072.0,-1.0962714542569578e+16,-8.27325455562891,10.568458396031247,-56.08561134338379
1.805,3mer-0+3+190,-34416792914.43308,229418046.00809243,-34646210997.73916,-8.405160091825337,10.728434421114116,-56.50336742401123
1.805,3mer-0+3+237,-15562139073.048456,1185395247.0670629,-16747534356.162004,-8.164198278759386,10.418955445911024,-54.70021867752075
1.805,3mer-0+3+85,-519979881189.36914,81855369322.3661,-601835250548.7438,-8.365258969967726,10.676358423525926,-56.12130880355835
1.805,3mer-0+3+73,-116196842899342.78,3349604919518.5845,-119546447818898.98,-8.419779193438671,10.748933422528125,-56.7651481628418
1.805,3mer-0+3+257,-3595034970193.3003,191575161918.14212,-3786610132147.4707,-8.14768601742685,10.397366510954498,-54.64584922790527
1.805,3mer-0+3+54,-312835183144973.4,31834921931312.164,-344670105076323.25,-8.524494385435673,10.88044908075085,-57.43618631362915
1.805,3mer-0+3+318,-120849644997.94922,1304458652.9900858,-122154103687.52994,-8.277998755317867,10.5645925303877,-55.504549741744995
1.805,3mer-0+3+287,-2.389951859452447e+18,1588879089829271.2,-2.3915407385422746e+18,-8.262954776374954,10.543944294364792,-55.22323226928711
1.805,3mer-0+3+98,-105772716864.5226,2607915875.0966415,-108380632774.36235,-7.892278782065887,10.066182979408723,-52.77120590209961
1.805,3mer-0+3+481,-4854219699650.965,427812350344.4286,-5282032050031.645,-8.220899396253571,10.491375870393767,-55.03674840927124
1.805,3mer-0+3+374,-2705607832.6150055,199168214.6855637,-2904776084.291949,-8.332615656717962,10.634678082600885,-56.030155181884766
1.805,3mer-0+3+533,-206932162743.54776,274707762.4661514,-207206870542.2525,-8.219403292579045,10.488897059517512,-55.01818227767944
1.805,3mer-0+3+513,-18313116761.299595,2354327657.779057,-20667444455.65576,-8.280746894818321,10.567966026324257,-55.497058391571045
1.805,3mer-0+3+57,-25097916987.298088,3047624707.4428735,-28145541730.56213,-8.137078178451475,10.385483371688906,-54.4146203994751
1.805,3mer-0+3+522,-5158863534328.917,164641940342.5646,-5323505474707.979,-8.281411840952842,10.5682130312548,-55.425848960876465
1.805,3mer-0+3+222,-1774120407344.1572,354164331098.0923,-2128284738478.298,-8.200358648658039,10.465101937889813,-54.78648281097412
1.805,3mer-0+3+159,-2792700772.994419,71015005.11733174,-2863715814.128484,-8.17248247221346,10.430425185409831,-54.690608978271484
1.805,3mer-0+3+192,-1.1377332626239404e+18,5.803710664719136e+16,-1.195770369271131e+18,-8.246997763523495,10.52666384994086,-55.37557029724121
1.805,3mer-0+3+273,-20145976420001.43,8319274273193.383,-28465250693231.047,-8.241748030982535,10.516835037865121,-55.104997634887695
1.805,3mer-0+3+158,-43077738115691.34,28915710604.67059,-43106653826332.81,-8.275391626994178,10.562841367085412,-55.66742944717407
1.805,3mer-0+3+225,-4.110770859763262e+16,1.3551261011063916e+16,-5.465896960869662e+16,-8.15061896542602,10.401184623441168,-54.473941802978516
1.805,3mer-0+3+38,-1099218799.752285,313005184.53238815,-1412224019.3031766,-7.9302978909320245,10.113441427915632,-53.131025314331055
1.805,3mer-0+3+101,-3.4745700423575315e+17,6.390050825214322e+16,-4.113575124878959e+17,-8.465868310353017,10.806520147898937,-56.02209663391113
1.805,3mer-0+3+233,-36144875892020.64,11701696476297.758,-47846572368355.18,-8.321840460977,10.620584313192921,-55.78373980522156
1.805,3mer-0+3+62,-33961623950504.54,4434416214800.801,-38396040165341.484,-8.182026210274444,10.441241917166963,-54.84376525878906
1.805,3mer-0+3+365,-1312658190838.804,387879371700.3056,-1700537562575.424,-8.247162635321502,10.524207775597688,-55.15703296661377
1.805,3mer-0+3+422,-2359686654407454.5,5013824728082.395,-2364700479135573.5,-8.260783922233259,10.542640436134661,-55.37009048461914
1.805,3mer-0+3+314,-184111093402.75183,44704034948.57993,-228815128387.89352,-8.275343536531864,10.561236263120236,-55.46962833404541
1.805,3mer-0+3+118,-25607745678054.617,336631266304.2294,-25944376944394.85,-8.20159480227835,10.46718600140207,-54.746336936950684
1.805,3mer-0+3+230,-2.730570136754553e+16,213830503925593.38,-2.751953187147109e+16,-8.30577004824545,10.60079609479044,-55.691969871520996
1.805,3mer-0+3+456,-14937003780.447067,4199512752.6240373,-19136516569.780697,-8.319589547712212,10.61779028932392,-55.718624114990234
1.805,3mer-0+3+149,-1.2863070612532716e+18,5.06048543318729e+16,-1.336911915585142e+18,-8.150431257205582,10.401169675869369,-54.608633041381836
1.805,3mer-0+3+277,-1.157350897344597e+18,3.84194719265349e+16,-1.1957703692711311e+18,-8.267830422646057,10.550751158469666,-55.29172229766846
1.805,3mer-0+3+28,-5.347387945006867e+18,259717333729042.97,-5.347647662340591e+18,-8.004729976181807,10.216007481093584,-53.707101821899414
1.805,3mer-0+3+280,-2.387888931578566e+18,3651806963710706.0,-2.3915407385422746e+18,-8.256037316993115,10.534964479729297,-55.202725887298584
1.805,3mer-0+3+372,-786251326781330.2,39537680191899.96,-825789006973266.9,-8.208382044429754,10.476151313190485,-54.97919464111328
1.805,3mer-0+3+220,-275915672050746.1,18136134240727.547,-294051806291509.9,-8.185103366177827,10.445982506472319,-54.86696004867554
1.805,3mer-0+3+82,-884733120369.6273,38389262262.838905,-923122382668.5593,-8.23878273626815,10.512083200011148,-54.916372299194336
1.805,3mer-0+3+297,-14752367494.496532,2647597699.162864,-17399965229.83,-8.210633583536492,10.478507689962044,-54.93097543716431
1.805,3mer-0+3+308,-5647880369.899065,175153662.87627238,-5823034068.884625,-8.19102125222662,10.452068995881291,-54.82348442077637
1.805,3mer-0+3+35,-203911456481.52783,24651919875.519764,-228563376391.51437,-8.042021332254308,10.273831786642177,-52.85368347167969
1.805,3mer-0+3+445,-2.095832546302584e+16,40794683913472.16,-2.099912014693931e+16,-8.173911206236198,10.431684382447884,-54.763893127441406
1.805,3mer-0+3+325,-81837051568591.81,22281162345764.207,-104118213914392.89,-8.359363066947935,10.667346489631655,-55.9088773727417
1.805,3mer-0+3+349,-118327756080867.7,63496195685.026726,-118391252276588.86,-8.2097700171405,10.476556009776004,-54.93058109283447
1.805,3mer-0+3+369,-7.144080351707025e+16,5899062176253238.0,-7.733986569332352e+16,-8.319122035470855,10.617355387243379,-55.70588684082031
1.805,3mer-0+3+261,-140637640597029.88,23511800993865.65,-164149441590932.47,-8.345413620078034,10.650436942971282,-55.95364189147949
1.805,3mer-0+3+333,-6553071184858.713,16242852598.561466,-6569314037493.923,-8.300399511732621,10.593657762132125,-55.61483383178711
1.805,3mer-0+3+305,-425217862792.9392,4511775419.496163,-429729638248.5517,-8.185922320294367,10.44761831004621,-54.821298599243164
1.805,3mer-0+3+145,-15728133042073.846,348772562100.068,-16076905604211.107,-8.49582768579603,10.838898647822134,-56.61713981628418
1.805,3mer-0+3+364,-122301121137814.88,1119919310937.4226,-123421040448788.88,-8.251017477042751,10.53001985358469,-55.313175201416016
1.805,3mer-0+3+125,-249769103002.71918,12024533390.387318,-261793636429.15305,-8.16459760914563,10.419710061447631,-54.70151710510254
1.805,3mer-0+3+46,-20027628409.47902,326745513.8470294,-20354373956.76802,-7.713420294031039,9.837616540685758,-51.05693817138672
1.805,3mer-0+3+198,-211881197772.01636,20724824103.871613,-232606021912.05136,-8.21719655950642,10.485766315859792,-54.93702793121338
1.805,3mer-0+3+326,-18574597443.32312,1872940070.4971743,-20447537550.336823,-8.25644778426863,10.536777504122483,-55.38113212585449
1.805,3mer-0+3+111,-46350098616514.836,3777984321433.0737,-50128082937984.57,-8.321620543297058,10.619938294593567,-55.65859031677246
1.805,3mer-0+3+71,-5.305443853473037e+16,462190623385930.56,-5.35166291581163e+16,-8.384566030998712,10.700606145362372,-56.12914705276489
1.805,3mer-0+3+447,-5.33820734062233e+18,9440321718267152.0,-5.347647662340591e+18,-8.248560416229566,10.527546418182055,-55.37918567657471
1.805,3mer-0+3+177,-33776747265.64534,1648173141.0880742,-35424920442.033615,-8.055239850283442,10.278609102963628,-53.70413303375244
1.805,3mer-0+3+339,-9711745963.00644,50376359.55145853,-9762122359.126791,-8.278239261620229,10.56491683769923,-55.48343753814697
1.805,3mer-0+3+254,-4.96157734903862e+17,358885651158689.3,-4.9651662055502035e+17,-8.230073808673296,10.502841592785444,-55.18641662597656
1.805,3mer-0+3+172,-285821484525.78125,91997852011.40767,-377819336573.66235,-8.246510003694766,10.523252035489804,-55.31449222564697
1.805,3mer-0+3+87,-6599215799318.973,663177560563.2979,-7262393359919.257,-8.381915779696328,10.699103621853965,-56.13327217102051
1.805,3mer-0+3+397,-79926045903.93732,10285312379.565367,-90211358320.06464,-8.283156053702442,10.571122510750683,-55.48771357536316
1.805,3mer-0+3+160,-20815053498.125088,83382715.49549669,-20898436249.701557,-8.183933324491818,10.442878179872196,-54.77821969985962
1.805,3mer-0+3+396,-532163.0756446661,203993.19357614202,-736192.1806327291,-8.171415850957601,10.427606060663493,-54.58132553100586
1.805,3mer-0+3+109,-7.410114319990683e+16,394815610006022.3,-7.44959588099129e+16,-8.201104563015178,10.467121679050251,-54.79964065551758
1.805,3mer-0+3+147,-2.8825288396023654e+17,72954812290461.72,-2.883258387725268e+17,-8.326726017976853,10.62804883859053,-55.96890449523926
1.805,3mer-0+3+320,-273804247945756.62,29353693421671.59,-303157941367464.1,-8.130887940206094,10.377992675028281,-54.410823822021484
1.805,3mer-0+3+31,-1.1666406983216645e+18,311692279722987.4,-1.1669523906013873e+18,-9.568739562893825,12.2507489624968,-58.73031234741211
1.805,3mer-0+3+418,-20670360486885.168,191731569598.37457,-20862092056520.156,-8.303557571304054,10.596733394729881,-55.58893632888794
1.805,3mer-0+3+463,-55046012477.30773,5628999051.228099,-60675011565.0977,-8.282270025913249,10.569400239284505,-55.48509120941162
1.805,3mer-0+3+252,-49029507997.57498,5830484518.320299,-54859992552.619484,-8.311813074312568,10.607951682843805,-55.71551990509033
1.805,3mer-0+3+133,-1.0189556393665698e+16,18406438160068.484,-1.020796283182579e+16,-8.392879183887317,10.710498635173963,-56.154632568359375
1.805,3mer-0+3+289,-8.539513516245099e+16,711767181078959.5,-8.610690234352989e+16,-8.239487645312465,10.515427592114293,-55.126365661621094
1.805,3mer-0+3+175,-4234011533.468891,123189062.79917766,-4357200632.521831,-8.241163440833361,10.517839244713514,-55.08415699005127
1.805,3mer-0+3+313,-1874394337727.814,103060477231.77348,-1977454814995.92,-8.210957473727376,10.478913837460368,-55.09407091140747
1.805,3mer-0+3+23,-4.899096345163609e+17,4.485513171768485e+16,-5.347647662340455e+17,-7.465018206183913,9.519996709282395,-50.26569080352783
1.805,3mer-0+3+171,-1.7825484467004613e+18,774079732391.5653,-1.7825492207801923e+18,-8.202128277243219,10.466951026498236,-54.968273639678955
1.805,3mer-0+3+139,-311204567071.14655,9350202991.258274,-320554770099.2557,-8.309701127292783,10.608409720180362,-55.840826988220215
1.805,3mer-0+3+388,-62932483387653.57,4018307637980.535,-66950791025670.54,-8.262701175523716,10.544806339429897,-55.25490093231201
1.805,3mer-0+3+165,-3236012159918853.0,19205323599780.965,-3255217483518672.5,-8.157541430330639,10.412148320340748,-54.90754413604736
1.805,3mer-0+3+214,-6215501552493.734,114659470899.1965,-6330161023429.138,-8.185331482492984,10.44696794072479,-54.90115261077881
1.805,3mer-0+3+480,-23071684706.162163,4528952955.633415,-27600637698.44022,-8.273729218287599,10.559603797154296,-55.54983901977539
1.805,3mer-0+3+131,-2404467745805300.0,2609996266724.5005,-2407077742072062.5,-8.294095233531152,10.580952450184668,-55.11934471130371
1.805,3mer-0+3+79,-303361663562.6556,36636656701.37599,-339998320300.8447,-8.486654730201508,10.82062867128775,-56.19139862060547
1.805,3mer-0+3+146,-1.5412024793240612e+16,353215714861413.4,-1.5765240508102054e+16,-8.06023486002664,10.286856814778048,-53.53601264953613
1.805,3mer-0+3+72,-1379723933226.713,98171938769.66092,-1477895872033.4556,-8.32223145001808,10.62837775713524,-56.10512924194336
1.805,3mer-0+3+208,-12488037813.335556,484579590.82165813,-12972617440.773314,-8.341029209799217,10.64390655069883,-55.672492027282715
1.805,3mer-0+3+142,-2661154552978.8447,51265089505.01704,-2712419642519.5947,-8.120471485717417,10.362366191284536,-54.28938150405884
1.805,3mer-0+3+123,-1553025562043.1526,165507311394.72955,-1718532873474.0562,-8.181184137819173,10.441209470274089,-54.86818313598633
1.805,3mer-0+3+216,-8.622831149714774e+16,7647874082379928.0,-9.38761855795276e+16,-8.31264268544237,10.608264335126478,-55.32514190673828
1.805,3mer-0+3+370,-2.1349539076869072e+17,7791844007490182.0,-2.212872347761804e+17,-8.328955514729842,10.6302405759684,-55.7877254486084
1.805,3mer-0+3+436,-8048454899.101554,29631832.95591833,-8078086768.5245495,-8.254717418943983,10.53471319934215,-55.327494621276855
1.805,3mer-0+3+97,-2287889130884.5366,459520529341.89435,-2747409660263.2603,-8.315350550984022,10.61177824082506,-55.82773017883301
1.805,3mer-0+3+210,-1150183170469106.0,36648033883700.12,-1186831204352842.5,-8.208799826834138,10.475849640634124,-55.151058197021484
1.805,3mer-0+3+415,-26372635495.699936,3731391369.601241,-30104026901.805676,-8.27862161738176,10.565395411426834,-55.41990375518799
1.805,3mer-0+3+204,-29861869390.489532,5380147903.509961,-35242017329.67719,-8.143128566079668,10.389338322348067,-54.280898094177246
1.805,3mer-0+3+77,-96456773791.03835,4499547389.000954,-100956321215.4557,-8.008419324883562,10.222186754218,-53.71743059158325
1.805,3mer-0+3+394,-296090741865009.4,9693319186936.912,-305784061051982.44,-8.230627229080255,10.503842899932806,-55.15257549285889
1.805,3mer-0+3+293,-13581115150.033094,24638048.801117744,-13605753236.132195,-8.409233536874353,10.731437239492834,-56.510393142700195
1.805,3mer-0+3+476,-1.990359096899969e+17,259151855186122.53,-1.9929506154518262e+17,-8.297330471851183,10.589121010921644,-55.60101294517517
1.805,3mer-0+3+595,-2.672905933775677e+18,917897394610515.8,-2.673823831170287e+18,-8.214055348568309,10.482244442767751,-54.98579454421997
1.805,3mer-0+3+104,-1469460256973.4043,350067263827.77167,-1819527520836.8677,-8.038445726000646,10.259712919629237,-54.05997085571289
1.805,3mer-0+3+199,-13463311827.869404,183204906.3882048,-13646516770.374851,-8.196526153530158,10.460463659320794,-54.84506058692932
1.805,3mer-0+3+572,-196190307915.3413,71709413527.06454,-267899721478.91373,-8.280024971432795,10.566509280733953,-55.425698041915894
1.805,3mer-0+3+519,-6478727553.851265,1835983263.8458447,-8314710854.268209,-8.28530370798444,10.57311857137347,-55.50084710121155
1.805,3mer-0+3+363,-1790358161363.0828,103497221784.558,-1893855383183.9475,-8.258495976789163,10.538263151781393,-55.171924114227295
1.805,3mer-0+3+428,-1190952511056.7815,83076242646.14288,-1274028753739.3704,-8.255051176842699,10.534361321631422,-55.30527591705322
1.805,3mer-0+3+309,-807102947035.4791,516400717.2680159,-807619347789.1506,-8.21721410448481,10.487493994880424,-55.18034076690674
1.805,3mer-0+3+547,-58788464591.80941,615401316.3773094,-59403865944.81749,-8.26941630871761,10.55339100329411,-55.52501106262207
1.805,3mer-0+3+255,-105005284234945.2,1162668916264.6372,-106167953151246.08,-8.20571853414367,10.472136003820196,-54.99799728393555
1.805,3mer-0+3+163,-146068444522.0222,16770900545.670746,-162839345104.32547,-8.267134232651642,10.550548510420867,-55.521399974823
1.805,3mer-0+3+119,-4022461321.199146,1329432811.4302788,-5351894169.880751,-8.405631146993755,10.727499880227924,-56.45709466934204
1.805,3mer-0+3+121,-175977376260.4676,22916617188.05896,-198893993484.63483,-8.283183920715828,10.566165101195793,-55.02799034118652
1.805,3mer-0+3+689,-853036491009.9216,126595365048.11412,-979631856094.3616,-8.225589152057864,10.4973048012655,-55.118940114974976
1.805,3mer-0+3+417,-4076802511866.759,68836809796.6168,-4145639321699.8677,-8.257776076138953,10.539182847200891,-55.357421875
1.805,3mer-0+3+315,-1620735957.793745,15073976.689396618,-1635809971.0344625,-8.282583051766323,10.570372766409946,-55.47570991516113
1.805,3mer-0+3+92,-738142000160959.4,9693657935085.973,-747835658096083.1,-8.364046972472806,10.674862939636569,-56.05276703834534
1.805,3mer-0+3+96,-22926036467.450966,3090290709.077372,-26016327213.38914,-8.332950122062812,10.634322636421075,-55.89987134933472
1.805,3mer-0+3+359,-4594773599264496.0,61165590765588.58,-4655939190030118.0,-8.282789066321811,10.570138141624966,-55.53578972816467
1.805,3mer-0+3+155,-27883354159472.453,8658466628547.98,-36541820788055.76,-8.037400477986239,10.257803684611417,-53.682777404785156
1.805,3mer-0+3+195,-1.166919380987558e+18,33009613834172.57,-1.1669523906013908e+18,-8.190125358668638,10.45152722540729,-54.802565574645996
1.805,3mer-0+3+74,-6608519204.179788,32572643.82229466,-6641091885.207429,-8.458570438052902,10.795738262508621,-56.53246784210205
1.805,3mer-0+3+284,-30654236467922.797,3770178167667.8374,-34424414635626.625,-8.144386126748032,10.39418236995607,-54.61253547668457
1.805,3mer-0+3+275,-1196086730096551.0,92036855045878.16,-1288123585142467.5,-8.326137982429827,10.625316418586408,-55.812418699264526
1.805,3mer-0+3+154,-5.347552722590344e+18,94939750253015.39,-5.347647662340591e+18,-8.27471357106424,10.559871618755096,-55.328545570373535
1.805,3mer-0+3+249,-2246999477821.666,17790746381.595615,-2264790224239.6167,-8.231541905717904,10.504399504346793,-55.16221809387207
1.805,3mer-0+3+462,-5.347420882338847e+18,226780001749864.88,-5.347647662340591e+18,-8.215055013346728,10.483182167363111,-54.991307735443115
1.805,3mer-0+3+188,-671794049368.3549,17334063996.654644,-689128113401.2572,-8.257174652179401,10.53855117026933,-55.114670753479004
1.805,3mer-0+3+566,-2.3674672513762217e+18,2.4073487166054876e+16,-2.3915407385422746e+18,-8.264745342455399,10.547595393933761,-55.29367160797119
1.805,3mer-0+3+60,-47802169449.25221,5169737329.678627,-52971906818.28858,-8.75325539432788,11.177423926961183,-59.3609619140625
1.805,3mer-0+3+265,-140643466770.11392,3366484397.665361,-144009951203.89606,-8.184085748174766,10.444227554819008,-54.8165009021759
1.805,3mer-0+3+219,-122380178627066.4,3984290824171.3413,-126364469451273.64,-8.205266623595662,10.469786019226603,-54.649871826171875
1.805,3mer-0+3+373,-23436241072.168987,1852890477.2445006,-25289131585.646496,-8.202116502592617,10.46727799051041,-54.97363567352295
1.805,3mer-0+3+122,-507756155764253.1,128776461825761.4,-636532617590050.6,-8.256781854017618,10.538291655198691,-55.44289302825928
1.805,3mer-0+3+276,-1094708471229.357,4284610208.617256,-1098993081474.69,-8.314113563352294,10.61054139728003,-55.71150231361389
1.805,3mer-0+3+239,-64867104735.10464,28292638475.44994,-93159743246.93152,-8.234607751576505,10.509530012400546,-55.1923131942749
1.805,3mer-0+3+166,-49372783702940.97,2083536800155.9688,-51456320503133.11,-8.140766506012369,10.390758152190756,-54.72731065750122
1.805,3mer-0+3+117,-6.626448836423636e+17,649174832643929.0,-6.632940584750068e+17,-8.295398684281508,10.584995297652085,-55.70199966430664
1.805,3mer-0+3+295,-280672825833.2232,2177952105.049857,-282850777974.9079,-8.296429045446985,10.588628403893836,-55.59179401397705
1.805,3mer-0+3+328,-663291636513.1372,22618337657.708458,-685909974206.9324,-8.172815635065263,10.429841683049972,-54.76005554199219
1.805,3mer-0+3+99,-16134984369.718071,114725660.94391437,-16249710067.78432,-8.41705564737049,10.744045217039911,-56.35589551925659
1.805,3mer-0+3+217,-45173459024.86462,2437637477.0967526,-47611096538.01508,-8.15529069482318,10.407695917496767,-54.68732810020447
1.805,3mer-0+3+391,-1306948522398.1924,126519647239.05618,-1433468169673.832,-8.267435412421264,10.551455636010132,-55.47308325767517
1.805,3mer-0+3+202,-514077924307.3954,37031251076.693825,-551109175421.2649,-8.390989009285931,10.710001286124225,-56.348602294921875
1.805,3mer-0+3+321,-33755378668578.707,288626085337.7394,-34044004753952.543,-8.195175052423338,10.458216547231814,-54.8336706161499
1.805,3mer-0+3+24,-3746935091524484.5,24985976522718.36,-3771921068047242.0,-8.44047182867007,10.772626697330907,-56.27689170837402
1.805,3mer-0+3+55,-1.0130262323036258e+17,267545153520539.34,-1.0157016838388307e+17,-8.052599850418574,10.26562601017713,-53.33281707763672
1.805,3mer-0+3+380,-3.649303241395615e+18,2547060148003138.5,-3.6518503015436186e+18,-8.301387712147744,10.594308451029747,-55.582836627960205
1.805,3mer-0+3+234,-440994624423998.06,11129109552373.443,-452123733976407.2,-8.199835799160155,10.465702035007325,-55.03314018249512
1.805,3mer-0+3+499,-93933154117.98466,8395760130.249914,-102328914284.67204,-8.28260999141412,10.56989187778754,-55.361252307891846
1.805,3mer-0+3+430,-11937846784.175962,984744508.6222079,-12922591329.231768,-8.240526727571023,10.516785093412864,-55.2623348236084
1.805,3mer-0+3+324,-116323698608.92972,14700907873.212975,-131024606518.71704,-8.275739894425442,10.562045111144016,-55.48364305496216
1.805,3mer-0+3+455,-420828994141.93506,23633435934.879406,-444462430113.2904,-8.270745909408788,10.555981957717677,-55.374070167541504
1.805,3mer-0+3+86,-5.347199873722858e+18,447788617737985.94,-5.347647662340591e+18,-8.356974875177912,10.660407746587225,-56.03433418273926
1.805,3mer-0+3+65,-549448985109.48846,42462006988.28406,-591910992131.3673,-8.03253382072694,10.237733665845326,-51.9333381652832
1.805,3mer-0+3+70,-61562065714.19525,1511220778.5798733,-63073286530.73256,-8.637306614152294,11.030892925032276,-57.69830513000488
1.805,3mer-0+3+207,-37930829314.173546,2886127993.716609,-40816957344.842865,-8.366397756750757,10.678888898675268,-56.06987166404724
1.805,3mer-0+3+271,-9141113440084.994,24054252363.229065,-9165167692484.887,-8.301440617364278,10.594429829794535,-55.64144253730774
1.805,3mer-0+3+355,-817798301188.8815,11960129676.81624,-829758430902.265,-8.261967724978376,10.545329981625628,-55.44514083862305
1.805,3mer-0+3+285,-7910260565543.542,372026118219.94183,-8282286683799.764,-8.245721743635158,10.522991730638523,-55.11564111709595
1.805,3mer-0+3+414,-151826200169.0158,37335662765.80991,-189161862971.0225,-8.201948115563482,10.466858914160639,-54.93653154373169
1.805,3mer-0+3+260,-36506049021591.22,769504657798.1586,-37275553679425.56,-8.215177209082412,10.484082548913193,-54.96298670768738
1.805,3mer-0+3+300,-6.597134242677173e+16,2.838195008775962e+16,-9.435329251453131e+16,-8.281104685885339,10.569600460904212,-55.591835021972656
1.805,3mer-0+3+201,-523344410610.59375,8063017643.142593,-531407428289.838,-8.206886988537008,10.47263409529478,-54.8513617515564
1.805,3mer-0+3+441,-2853280018461.222,334814166564.05066,-3188094185061.821,-8.30139697791651,10.593745577320306,-55.51440143585205
1.805,3mer-0+3+48,-3907903170812.1826,294268304.4223047,-3908197439148.6826,-7.752810914532347,9.879845182879762,-49.77814865112305
1.805,3mer-0+3+153,-3760069118294.9062,735979415766.1362,-4496048534097.86,-8.377968237509549,10.691316201577365,-55.95578670501709
1.805,3mer-0+3+514,-6.760134259500747e+16,429700521603068.44,-6.803104311661049e+16,-8.265304792381585,10.548214208625495,-55.34508991241455
1.805,3mer-0+3+350,-740340665798237.9,3757338174153.6216,-744098003972427.6,-8.231898572731097,10.505529615592877,-55.188522815704346
1.805,3mer-0+3+226,-4518189533.660532,138207166.32836834,-4656396736.633038,-8.30251567450182,10.595266174405651,-55.61339259147644
1.805,3mer-0+3+138,-1.0888165772388396e+18,2767430837961696.5,-1.0915840080768003e+18,-8.145047502746138,10.394013328323808,-54.49703073501587
1.805,3mer-0+3+268,-37280257054141.44,33670354073.175426,-37313927408251.266,-8.306275327922776,10.600410501239821,-55.63962173461914
1.805,3mer-0+3+169,-3100538864.5407085,84914767.84680268,-3185453668.6471586,-8.196442096969804,10.46203616307048,-54.98964262008667
1.805,3mer-0+3+279,-791150388843.4116,192883669649.80307,-984034058529.902,-8.282930646917748,10.572134698846412,-55.61553192138672
1.805,3mer-0+3+346,-1991703289058.2422,579058279944.1904,-2570761569038.7124,-8.236472003168956,10.511965639882192,-55.09608578681946
1.805,3mer-0+3+454,-66765037751459.98,1819544329356.2786,-68584582080852.48,-8.223497059210786,10.49545583500003,-55.054057359695435
1.805,3mer-0+3+378,-977213224142696.2,32328363936225.75,-1009541588078958.9,-8.190228127428554,10.452861405423619,-54.92174744606018
1.805,3mer-0+3+224,-5.347558665056861e+18,88997283735995.73,-5.347647662340591e+18,-8.247635837999724,10.526072028668978,-55.19441080093384
1.805,3mer-0+3+545,-2.886720071783242e+16,6014037741867727.0,-3.4881238459700164e+16,-8.20586269344517,10.4719541743832,-54.97395849227905
1.805,3mer-0+3+338,-137356142750.49055,20856686930.176655,-158212829716.82886,-8.18473615338803,10.444797614312165,-54.861966133117676
1.805,3mer-0+3+33,-24450872402444.117,12639368936222.053,-37090241338700.51,-7.981562385858524,10.178551902471554,-52.561452865600586
1.805,3mer-0+3+43,-1.7583203299800138e+18,6.760482079179421e+16,-1.8259251507718054e+18,-7.787887730867624,9.935065111844779,-52.62552547454834
1.805,3mer-0+3+108,-1.3368303810997665e+18,81534485377095.97,-1.3369119155851397e+18,-8.483507211203005,10.828935091500853,-56.743247509002686
1.805,3mer-0+3+64,-58036677374015.37,15153048922234.268,-73189726296287.16,-8.487224854308124,10.83217879406834,-56.82859516143799
1.805,3mer-0+3+83,-128692105352.05347,8608707857.144955,-137300813245.09424,-8.109959015645927,10.350906958780342,-54.42787742614746
1.805,3mer-0+3+341,-15499650759.3685,1122860142.3540325,-16622510938.071009,-8.229139304157115,10.503025078777455,-55.15150165557861
1.805,3mer-0+3+433,-13876917644572.062,350614375014.1398,-14227532019622.418,-8.212384241327982,10.480936033025046,-54.975929260253906
1.805,3mer-0+3+26,-9.395898901200845e+17,5749591239259921.0,-9.453394813593441e+17,-8.251018337146661,10.527103611095527,-55.082855224609375
1.805,3mer-0+3+251,-1396065501.2633991,2109138.4422222325,-1398174676.0691338,-8.210873300947924,10.478378121934156,-55.12385416030884
1.805,3mer-0+3+200,-19443888906.135307,3432107475.974292,-22875996418.69884,-8.299214676975453,10.590746565700329,-55.55060577392578
1.805,3mer-0+3+229,-792326034412895.0,88019434312493.72,-880345468725425.0,-8.24257733526565,10.520403125854955,-55.13809061050415
1.805,3mer-0+3+379,-2.672347264491836e+18,1476566678451637.2,-2.673823831170287e+18,-8.295512953734715,10.587597569489162,-55.62874460220337
1.805,3mer-0+3+240,-1528482991.2951791,2479805.64986198,-1530962833.6567829,-8.368021006829622,10.678598408453581,-55.82987976074219
1.805,3mer-0+3+312,-2893509019851865.0,48297546024628.39,-2941806565876530.0,-8.268551370199248,10.55355022281833,-55.40560722351074
1.805,3mer-0+3+498,-6477701435460.664,746509550111.1313,-7224210985608.408,-8.28440071626028,10.573328480288183,-55.54128694534302
1.805,3mer-0+3+266,-144271381614820.88,30459143643775.93,-174730525258633.06,-8.193565155311262,10.456282829002703,-54.85341453552246
1.805,3mer-0+3+371,-2.1382908225394746e+17,2336762456021992.5,-2.16165844709969e+17,-8.152058238338896,10.403824215579561,-54.52732467651367
1.805,3mer-0+3+95,-3.536212700587472e+17,1.628325351130318e+16,-3.6990452357004934e+17,-8.304082348380689,10.596676394905444,-55.49130630493164
1.805,3mer-0+3+170,-2391871335843.411,116187927775.94435,-2508059263655.2764,-8.186335872081372,10.446386982532886,-54.618398666381836
1.805,3mer-0+3+526,-379006074499.6631,435229200.61654305,-379441303736.6033,-8.222880167030553,10.494448142982264,-55.11198139190674
1.805,3mer-0+3+362,-59029632767.00792,2086609872.8051124,-61116242676.09558,-8.210862552213484,10.47885736317653,-55.04367232322693
1.805,3mer-0+3+168,-202287435197321.3,2574621863223.582,-204862057060580.94,-8.186825271038742,10.447457794757156,-54.807567834854126
1.805,3mer-0+3+292,-614028010189883.6,20058038814669.98,-634086049004589.5,-8.298118237096787,10.590276118677139,-55.5842227935791
1.805,3mer-0+3+317,-71000325334.39891,13479472383.27303,-84479797754.29633,-8.287155918677854,10.575519509712649,-55.55844569206238
1.805,3mer-0+3+304,-100101171135307.64,4819595133214.915,-104920766268559.17,-8.29894898493967,10.59013153950491,-55.50421357154846
1.805,3mer-0+3+354,-2.6130851334746172e+16,373257482244517.1,-2.65041088169907e+16,-8.321245632489536,10.61928848234811,-55.66169214248657
1.805,3mer-0+3+286,-3208463314.5434976,51708989.94252527,-3260172340.699743,-8.226672525334152,10.498587255549637,-55.00986433029175
1.805,3mer-0+3+404,-5995732675.835769,342810538.74902564,-6338543250.745542,-8.191164945174705,10.453950907181252,-54.87694263458252
1.805,3mer-0+3+609,-18159011795.925842,2197158175.25014,-20356170007.661747,-8.282135612005732,10.569033258920172,-55.40839910507202
1.805,3mer-0+3+129,-6370685182843.461,1095206725844.6403,-7465891908724.596,-8.229595811271793,10.50387605915057,-55.2939338684082
1.805,3mer-0+3+12,-4830327010.150851,605680.2461856345,-4830932728.555465,-8.75297370231101,11.180465552449732,-58.16429901123047
1.805,3mer-0+3+281,-4836553061390799.0,367752478178.82806,-4836920813869015.0,-8.250945281189388,10.527525711852604,-55.139883041381836
1.805,3mer-0+3+342,-384314048483734.44,4909612398863.412,-389223660882634.75,-8.331737488815861,10.63295748799078,-55.95034980773926
1.805,3mer-0+3+103,-2.6731165678179425e+18,707263352344887.4,-2.673823831170287e+18,-8.353684174461478,10.664628279762155,-55.51888656616211
1.805,3mer-0+3+474,-392779869665.10944,17170794213.88845,-409950663915.5522,-8.291798104867894,10.580955038442653,-55.499114990234375
1.805,3mer-0+3+66,-524534698637062.56,28614388076273.43,-553149086713373.3,-8.407181641205852,10.738112548247273,-56.846153259277344
1.805,3mer-0+3+227,-165840133569815.47,12913621887186.564,-178753755457038.62,-8.274054035540985,10.558810248974396,-55.50863313674927
1.805,3mer-0+3+215,-299774805725.1356,7478734924.965667,-307253540686.1841,-8.179739353494597,10.438897254629182,-54.77283787727356
1.805,3mer-0+3+105,-1222236758420928.8,121836260016703.16,-1344073018437668.0,-8.325371077001591,10.623460481225948,-55.08760929107666
1.805,3mer-0+3+387,-2.6738156136377047e+18,8217532583019.226,-2.673823831170287e+18,-8.328514905051861,10.629227785988178,-55.862056732177734
1.805,3mer-0+3+193,-25968104949.52981,66562973.745661736,-26034667958.90033,-8.102220053430983,10.337364678624681,-54.13462734222412
1.805,3mer-0+3+126,-18578019920.43045,1049986009.3270239,-19628005966.547604,-8.309960214544162,10.605316312860623,-55.77701187133789
1.805,3mer-0+3+283,-7668049741088489.0,715480698714030.2,-8383530439802549.0,-8.279815125287541,10.567427230059138,-55.46461009979248
1.805,3mer-0+2+3,-7.730896698888097,9.801691322289505,-50.925628592147554,-7.752120204345033,9.831620030029967,-51.03968048095703
1.805,3mer-0+3+7,-12.942868350900198,16.43320609796873,-80.53936611725992,-12.967652086974567,16.4692299320684,-80.66991424560547
1.805,3mer-0+3+9,-10.089328642786679,12.901298384371717,-64.87087000077322,-10.11503644593472,12.937129539172702,-65.00643157958984
1.805,3mer-0+3+50,-8.500817663215846,10.840635773580935,-55.40117997256388,-8.52441018624927,10.873680176299558,-55.529075622558594
1.805,3mer-0+3+10,-10.755487429136632,13.73669950158282,-67.90698291929955,-10.780485350941262,13.771421234752097,-68.03876972198486
1.805,3mer-0+3+18,-10.029801233810694,12.750370296580297,-66.20618205813093,-10.054065546643642,12.78548828636417,-66.33976364135742
1.805,3mer-0+3+14,-8.39022687334895,10.562917637335318,-56.80865840241199,-8.41416433402901,10.595746249467084,-56.93568420410156
1.805,3mer-0+3+16,-9.986286237504224,12.633036733958386,-61.32768117722748,-10.011131719232253,12.668139978765794,-61.458473205566406
1.805,3mer-0+3+30,-9.479715747926736,12.149729694802486,-58.83654943910674,-9.505231812109628,12.185258910546622,-58.971885681152344
1.805,3mer-0+3+8,-10.470829002051099,13.218025725737094,-69.17853495077188,-10.49269966474526,13.249930340137553,-69.30839157104492
1.805,3mer-0+3+4,-12.036578372224504,15.497396384837874,-74.13521981500969,-12.063158542578662,15.536962001854931,-74.27915954589844
1.805,3mer-0+1+3,-11.771239914426351,15.087934352141875,-65.19739164329224,-11.800185358714657,15.129532658863468,-65.35028076171875
1.805,3mer-0+3+356,-1639948992325.9106,867545853642.5631,-2507494846004.7397,-8.194922409971241,10.458730973283764,-54.99189043045044
1.805,3mer-0+3+11,-21.01111276797348,28.130038147947257,-124.27522271439625,-21.056776993255312,28.198422439117735,-124.50627136230469
1.805,3mer-0+3+528,-159383822265991.56,4829408564141.682,-164213230830169.8,-8.257341138186803,10.538518198666225,-55.36231327056885
1.805,3mer-0+3+141,-5574212577.128448,338394950.15210915,-5912607563.266078,-8.17238378258321,10.431451800149944,-54.66055488586426
1.805,3mer-0+3+235,-2.3721734915189427e+18,1.93672470233337e+16,-2.391540738542274e+18,-8.266657205361298,10.551675466757843,-55.62089157104492
1.805,3mer-0+3+290,-7.345555944938468e+17,304204138146.7398,-7.345558986979837e+17,-8.200108859688271,10.464340355247032,-54.79657697677612
1.805,3mer-0+3+156,-577637509818.3042,8317607386.955909,-585955117241.9666,-8.303210744153375,10.597137919176703,-55.67860245704651
1.805,3mer-0+3+360,-474767457974.0243,24696327665.068584,-499463785675.60443,-8.26298741964115,10.544594481909144,-55.39018440246582
1.805,3mer-0+3+262,-82666959378.59302,1650771625.1642044,-84317731040.3933,-8.293736347424101,10.584941020739961,-55.5863983631134
1.805,3mer-0+3+291,-17021333851678.578,1240808056.1882422,-17022574659771.805,-8.397814542191554,10.716164797408055,-56.24556922912598
1.805,3mer-0+3+278,-8653964671509316.0,297242360663755.3,-8951207032173106.0,-8.309330062468007,10.606538696687267,-55.88295936584473
1.805,3mer-0+3+223,-2955623387974.533,1076331340615.3304,-4031954728626.575,-8.352359780520146,10.658133021146114,-55.796483516693115
1.805,3mer-0+3+334,-2961380635318.6187,42456097643.02102,-3003836732997.771,-8.210248490725462,10.476585844601686,-54.88924789428711
1.805,3mer-0+3+521,-154120149577.93118,11928928055.927736,-166049077670.45816,-8.280466115116724,10.56813927924668,-55.51934576034546
1.805,3mer-0+3+247,-2929052364692368.5,325294601504083.3,-3254346966196488.0,-8.241770188176133,10.519236167109511,-55.18131923675537
1.805,3mer-0+3+106,-3.0966450069146235e+18,117855274833164.11,-3.0967628621894564e+18,-8.137864897186091,10.3807241225893,-54.06138038635254
1.805,3mer-0+3+89,-23725625786301.71,11577633470523.102,-35303259256861.25,-8.203060702700213,10.472022457700177,-55.165382385253906
1.805,3mer-0+3+302,-3671215566.855135,24602814.64988614,-3695818417.963954,-8.299830175848456,10.59213616707757,-55.421935081481934
1.805,3mer-0+3+311,-101627397501360.97,14094743403666.797,-115722140905064.02,-8.21776715242595,10.487294760110672,-54.962623596191406
1.805,3mer-0+3+437,-42034237753.22145,11719928894.257425,-53754166683.92226,-8.232512639375727,10.507054163602788,-55.25414752960205
1.805,3mer-0+3+537,-87381220499.20157,3360103145.5629106,-90741323681.33325,-8.269512040488053,10.554142134316635,-55.46389055252075
1.805,3mer-0+3+298,-865528349748.4688,42262291464.114365,-907790641249.2305,-8.288245148079113,10.576997809989734,-55.58434867858887
1.805,3mer-0+3+148,-78870362724.6993,6523626727.521514,-85393989488.29471,-8.198011692224327,10.460815612615761,-54.803062438964844
1.805,3mer-0+3+510,-5.6392693849750496e+17,2922580012686627.0,-5.6684951851019117e+17,-8.288720699695205,10.577738908382798,-55.51365923881531
1.805,3mer-0+3+151,-57990782387.44973,46374659517.583,-104365441942.12164,-8.36908171860091,10.681520717464764,-56.21105909347534
1.805,3mer-0+3+495,-220230012297.1366,4430223344.832319,-224660235678.22202,-8.22031621078304,10.49079676529118,-55.03564977645874
1.805,3mer-0+3+42,-9488011854694.34,160579905180.5563,-9648591759911.957,-8.647782682457773,11.034089685401113,-56.832613945007324
1.805,3mer-0+3+352,-200560495788867.78,15077061594397.875,-215637557383301.8,-8.252611045574213,10.531675453449225,-55.1964168548584
1.805,3mer-0+3+174,-2885557632722.083,233553434879.0575,-3119111067637.8506,-8.3177649218419,10.615995482744893,-55.718788146972656
1.805,3mer-0+3+409,-703316892000.155,84320678191.23825,-787637570227.9634,-8.28243514766018,10.568836243254736,-55.49301314353943
1.805,3mer-0+3+132,-1161785082667.901,643747370474.379,-1805532453177.3967,-7.978873147215836,10.186608420166976,-53.35191345214844
1.805,3mer-0+3+143,-679863040610.5159,39380567611.36174,-719243608258.6149,-8.336822376535793,10.639737739278416,-55.7861967086792
1.805,3mer-0+3+337,-8.912503613378381e+17,24249052253265.703,-8.912746103900902e+17,-8.18728371239149,10.448072713847523,-54.80622601509094
1.805,3mer-0+3+491,-23204843155.385742,692868349.3409754,-23897711541.13774,-8.266884458147388,10.549193727887769,-55.29853820800781
1.805,3mer-0+3+401,-24410114113.63596,517811653.50178283,-24927925803.65777,-8.262626748480898,10.544779438576597,-55.39873027801514
1.805,3mer-0+3+319,-195485725767737.75,3765208462886.5923,-199250934230660.38,-8.195005963638778,10.459500719710832,-55.007394790649414
1.805,3mer-0+3+258,-1813543167190.1423,203570962261.2301,-2017114129487.8625,-8.298679155785067,10.58881016306259,-55.44830513000488
1.805,3mer-0+3+488,-1.2090152909362254e+17,1.694458743087766e+16,-1.3784611652450018e+17,-8.208087252518908,10.474471760847791,-54.976420402526855
1.805,3mer-0+3+534,-97982289243.21143,3383530422.6883655,-101365819702.14246,-8.211350685804518,10.479300015718309,-55.004446506500244
1.805,3mer-0+3+203,-1266740618404130.2,49937831156505.02,-1316678449560671.2,-8.317312073158973,10.616711783957726,-55.88426494598389
1.805,3mer-0+3+189,-1.9863865295674775e+18,31563508073270.184,-1.9864180930755497e+18,-8.37465873706401,10.688750114559525,-55.90040588378906
1.805,3mer-0+3+431,-8433181224407.57,113479220824.36154,-8546660445268.237,-8.258943099116323,10.539829235936168,-55.18011999130249
1.805,3mer-0+3+345,-118788802699.21725,5769917304.743547,-124558720040.48012,-8.269878672522964,10.554518414574204,-55.41496467590332
1.805,3mer-0+3+267,-559288206748.5299,32697190134.06534,-591985396919.1707,-8.267592161289485,10.551165849574772,-55.465749740600586
1.805,3mer-0+3+167,-58236908775.287476,1281199224.0922866,-59518108036.346436,-8.369918346350914,10.680740833336586,-56.08957481384277
1.805,3mer-0+3+464,-625593538.4202279,13626841.1750983,-639220415.8553729,-8.22872856051913,10.500283690381139,-55.060099601745605
1.805,3mer-0+3+457,-4236875525060.3696,410414028859.8087,-4647289553956.46,-8.240237830422302,10.51546704933844,-55.1046199798584
1.805,3mer-0+3+157,-4.1453237712457005e+17,3048749216691869.0,-4.175811263412611e+17,-8.314992288228723,10.611412187937049,-55.585808753967285
1.805,3mer-0+3+173,-4.130055513732511e+16,446104191879361.06,-4.174665932920455e+16,-8.151412302570634,10.402182763499923,-54.60568952560425
1.805,3mer-0+3+84,-7118005493520.416,496960214355.15063,-7614965707910.769,-8.00397403301281,10.218728470191536,-53.491044998168945
1.805,3mer-0+3+114,-47715817673.92068,1503082363.4548483,-49218900074.10405,-8.281280180812928,10.569373467563537,-55.65002250671387
1.805,3mer-0+3+453,-1.945775744058435e+16,99755063111748.67,-1.9557512503696104e+16,-8.276663319206591,10.562385066413526,-55.41783142089844
1.805,3mer-0+3+100,-1422413389696113.5,205984696474800.56,-1628398086170950.8,-8.414323350685663,10.734912374717169,-56.35109996795654
1.805,3mer-0+3+80,-2898082234914.484,361460346535.8285,-3259542581487.7363,-8.43204526803288,10.760370923068194,-56.68838119506836
1.805,3mer-0+3+406,-1.7954451635867444e+16,103683264895125.55,-1.8058134900762604e+16,-8.215916772880973,10.484538177451668,-54.998475074768066
1.805,3mer-0+3+490,-473763309255.40204,19877480760.12756,-493640790052.00586,-8.241567754593234,10.51890263572659,-55.30785274505615
1.805,3mer-0+3+330,-1.871985297586642e+17,6583190689798.003,-1.8720511294935366e+17,-8.24683935175949,10.523786716355744,-55.25747108459473
1.805,3mer-0+3+329,-6651402609.738317,833195124.5932925,-7484597770.846816,-8.2664305788212,10.54932812631796,-55.40239715576172
1.805,3mer-0+3+248,-2990345938729.5635,1261844709.8008797,-2991607783475.597,-8.21646504397745,10.486207914396573,-55.01029968261719
1.805,3mer-0+3+15,-6151692413.56507,5719927387.894638,-11871619834.673824,-7.745369619669418,9.867497735677262,-50.893558502197266
1.805,3mer-0+3+41,-43751667719.74984,105747978.56028792,-43857415737.22389,-8.713551350532725,11.130374125541493,-58.8294677734375
1.805,3mer-0+3+471,-29941712094621.863,1900941830413.692,-31842653925071.95,-8.229309707477114,10.502899974987486,-55.191744327545166
1.805,3mer-0+3+270,-5.346769232372385e+18,878429968211575.2,-5.347647662340591e+18,-8.324566253142393,10.62424027113434,-55.813602447509766
1.805,3mer-0+3+465,-313267679230.30664,10281860677.881203,-323549539944.39886,-8.206663448659583,10.473467986734704,-54.96192193031311
1.805,3mer-0+3+187,-1.0151473887920088e+16,1042239147405931.5,-1.119371303532606e+16,-8.240194018191232,10.515570466214285,-55.21532726287842
1.805,3mer-0+3+39,-41374146900.37841,5427715899.846995,-46801862837.60569,-8.421351738172916,10.749232940476986,-56.62280082702637
1.805,3mer-0+3+184,-199013743401.66995,8684957369.483458,-207698700807.04385,-8.099034438337867,10.337990631852563,-54.39771270751953
1.805,3mer-0+3+53,-654852544547.6843,12677410365.176336,-667529954949.8301,-8.42339368651551,10.748033086555779,-56.21385383605957
1.805,3mer-0+3+164,-39257275286.08878,6028919428.43951,-45286194750.58958,-8.17734687760094,10.435386724922864,-54.74471306800842
1.805,3mer-0+3+116,-22262031332124.992,2946338419438.652,-25208369751600.645,-8.367893922509438,10.681655657110923,-56.136120319366455
1.805,3mer-0+3+553,-1.3231220662161923e+18,1.3789849368952872e+16,-1.3369119155851433e+18,-8.218580150182788,10.488633013193066,-55.11637878417969
1.805,3mer-0+3+253,-15080614168.587303,488775966.0941143,-15569390170.86209,-8.217016129803369,10.48528394191294,-54.953627586364746
1.805,3mer-0+3+398,-181958764788.1711,16511752849.270432,-198470517673.7401,-8.221524502220745,10.492285941657428,-55.083714723587036
1.805,3mer-0+3+228,-2586375641379.132,376363219076.5072,-2962738860492.197,-8.331904411015557,10.632477760615302,-55.593231201171875
1.805,3mer-0+3+400,-8.305003279235053e+17,4661924759028246.0,-8.351622526825324e+17,-8.234790448106878,10.509908553205378,-55.259357929229736
