distance,nmer_name,Uind_md,Udf,Unb,Uind_sapt,Uind_omm,Udf_omm,Unb_omm
1.805,2mer-0+1,-2.6737780689254723e+18,45762244815653.414,-2.673823831170288e+18,-32.32156036,-8.228501182544278,10.497495651245117,-55.14068603515625
2.309,2mer-0+8,-0.3063965012425378,0.3193431758220442,-0.37057997893792827,-0.75401458,-0.30647658043017145,0.3187212646007538,-0.3661003112792969
2.526,2mer-0+4,-0.8621151762297623,0.839556824052319,-0.01827629327444113,-1.62568459,-0.8624916270782705,0.8411099910736084,-0.01465606689453125
2.615,2mer-0+14,-1.4196796894411903,1.4413489716563808,-6.473034703595031,-3.22126989,-1.4200385397925857,1.4412087202072144,-6.480648040771484
2.859,2mer-0+2,-0.9733521436477466,1.0739715609007991,-9.617748772187214,-2.62556372,-0.9738563843711745,1.0733915567398071,-9.62098503112793
2.91,2mer-0+16,-0.8664754034188966,0.8541637676077022,-4.341852152501102,-1.48655642,-0.8657418021102785,0.8528599739074707,-4.338661193847656
3.005,2mer-0+3,-0.42617576859794565,0.4189323679692905,1.9162986135065696,-1.32510478,-0.4270028758837725,0.419084370136261,1.916764259338379
3.416,2mer-0+10,-1.3449754477249038,1.4776001993872878,-13.964254271828489,-2.43673156,-1.3466263498121407,1.4790585041046143,-13.978557586669922
3.683,2mer-0+5,-0.1848902297052297,0.1797879248735001,1.7351108982208685,-0.3040135,-0.18464468550519086,0.18013885617256165,1.7354393005371094
3.951,2mer-0+50,-0.020310523890233415,0.02057937083589273,-0.8823163795357338,-0.0164028,-0.020828246051678434,0.020085617899894714,-0.8827896118164062
4.855,2mer-0+19,-0.06884286843147977,0.06812631967982483,2.110234522643642,-0.08837782,-0.06853485200554132,0.06825888901948929,2.110812187194824
4.869,2mer-0+9,-0.07756047321180974,0.07616337343019472,1.9078815562066282,-0.10033792,-0.07754326187205152,0.07602529227733612,1.911285400390625
4.963,2mer-0+37,-0.019276435050901982,0.01904393336987825,0.1997852539260836,-0.02562615,-0.019349098096427042,0.019012093544006348,0.19947433471679688
5.173,2mer-0+6,-0.054670333203575484,0.053893874875777695,0.45667184651702564,-0.06591882,-0.05476951420860132,0.05373217537999153,0.45893096923828125
5.227,2mer-0+7,-0.05805742953245335,0.05875598707091013,-0.10833178517966578,-0.07529663,-0.058481215906795114,0.05846066027879715,-0.11146736145019531
5.475,2mer-0+38,-0.01739846166054896,0.01740525489393944,0.6236732906117698,-0.0209034,-0.017716408809064887,0.01709793508052826,0.6235513687133789
5.603,2mer-0+24,-0.12204864742731619,0.1201861505722734,0.3117867638949148,-0.14684488,-0.12168692706472939,0.12019103765487671,0.3050880432128906
5.626,2mer-0+34,-0.01726037491389268,0.017384593652333087,-1.068957411970216,-0.02189896,-0.017494201369117945,0.017163900658488274,-1.0704782009124756
5.834,2mer-0+13,-0.05099695702646139,0.05103150245055689,0.8462435650719612,-0.06741454,-0.05132198124556453,0.05095046013593674,0.8436679840087891
5.89,2mer-0+12,-0.017620413437302855,0.01774074112119903,-0.9427584158387528,-0.02165174,-0.017575742298504338,0.017682000994682312,-0.9432826042175293
6.11,2mer-0+33,-0.027747731928296833,0.02732858987608976,1.3636242079358631,-0.03417615,-0.027592421931331046,0.027493664994835854,1.363248348236084
6.178,2mer-0+70,-0.094047229308988,0.0914558001443734,3.3367306574459046,-0.1104991,-0.09458922936755698,0.09083984047174454,3.337278366088867
6.256,2mer-0+43,-0.027894081566684038,0.028385885474182422,-1.5261170862250015,-0.04029669,-0.028263567612157203,0.028100471943616867,-1.5274369716644287
6.409,2mer-0+23,-0.01233651294318165,0.012309951689706675,-0.5325839195854555,-0.01695129,-0.012254714536538813,0.012340002693235874,-0.5320353507995605
6.505,2mer-0+61,-0.0061494507845132095,0.00615632575599802,0.34454315774011607,-0.00627142,-0.00639486315776594,0.005903441458940506,0.34467315673828125
6.567,2mer-0+35,-0.021086272749503643,0.021269258445913423,-0.34675927290980524,-0.02352361,-0.02081012744747568,0.021277589723467827,-0.3457050323486328
6.61,2mer-0+25,-0.03874059997562025,0.039390491509133624,-2.3929886098176314,-0.04971157,-0.03939056396484375,0.0389399491250515,-2.392026901245117
6.887,2mer-0+74,-0.02509880321051522,0.024748750065695872,1.125458590156236,-0.02673515,-0.024757386421697447,0.02503303624689579,1.1235790252685547
6.901,2mer-0+27,-0.011962478169202847,0.012027780437067884,0.022046264457634582,-0.01398306,-0.012313842435105471,0.011820157058537006,0.02144145965576172
6.945,2mer-0+65,-0.046485897144690654,0.04575081505240489,1.221018129922695,-0.05508866,-0.04575347629725002,0.04605664312839508,1.2194271087646484
7.199,2mer-0+22,-0.014386639612208643,0.014527410615345645,-1.0815706610910494,-0.01716337,-0.013712882937397808,0.015262131579220295,-1.0822267532348633
7.452,2mer-0+29,-0.010949979842606917,0.010905389378486572,0.894731036343984,-0.01327734,-0.010694981450797059,0.011050124652683735,0.8959188461303711
7.647,2mer-0+36,-0.005060971687913692,0.005035639845990907,0.6261698355479832,-0.00616747,-0.004947185036144219,0.005067229736596346,0.6261246204376221
7.704,2mer-0+116,-0.012231639491183244,0.012123235158214767,0.42720720833820663,-0.01315743,-0.012868881487520412,0.011661391705274582,0.4272890090942383
7.796,2mer-0+73,-0.005731116541914757,0.005761110418157118,-0.9422333875296465,-0.0068469,-0.005439281419967301,0.00581145565956831,-0.9432203769683838
7.867,2mer-0+30,-0.009809492125067853,0.009729753428332794,0.8823828988170829,-0.01254602,-0.009882926802674774,0.009899597615003586,0.8829898834228516
7.977,2mer-0+32,-0.00801461616858628,0.007977977970722278,0.08869074466246607,-0.01046021,-0.008111477436614223,0.007852835580706596,0.08875370025634766
8.21,2mer-0+57,-0.011858296954165773,0.011958951064363272,-0.7077105662754729,-0.01442755,-0.011885643165442161,0.011993286199867725,-0.7064476013183594
8.303,2mer-0+28,-0.011370497479921537,0.011364101497899062,0.4517820750617222,-0.01283412,-0.011553763994015753,0.011443345807492733,0.44980335235595703
8.462,2mer-0+54,-0.005222455403452272,0.005258994090611994,-0.6842620038468564,-0.00604312,-0.005527496003196575,0.004850731231272221,-0.6843564510345459
8.541,2mer-0+39,-0.010167953892548669,0.010253205681652316,-0.6188126685557138,-0.01203759,-0.010265350400004536,0.010188339278101921,-0.6205482482910156
8.541,2mer-0+60,-0.007561842846914093,0.007612082921499331,-0.4989726373664825,-0.00896737,-0.0074930198170477524,0.007675664033740759,-0.4997415542602539
8.739,2mer-0+55,-0.0063599025737172705,0.006318775749854889,0.7403153423053095,-0.00789583,-0.0060863499966217205,0.006405291613191366,0.7395725250244141
8.767,2mer-0+62,-0.005339131160540726,0.005354967452508609,-0.6280968105528899,-0.00646298,-0.005586862807831494,0.005244429223239422,-0.6287727355957031
8.776,2mer-0+51,-0.0029318009806044553,0.002935888450010592,-0.3596535735642987,-0.00343557,-0.003551960049662739,0.0024351738393306732,-0.35964202880859375
8.843,2mer-0+45,-0.005915046072222977,0.005880219819392481,0.8942341975906605,-0.00727346,-0.006051063384802546,0.00567470770329237,0.8941307067871094
8.914,2mer-0+59,-0.005624610753249514,0.005636776350123764,-0.6517020880791163,-0.00691479,-0.005311965964210685,0.005856179166585207,-0.6526675224304199
8.929,2mer-0+96,-0.001861868769173026,0.0018707676982193115,-0.39139823037198407,-0.00191092,-0.0015187262688414194,0.002320663770660758,-0.39151716232299805
8.967,2mer-0+84,-0.0017156589692081169,0.0017127582918187673,0.3338963147834302,-0.00205473,-0.00104761119291652,0.0022320684511214495,0.3338296413421631
8.97,2mer-0+155,-0.0013724277311882086,0.0013756198796226777,-0.2805434984080105,-0.00124361,-0.0014402866945602,0.001357984496280551,-0.28073763847351074
9.051,2mer-0+99,-0.002623014144829917,0.0026098197588745806,0.4414483318420378,-0.00290243,-0.002735137750278227,0.00249249255284667,0.4412720203399658
9.093,2mer-0+85,-0.003019608513677905,0.0030191385257708355,-0.20625664815789224,-0.00313891,-0.002445221136440523,0.0035849320702254772,-0.207183837890625
9.143,2mer-0+88,-0.00792914458829495,0.007958684096285706,-0.759683286418989,-0.00947664,-0.008322715948452242,0.007363455835729837,-0.7600021362304688
9.268,2mer-0+68,-0.0058930416626802,0.005897763153582231,0.2833811377713229,-0.00666473,-0.005705357001716038,0.006110696122050285,0.28373003005981445
9.285,2mer-0+93,-0.00420621950912476,0.004188895204830071,0.07180085048861884,-0.00448911,-0.004210949166008504,0.004104139748960733,0.07132720947265625
9.289,2mer-0+40,-0.004484201945111333,0.004472206632010257,-0.0721989390143444,-0.00517714,-0.004651069619285408,0.004366938956081867,-0.07144832611083984
9.496,2mer-0+113,-0.003960856655809905,0.003950940960433966,-0.19250551805124963,-0.0048049,-0.0046381952706724405,0.0031936836894601583,-0.19298315048217773
9.563,2mer-0+136,-0.0012713363241690988,0.0012699490253882135,-0.12305279292692847,-0.00140433,-0.0016465187327412423,0.0007496941834688187,-0.1233835220336914
9.697,2mer-0+47,-0.0033498553488388047,0.0033618720540415864,-0.11023486308455832,-0.00386445,-0.0036964419268770143,0.002889656461775303,-0.11158275604248047
9.726,2mer-0+64,-0.004219727547810969,0.004243428152187872,-0.5030465352414908,-0.0049221,-0.004395485273562372,0.004046143498271704,-0.5026874542236328
9.738,2mer-0+104,-0.001262813611033877,0.0012662952234094216,-0.45591900014500414,-0.00158468,-0.001207351713674143,0.0011738198809325695,-0.45644688606262207
9.809,2mer-0+49,-0.0027631558971095097,0.0027527132251810834,0.2944381471207984,-0.00346431,-0.002841472698491998,0.002601966727524996,0.29464149475097656
9.845,2mer-0+53,-0.0023013259720606146,0.0023021022333561455,0.2957694063260528,-0.00285736,-0.002158880277420394,0.0025355126708745956,0.29552555084228516
9.862,2mer-0+78,-0.0026627674427441694,0.0026739234052129616,-0.18887165108917567,-0.00293452,-0.0028142926457803696,0.002524004550650716,-0.18857955932617188
9.936,2mer-0+71,-0.0017560474320377976,0.0017582949840091368,0.13824429424732448,-0.00210283,-0.001790285125025548,0.0018322709947824478,0.1381518840789795
10.009,2mer-0+137,-0.003918233559064406,0.0039054072397517077,0.03587758622159966,-0.0045299,-0.0037450790987350047,0.003941764123737812,0.035439491271972656
10.293,2mer-0+146,-0.0014514135291247238,0.0014571728431253413,-0.3725680128867538,-0.0016349,-0.0018377304950263351,0.0010735411196947098,-0.37284064292907715
10.486,2mer-0+106,-0.001014491088084622,0.0010168260743474414,-0.3116282936357138,-0.00122149,-0.0008012056059669703,0.0011922011617571115,-0.3120112419128418
10.568,2mer-0+98,-0.0019432679948451694,0.0019401690306957357,-0.10560892001963962,-0.00223037,-0.0017795563835534267,0.002064647153019905,-0.10654973983764648
10.655,2mer-0+86,-0.0023598495064675673,0.00235321813368591,0.0774394763286623,-0.00274631,-0.002034187207755167,0.0025263188872486353,0.07687664031982422
10.676,2mer-0+76,-0.00104763101155892,0.001049786044916663,-0.2869530756717415,-0.00126254,-0.0005366802506614476,0.001425919122993946,-0.2871541976928711
10.678,2mer-0+58,-0.0019329415792240106,0.0019390959543989627,-0.1738075572212247,-0.00230432,-0.0015392303321277723,0.0024904045276343822,-0.17384052276611328
10.697,2mer-0+140,-0.0015609319434229762,0.0015651089673230792,-0.08019533815135167,-0.00170526,-0.002171993266529171,0.0009804066503420472,-0.0803828239440918
10.725,2mer-0+182,-0.005557098491653807,0.005520221263328845,0.7996504069713843,-0.00586229,-0.005833625764353201,0.005208462011069059,0.7990283966064453
10.77,2mer-0+80,-0.0016058933717644603,0.001601573826346569,0.07010949697520712,-0.00197311,-0.001778125690179877,0.001526308013126254,0.07001161575317383
10.786,2mer-0+67,-0.0035941580421759694,0.0036119642055349108,-0.6027247546884436,-0.00416632,-0.0035479070065775886,0.0037177156191319227,-0.6031229496002197
10.883,2mer-0+83,-0.0011135451887750816,0.0011112398685109665,0.3697749648383831,-0.00123994,-0.0007827281951904297,0.0013973698951303959,0.37012147903442383
11.008,2mer-0+119,-0.0014910215830556493,0.0014944141644395983,-0.39131108357274574,-0.00176835,-0.0015683175734011456,0.0014242226025089622,-0.39174962043762207
11.036,2mer-0+107,-0.001956541711212175,0.0019496594152056926,0.19272768334195717,-0.00239123,-0.00182104115083348,0.0021320933010429144,0.19230270385742188
11.109,2mer-0+72,-0.001084946042307072,0.0010857966386383967,-0.2130981476546694,-0.00123261,-0.0008299351029563695,0.001278426731005311,-0.21325087547302246
11.145,2mer-0+234,-0.001182694160684544,0.0011806641833447785,-0.03191081762249328,-0.00119373,-0.0011286734988971148,0.0012465767795220017,-0.03172874450683594
11.185,2mer-0+134,-0.0009480672955401116,0.0009459856461746686,0.03033495935931173,-0.0011429,-0.0005679131427314132,0.0012897816486656666,0.030179977416992188
11.285,2mer-0+185,-0.001497503234428978,0.001493298887461783,0.08774809834089219,-0.00152491,-0.0012855529930675402,0.0018717831699177623,0.0875082015991211
11.316,2mer-0+216,-0.0032323471140160947,0.003215669385341256,0.5374630306920278,-0.00333827,-0.003243446466512978,0.0030945362523198128,0.5373296737670898
11.318,2mer-0+147,-0.0014726968459942986,0.0014760484389291747,-0.018404608609998544,-0.00161224,-0.0014224052465579007,0.0016294026281684637,-0.018239498138427734
11.322,2mer-0+118,-0.0010769339571502473,0.0010744032781989385,0.32993211794026456,-0.00122007,-0.0005960464477539062,0.0016017928719520569,0.329852819442749
11.48,2mer-0+75,-0.0014688164324740257,0.0014676680562179033,0.21727066335591166,-0.00163623,-0.0014841556585452054,0.001583913923241198,0.21675872802734375
11.506,2mer-0+91,-0.002896976800282955,0.002910245019958869,-0.6390925668725984,-0.00354296,-0.0022764206732972525,0.003440164029598236,-0.6390314102172852
11.525,2mer-0+103,-0.0007798001370331157,0.0007800330163330401,-0.22462595437309657,-0.00102608,-0.0006036759004928172,0.0009954847628250718,-0.22473883628845215
11.545,2mer-0+144,-0.0007775910591210531,0.0007762407759730308,0.2529383077548792,-0.00086498,-0.00015687939230701886,0.0013606247957795858,0.25280511379241943
11.592,2mer-0+110,-0.0011145748820026147,0.0011155630928128973,-0.21923646166809574,-0.00114275,-0.0008563995361328125,0.0011330954730510712,-0.21938872337341309
11.597,2mer-0+242,-0.0008129831149408196,0.0008116165120708419,-0.020883009354264685,-0.00074363,-0.0005893707530049141,0.001051299273967743,-0.021079063415527344
11.627,2mer-0+278,-0.0015380287810788402,0.0015326445708457048,0.2320983068627063,-0.00151181,-0.0010151861642953008,0.0017797683831304312,0.2321157455444336
11.678,2mer-0+153,-0.0023676962739296436,0.0023722309447201636,-0.32912044782226657,-0.00263931,-0.0023388862937281374,0.0022622772958129644,-0.329242467880249
11.704,2mer-0+210,-0.0005179177148780455,0.0005175657688775302,0.1572659748106467,-0.00049432,-0.0010218620736850426,0.00015300369705073535,0.1573047637939453
11.723,2mer-0+111,-0.002104975461550255,0.0021135262295768793,-0.4356482091312043,-0.00243384,-0.0019769667960645165,0.0020452230237424374,-0.4353008270263672
11.736,2mer-0+87,-0.0017285440703629325,0.0017231663457435704,0.37217553360092676,-0.00208303,-0.0018076896558341105,0.001620959141291678,0.3724637031555176
11.743,2mer-0+181,-0.0013427160365596053,0.0013418801983316132,-0.11983608564071423,-0.00155005,-0.0009932518878486007,0.0015252232551574707,-0.12015819549560547
11.852,2mer-0+102,-0.0019518488567832715,0.0019588190347831604,-0.3175590960096301,-0.00235666,-0.0020751952652062755,0.0018640486523509026,-0.3178224563598633
11.897,2mer-0+139,-0.0011136992439853513,0.0011109760731505289,0.3217526993373811,-0.00121341,-0.0011616945848800242,0.001164462766610086,0.3218672275543213
12.024,2mer-0+169,-0.0008985762949101494,0.0008970711094695367,0.24607651773666867,-0.00097593,-0.0007624626086908393,0.0009660213836468756,0.24584460258483887
12.033,2mer-0+105,-0.0008300771732722507,0.0008293797795771173,-0.0831904256187529,-0.00107613,-0.000453948974609375,0.0009538003941997886,-0.08333063125610352
12.065,2mer-0+218,-0.0003992208937795184,0.0004000445297976566,-0.1818867460647159,-0.00037663,-0.0003067255165660754,0.00044896273175254464,-0.18196773529052734
12.225,2mer-0+94,-0.001068118477310611,0.0010660617805272714,0.03279751581425082,-0.0012852,-0.00023794171283952892,0.0016291143838316202,0.032952308654785156
12.247,2mer-0+112,-0.0020286345508456253,0.0020364339680187097,-0.4188904377462578,-0.00238574,-0.0027832984924316406,0.0013426421210169792,-0.4194192886352539
12.309,2mer-0+135,-0.0009691817005266202,0.000968236195419787,0.2250181777577662,-0.0010523,-0.0016505718667758629,0.00010929151903837919,0.22501301765441895
12.319,2mer-0+158,-0.0007221380518004522,0.0007233329413736799,0.006756168695825966,-0.00074421,-0.0012297630455577746,0.00021317445498425514,0.006917476654052734
12.327,2mer-0+215,-0.001686489193519947,0.0016804629796722992,0.2639341674416042,-0.0017673,-0.0013480185734806582,0.0017902799881994724,0.2637643814086914
12.491,2mer-0+123,-0.0015142139629858629,0.0015093767183707494,0.38597379245886493,-0.00188989,-0.0011878012883244082,0.0017055612988770008,0.38559532165527344
12.564,2mer-0+114,-0.0012370274504667086,0.001233451203180543,0.3882637498962955,-0.00148073,-0.0009260176448151469,0.0013883576029911637,0.38814496994018555
12.592,2mer-0+228,-0.0022754088981720142,0.002265538184769251,0.4865459005507235,-0.0023671,-0.002017021310166456,0.002392906928434968,0.4859952926635742
12.751,2mer-0+152,-0.001362166157483155,0.0013662127114367603,-0.24289503866550222,-0.00156269,-0.0018177032034145668,0.000996369170024991,-0.24303054809570312
12.753,2mer-0+130,-0.0009955168988694224,0.000993717105332049,0.046149050404369396,-0.00124475,-0.001184463548270287,0.0007062801741994917,0.04612445831298828
12.829,2mer-0+168,-0.0005901237263584487,0.0005904589543049755,0.08669881504976822,-0.00061286,-0.0004458427574718371,0.0006921864114701748,0.08655881881713867
12.87,2mer-0+141,-0.0004133869057997824,0.00041275245289165534,0.20399116615511298,-0.00046826,-0.00013935564493294805,0.0005512592615559697,0.2041083574295044
12.913,2mer-0+156,-0.0007134968000091239,0.0007138889815721519,0.09868530731192408,-0.00081343,-0.0006473064422607422,0.0007706629112362862,0.0989375114440918
12.925,2mer-0+183,-0.0005478712931603832,0.0005474277251668247,-0.07121721386898089,-0.00054027,-0.0010111332157975994,8.842689567245543e-07,-0.0713355541229248
12.944,2mer-0+173,-0.0007447306769510773,0.0007450079311537301,-0.1702653298556604,-0.00088554,-0.0007534026844950859,0.0006915795966051519,-0.17065858840942383
12.952,2mer-0+122,-0.0014530124921273996,0.001457631172166404,-0.3988676400411149,-0.00179935,-0.0010790825908770785,0.0017407480627298355,-0.39910364151000977
13.02,2mer-0+126,-0.0005932057339140747,0.0005921149818049119,0.2668633809407137,-0.00066859,-0.0006318092055153102,0.00048557683476246893,0.2668883800506592
13.026,2mer-0+109,-0.0006638721097492167,0.0006644380936299458,0.06438157496246345,-0.00076351,-0.0006344318098854274,0.0008584167226217687,0.06400132179260254
13.078,2mer-0+124,-0.0011791497037961088,0.0011827712703576924,-0.31816094268495737,-0.00137681,-0.0008740424673305824,0.00121856271289289,-0.31857728958129883
13.081,2mer-0+276,-0.0015497144699810528,0.0015444960110842921,0.3026992696714656,-0.00168915,-0.001575469934323337,0.0014925713185220957,0.3028545379638672
13.085,2mer-0+160,-0.0005207775452950494,0.0005215106197278315,-0.25927954490273164,-0.00062934,-0.0010925531532848254,-9.292543109040707e-05,-0.25944042205810547
13.109,2mer-0+138,-0.000767494666244421,0.0007680182682319435,0.07136126553028299,-0.00082412,-0.000953197457420174,0.0007050468120723963,0.07099199295043945
13.117,2mer-0+174,-0.0005274862613202209,0.0005273933068751453,0.13732498945662708,-0.00055636,-0.0010175704956054688,5.692791455658153e-05,0.13769125938415527
13.252,2mer-0+262,-0.0003390656790039542,0.0003384371181345818,0.17879495406728765,-0.0003201,-0.0004792213767359499,0.0003610538551583886,0.1787123680114746
13.275,2mer-0+200,-0.0010055264675229978,0.0010031311660174545,0.11074519323127481,-0.00104649,-0.00045013420458417386,0.0015981481410562992,0.11031484603881836
13.324,2mer-0+264,-0.0013674321629623992,0.0013637419521926948,0.1650426272526939,-0.0015289,-0.00040912622353062034,0.0019104528473690152,0.16502857208251953
13.345,2mer-0+157,-0.0007459206249565877,0.0007443581847263606,0.16028012908857536,-0.00085255,-0.0008354187302757055,0.0006662169471383095,0.1599116325378418
13.369,2mer-0+145,-0.0009305485914614467,0.0009281989892220041,0.3366297886826471,-0.00107708,-0.0010323525129933842,0.0008432553149759769,0.33666419982910156
13.447,2mer-0+190,-0.0006909747606787228,0.00069260058888037,-0.15267635806720925,-0.00075713,-0.0009374618457513861,0.00040998333133757114,-0.15265417098999023
13.488,2mer-0+221,-0.0004428450457938994,0.00044286461292137463,-0.1601883614126509,-0.00053747,6.818776091677137e-05,0.0009682849631644785,-0.16039800643920898
13.494,2mer-0+172,-0.000806793912376866,0.0008048612034784159,0.20378786700991364,-0.00101853,-0.000522613525390625,0.000992752960883081,0.20350313186645508
13.518,2mer-0+203,-0.0002935057267588575,0.0002932055768200153,0.16255150175630406,-0.00033829,-0.00020170211791992188,0.0003630991268437356,0.16238081455230713
13.528,2mer-0+132,-0.000931373594866288,0.0009337384703412308,-0.3544635144498963,-0.00112784,-0.001376628890284337,0.0006301581743173301,-0.35463428497314453
13.66,2mer-0+214,-0.000247270014100505,0.0002475623292010329,-0.19616471942949776,-0.00033541,-5.5432377848774195e-05,0.0004289830394554883,-0.19644296169281006
13.72,2mer-0+131,-0.0005119746194476051,0.0005112729954905869,0.040374984772254374,-0.00064748,-0.00046038624714128673,0.00047552306205034256,0.04032397270202637
13.731,2mer-0+208,-0.00023919764741623365,0.00023895132698566852,0.1514127324086152,-0.00026052,8.65459514898248e-05,0.00044082640670239925,0.151361346244812
13.837,2mer-0+231,-0.0004037756130385363,0.0004032909745769604,0.0010435129300437852,-0.00047675,-0.00022983547387411818,0.0007552728056907654,0.0007269382476806641
13.853,2mer-0+259,-0.00029182119061478334,0.00029152196688753433,-0.01916152715823654,-0.00033606,-0.0003821849968517199,0.00015071211964823306,-0.01934027671813965
13.862,2mer-0+133,-0.0005308062075026821,0.0005305969202052072,-0.09673036430932459,-0.00063193,-0.0009593963550287299,6.11368814134039e-05,-0.09674310684204102
13.87,2mer-0+179,-0.0008181135579531404,0.000820209990308651,-0.2732199136484376,-0.00095177,-0.0005359649730962701,0.001069940160959959,-0.27310848236083984
14.031,2mer-0+166,-0.0006719923654965315,0.0006734748321570203,-0.2209154067915848,-0.00080925,-0.0009431838770979084,0.0004993889015167952,-0.22109413146972656
14.119,2mer-0+388,-0.0002541189610883579,0.0002539543035408387,-0.046726562535045126,-0.00020177,-0.00020647050405386835,0.0001289485371671617,-0.046685218811035156
14.143,2mer-0+426,-0.0004150764348318484,0.00041438672754606624,0.05630555080573469,-0.00036916,-0.000768184669141192,-3.431058576097712e-05,0.05627250671386719
14.158,2mer-0+217,-0.000318238647225441,0.00031860540535352604,-0.1842390719900243,-0.00039408,-0.0003705025010276586,7.720271241851151e-05,-0.18450617790222168
14.248,2mer-0+371,-0.00019154435086006413,0.00019170362531978935,-0.11522173401813263,-0.00015654,-0.000415802001953125,-0.00012211372086312622,-0.11525201797485352
14.254,2mer-0+163,-0.0006841093442411847,0.0006825908032449664,0.2889546366419492,-0.00073919,-0.0010066032409667969,0.00022968847770243883,0.28910577297210693
14.348,2mer-0+186,-0.0002726160930746841,0.0002726733460623587,0.08673983266615855,-0.00033534,-0.00024569033485022373,0.00028603372629731894,0.08667516708374023
14.457,2mer-0+149,-0.00039592877175702,0.0003955704559471377,-0.01288453121175912,-0.00047189,-0.00044250489736441523,0.0001266708131879568,-0.012668132781982422
14.459,2mer-0+206,-0.00045029978028873665,0.0004505142224142405,0.06455158610299369,-0.00053024,-0.0008137226031976752,0.0001264149323105812,0.06467413902282715
14.46,2mer-0+314,-0.00027694569119865323,0.0002771425863489391,0.028795671930815062,-0.00026912,-0.0005962848517810926,5.694222636520863e-06,0.028804302215576172
14.468,2mer-0+273,-0.0003658310513613177,0.00036547056737332346,0.14361098545766293,-0.00036618,-0.00013291835057316348,0.00047046260442584753,0.1435602903366089
14.472,2mer-0+167,-0.0004998020230141027,0.000498819670340263,0.13758226503882445,-0.0005985,-0.0006594658043468371,0.00036937760887667537,0.13773298263549805
14.532,2mer-0+286,-0.0004756252600768521,0.0004761711740654288,-0.17219820569844863,-0.00050779,-0.00047993662883527577,0.0003784592845477164,-0.17239701747894287
14.557,2mer-0+267,-0.00033372430698556184,0.00033418348007043154,-0.19906852737008573,-0.00039084,-0.0004981756283086725,0.00017855214537121356,-0.19911956787109375
14.605,2mer-0+353,-0.0007356433218069682,0.0007338841119836854,0.1823972001206583,-0.00076876,-0.0005521774000953883,0.000759827671572566,0.18250179290771484
14.664,2mer-0+284,-0.0002354177069308027,0.00023544861973286905,0.0841411823293776,-0.00023064,1.3828248484060168e-05,0.0005574821843765676,0.08408498764038086
14.677,2mer-0+154,-0.00027305916494636655,0.00027319202994788224,-0.11645098904418236,-0.00032081,-0.00042021276021841913,2.4426975869573653e-05,-0.11653220653533936
14.692,2mer-0+325,-0.000525550629091172,0.000524861274573511,-0.0046308953608107835,-0.00059672,-0.00020551685520331375,0.0008181155426427722,-0.004725456237792969
14.696,2mer-0+348,-0.00017080104241869236,0.00017085399622496146,-0.08670888892381957,-0.00017257,6.937982107046992e-05,0.0004033988807350397,-0.086952805519104
14.703,2mer-0+285,-0.00030084845454587966,0.0003009116255168568,-0.10874063001927789,-0.00034237,-0.0004293918718758505,0.00015383277786895633,-0.10890817642211914
14.744,2mer-0+164,-0.0005125150423814955,0.0005115591409476311,0.21830209199706993,-0.00058667,-2.5272354832850397e-05,0.0008412502938881516,0.21835994720458984
14.749,2mer-0+184,-0.00025855714964507376,0.00025845046122358696,0.142961126569898,-0.00029728,0.00045490259071812034,0.0007189299794845283,0.1428920030593872
14.774,2mer-0+165,-0.00046064809721859187,0.0004608361325971858,0.05965884715387824,-0.0004832,-0.0007281303987838328,0.0004453315632417798,0.05924510955810547
14.793,2mer-0+199,-0.0002550803449550688,0.00025527171439430164,-0.13395904917717394,-0.00025095,9.298310033045709e-06,0.00015468055789824575,-0.1340477466583252
14.821,2mer-0+265,-0.0004455256199924891,0.0004462251081594537,-0.06108322874408918,-0.00046806,-0.0007305145118152723,0.00020945249707438052,-0.06110429763793945
14.894,2mer-0+226,-0.0002418332588549324,0.00024213036787443747,-0.1465742631378848,-0.00026764,0.00042569637298583984,0.001062736613675952,-0.14655721187591553
15.04,2mer-0+366,-0.00043511278460030154,0.00043427425619593785,0.13283838872134918,-0.00041043,-0.0007238388170662802,0.00020759300969075412,0.1325664520263672
15.081,2mer-0+308,-0.0007087895371364117,0.0007072585814883375,0.16483046676323015,-0.00074415,-0.0005888939085707534,0.0007461372879333794,0.1644144058227539
15.108,2mer-0+252,-0.00026469094012715304,0.00026488819413316095,-0.16183385211526202,-0.00031736,-0.000669956199999433,-0.00014885030395817012,-0.16197097301483154
15.142,2mer-0+192,-0.00048596006243802243,0.0004866804307178318,-0.0657952855913797,-0.00058252,7.58170717745088e-05,0.000985103426501155,-0.06588888168334961
15.15,2mer-0+331,-0.0002928031327773073,0.00029291960611310897,-0.1396706316315947,-0.00034791,0.00023472309112548828,0.0004941108636558056,-0.13980519771575928
15.164,2mer-0+237,-0.0002527733953685917,0.0002531278394318428,-0.1598770264895194,-0.00025487,-0.0001475811077398248,0.0001951617596205324,-0.15985357761383057
15.174,2mer-0+326,-0.00035456967060401893,0.0003540862248435965,0.03420266824142732,-0.00035281,-0.0003654956817626953,0.00015238558989949524,0.03415846824645996
15.181,2mer-0+360,-0.00018881584154900393,0.00018907438898799878,-0.13943406961618401,-0.00018462,-0.00016129017967614345,9.292177855968475e-05,-0.13958096504211426
15.196,2mer-0+298,-0.00016705429981610733,0.0001672029078577371,-0.11231551927032647,-0.00017079,0.0005053281493019313,0.0008979822741821408,-0.11230862140655518
15.206,2mer-0+244,-0.00032166663496666493,0.0003220503307308541,-0.04038541875237899,-0.00034572,-0.0007855892363295425,-0.00022167101269587874,-0.04014778137207031
15.226,2mer-0+198,-0.0004811600500039695,0.00048030075752671564,0.1922547970140159,-0.00057181,-0.0007333755638683215,6.27177651040256e-05,0.19224023818969727
15.245,2mer-0+275,-0.00022296741269988012,0.00022284212730361094,0.11351378020953475,-0.00021278,-0.0003746748188859783,0.00018201585044153035,0.11357569694519043
15.271,2mer-0+178,-0.0003916985735615694,0.0003923514131919761,-0.13019764916152385,-0.00045679,-1.2397802493069321e-05,0.0008558199042454362,-0.13045883178710938
15.294,2mer-0+177,-0.000299821035560737,0.0003001081972668312,-0.0030524691371338966,-0.00036438,-0.0005259513745841105,0.00016455889272037894,-0.0032982826232910156
15.353,2mer-0+232,-0.00029857433780550413,0.0002989137111105672,-0.033445325532133176,-0.00034422,-0.00046563148498535156,0.00014744358486495912,-0.033341169357299805
15.355,2mer-0+213,-0.000377725515802162,0.00037720311830064933,0.0707388573154895,-0.00044448,-7.15313944965601e-07,0.0007838621968403459,0.07051563262939453
15.361,2mer-0+410,-0.0009273210276122331,0.0009248034335846861,0.34894197518835074,-0.00091258,-0.0011920928373001516,0.0005327496910467744,0.3489398956298828
15.37,2mer-0+292,-0.00022543072340118386,0.00022551298765152912,0.058219960578982974,-0.00021275,-0.00015473365783691406,0.0001348138030152768,0.05834531784057617
15.458,2mer-0+249,-0.000498192845070525,0.0004991783716075551,-0.173492250506768,-0.00054937,-0.0002703666395973414,0.0005031542386859655,-0.17333698272705078
15.461,2mer-0+223,-0.00017641529888175523,0.00017624395847168296,0.15720156387467066,-0.00018481,-4.768386133946478e-06,0.00029586785240098834,0.15735912322998047
15.48,2mer-0+191,-0.00023753503390790224,0.00023741066127259513,0.11241417838374007,-0.00025511,1.3828255760017782e-05,0.0004247660399414599,0.11218607425689697
15.544,2mer-0+316,-0.00021723168524073971,0.00021730541131576817,-0.0929449242792066,-0.0002005,-0.00023365020024357364,0.00010963901877403259,-0.09301638603210449
15.605,2mer-0+224,-0.0003578017124785899,0.0003583250334988273,-0.06625026483915872,-0.00037985,0.00019025806977879256,0.0008637069258838892,-0.0665898323059082
15.613,2mer-0+193,-0.0002889848177875883,0.00028859898433006,0.08048744502990686,-0.00035019,-0.00044679643178824335,4.409000393934548e-05,0.08056068420410156
15.683,2mer-0+279,-0.0001436832615996543,0.00014381995206766686,-0.12577485081336254,-0.00017261,-0.0004949569920427166,-0.00026249600341543555,-0.12599897384643555
15.698,2mer-0+339,-0.000170885484465067,0.00017096494696300843,0.03943176872299083,-0.00015539,0.00012350082397460938,0.00039052270585671067,0.039458274841308594
15.708,2mer-0+478,-0.0001830539604231266,0.00018300529581757874,-0.05111371221473083,-0.00015705,-4.148481093579903e-05,0.00020708836382254958,-0.05096292495727539
15.721,2mer-0+281,-0.00033002696869108056,0.00033046980425172485,-0.06736600693986111,-0.00034541,-0.0003542900230968371,0.00015675413305871189,-0.0675663948059082
15.763,2mer-0+414,-0.000776762601337084,0.0007748860665770982,0.2971289125876405,-0.00075973,-0.0005760193162132055,0.0007588907610625029,0.29700136184692383
15.772,2mer-0+375,-0.00015207767163718052,0.00015213444785730956,-0.08755639016150409,-0.00012438,-0.00021398067838163115,0.00011746691598091274,-0.08753669261932373
15.776,2mer-0+319,-0.00025873833281270844,0.00025839450425650754,0.06394966750212856,-0.00032178,9.25063795875758e-05,0.0005431926110759377,0.06388425827026367
15.78,2mer-0+320,-0.0002162345036464036,0.0002163794145723623,-0.11689672118745463,-0.00025118,-0.0006756782568118069,-0.00032007729168981314,-0.11710166931152344
15.786,2mer-0+194,-0.00020385780519985533,0.00020363714108515742,0.16285993613636313,-0.00021094,-0.001201033592224121,-0.0004213671782054007,0.16276657581329346
15.821,2mer-0+290,-0.00027206238491294077,0.00027238167875437116,-0.18537447669384227,-0.00033696,-4.637244273908436e-05,0.00043382486910559237,-0.1853930950164795
15.839,2mer-0+484,-0.0005468633670998726,0.0005457024213853462,0.22633380041942486,-0.00052949,-0.0002999306161655113,0.000701752956956625,0.22649717330932617
15.842,2mer-0+233,-0.00014662323422570821,0.00014675318184832707,-0.11998412871089267,-0.00018283,-0.0005778074264526367,-7.420685142278671e-05,-0.12016093730926514
15.891,2mer-0+293,-0.00036349987335340786,0.00036317267568187133,0.002904343461900655,-0.00037818,-0.00033497807817184366,0.0005102860159240663,0.002585172653198242
15.904,2mer-0+211,-0.00041886076480862665,0.000419531788986727,-0.1330388927145404,-0.00051299,-0.0005578994860115927,0.0002507752215024084,-0.13321876525878906
15.911,2mer-0+359,-0.00031809383233447156,0.0003181616321192996,-0.10609815385291192,-0.00036641,-0.0010676384044927545,-0.00035046759876422584,-0.10623645782470703
15.968,2mer-0+209,-0.0003682325966261944,0.00036774023875062525,0.09529198043587292,-0.00044527,-0.00011157990957144648,0.0007984605617821217,0.09528994560241699
16.016,2mer-0+254,-0.00016138577265020348,0.00016137620948384576,-0.0619622919149395,-0.00018482,-0.00027203561330679804,6.844426388852298e-05,-0.0619654655456543
16.039,2mer-0+241,-0.0002592448425085342,0.0002590356784647385,-0.011442759405613333,-0.00033905,-0.00019454960420262069,0.0002331295545445755,-0.011569023132324219
16.096,2mer-0+229,-0.00030493803473323976,0.0003053644228763328,-0.10639837324191735,-0.0003803,-0.0005619525909423828,4.6135057345964015e-05,-0.1065833568572998
16.114,2mer-0+271,-0.00017947829014252576,0.00017934669957195393,0.12044067954049169,-0.00016681,3.0279159545898438e-05,0.00011363960220478475,0.12048542499542236
16.196,2mer-0+306,-0.00015994050724010394,0.00015998560112987433,-0.1081001174625336,-0.00019998,0.00023329261603066698,0.0006155475275591016,-0.10823023319244385
16.213,2mer-0+460,-0.0005280885005551603,0.0005269799274741653,0.23977800310676778,-0.00049911,-0.0007781982567394152,0.00035951542668044567,0.23955059051513672
16.235,2mer-0+377,-0.00015042395330195518,0.00015050079718879246,-0.12508837056027275,-0.000183,0.000331640214426443,0.0003295036149211228,-0.12520742416381836
16.387,2mer-0+261,-0.0004954676647230784,0.0004964242493877794,-0.25608685721112123,-0.00059833,-0.0005059242139395792,0.0005724569200538099,-0.25619077682495117
16.404,2mer-0+453,-9.124414695789824e-05,9.13328192554492e-05,-0.09265991949291134,-6.914e-05,0.00018250938592245802,0.00033964699832722545,-0.09270918369293213
16.419,2mer-0+351,-0.00019402942207076486,0.0001942422141615398,-0.15685448600178267,-0.00022446,-8.845334377838299e-05,0.00028549227863550186,-0.15710103511810303
16.444,2mer-0+245,-0.00020917380781630202,0.00020941850483470765,-0.1469847800660695,-0.00024707,-0.00019741058349609375,4.3499108869582415e-05,-0.14682579040527344
16.524,2mer-0+251,-0.00038868016242709643,0.00038934393142105563,-0.21958061063479403,-0.00047993,-0.000626564011326991,0.00035402848152443767,-0.2197418212890625
16.573,2mer-0+253,-0.00043657244839607546,0.0004373755118211554,-0.22105065674827384,-0.0005179,0.0007414818246616051,0.001378917833790183,-0.22109508514404297
16.597,2mer-0+243,-0.0002045706400924102,0.00020481279986427048,-0.1729233060682422,-0.000258,-6.544588177348487e-05,0.00029496304341591895,-0.1729644536972046
16.598,2mer-0+380,-0.00017785371362058968,0.0001780440835835376,-0.031660241568133005,-0.00017583,2.9103830456733704e-11,0.0002671363763511181,-0.031597137451171875
16.605,2mer-0+236,-0.00023134012305816524,0.00023156707640365127,-0.02394492892794638,-0.00024609,0.0002164840479963459,0.0005246356595307589,-0.0242764949798584
16.783,2mer-0+396,-0.000249750690355666,0.0002494365483141994,0.0648528645393462,-0.00022406,-0.0001773834228515625,0.0005152219091542065,0.06472301483154297
16.786,2mer-0+280,-0.0001360190960688659,0.0001360140456743093,-0.06461839442930163,-0.00018569,-0.00021576881772489287,8.591782534494996e-05,-0.0646592378616333
16.801,2mer-0+296,-0.00011612041313080484,0.00011615826287229752,-0.10133219945445265,-0.00015834,0.0001096725172828883,0.0004021544591523707,-0.10138213634490967
16.821,2mer-0+516,-0.00023335480448676192,0.0002330948722897993,0.05054646646566462,-0.00021972,-0.0002593994104245212,0.00012855138629674911,0.05069708824157715
16.865,2mer-0+340,-0.00020209845574891783,0.00020225049060787524,-0.004738809177623093,-0.00019983,-0.0008587837073719129,-0.00043445953633636236,-0.004548788070678711
16.931,2mer-0+272,-0.00015090264184212268,0.00015106652908955363,-0.12788264772913455,-0.00014904,-0.0003358125686645508,-8.211150270653889e-05,-0.12789034843444824
16.946,2mer-0+480,-0.0004368221077981513,0.00043600218879697513,0.19150030785115657,-0.00042799,-0.001087665543309413,-0.0002759077469818294,0.19144010543823242
16.947,2mer-0+295,-0.00037911054783802223,0.00037976015264191195,-0.18914219501220342,-0.00043497,-0.00044012072612531483,0.0002217634755652398,-0.18914270401000977
16.965,2mer-0+256,-0.0002464020374542865,0.0002460629665282537,0.178311733592916,-0.00024865,-0.00031781198049429804,7.274642121046782e-05,0.1782921552658081
17.007,2mer-0+329,-0.0001847142035774479,0.00018467615405780215,-0.0538002178501481,-0.00021863,1.0252006177324802e-05,0.00035707774804905057,-0.05397367477416992
17.011,2mer-0+495,-8.762045086096238e-05,8.75770612469207e-05,0.07782946228217077,-6.149e-05,-0.0003401040958124213,-0.00017181210569106042,0.07782256603240967
17.026,2mer-0+357,-8.948301396549618e-05,8.943168955858806e-05,0.09305774842893369,-0.00010262,-0.00018227100736112334,-3.2789685064926744e-06,0.09306085109710693
17.048,2mer-0+321,-0.00022557662225651195,0.00022528458393937086,0.11633138814400794,-0.00026387,-0.00014376643230207264,0.0004770263039972633,0.11605668067932129
17.093,2mer-0+335,-0.0001778645920952751,0.00017792990291611905,-0.08466288651592262,-0.00017048,0.0001149177405750379,7.725243631284684e-05,-0.08464324474334717
17.101,2mer-0+307,-0.00024373567038625288,0.00024341985590397775,0.13806169781012534,-0.00027879,-0.00014424326946027577,0.0005326365935616195,0.13791561126708984
17.147,2mer-0+250,-0.00018328230050434423,0.0001832980336027576,0.051175996830133796,-0.00018334,-0.0002908706883317791,0.0002130858483724296,0.05097651481628418
17.157,2mer-0+282,-0.00029846393031184764,0.0002980235321663263,0.18898094344073044,-0.00034256,-0.0008068085080594756,-0.0003641039365902543,0.18909692764282227
17.218,2mer-0+334,-0.00017087749872982585,0.0001708973213111268,0.05985007598037869,-0.00019236,0.00010740757716121152,0.0004708839696832001,0.05994904041290283
17.255,2mer-0+449,-7.868248636680638e-05,7.872661216114396e-05,-0.07560279812558425,-7.131e-05,0.00016999244689941406,0.00041384861106052995,-0.07559144496917725
17.26,2mer-0+305,-0.0001624072608888068,0.00016252988446672785,-0.004890656149566769,-0.0001984,-0.000329017624608241,-0.00014318004832603037,-0.004899024963378906
17.364,2mer-0+390,-0.0001788396462093399,0.0001789915453364788,-0.03050592041039437,-0.00017476,-0.0005125999305164441,-0.00030828703893348575,-0.03072190284729004
17.384,2mer-0+332,-0.0003561227949491555,0.00035670139615636765,-0.18652962672200932,-0.00041004,-0.0007081031799316406,9.751730249263346e-05,-0.18639516830444336
17.407,2mer-0+255,-0.0001393369745796056,0.0001393514907095522,0.06437183158783638,-0.00015338,-0.00032174590160138905,-0.00017096291412599385,0.06425368785858154
17.408,2mer-0+370,-0.00010228537543978123,0.0001022818810253507,-0.0585694558078938,-9.34e-05,-8.344649540958926e-05,0.0002734654117375612,-0.05875849723815918
17.45,2mer-0+457,-0.0001251376711946825,0.000125075956542552,-0.013339044349056467,-9.968e-05,6.055830453988165e-05,0.00011830155563075095,-0.013520956039428711
17.477,2mer-0+498,-0.0002953012596772675,0.00029484492256671866,0.14382418712250025,-0.00026916,-6.866452895337716e-05,0.0006375942612066865,0.14359569549560547
17.479,2mer-0+472,-0.00011038136658771995,0.0001103128077155107,0.08574237049144869,-8.995e-05,-0.00043642520904541016,-0.00019484169024508446,0.08561968803405762
17.539,2mer-0+465,-0.0001460798419447049,0.0001460185552613854,-0.048946757839744545,-0.00016991,-0.00017023089458234608,7.766404451103881e-05,-0.048929691314697266
17.564,2mer-0+485,-0.0001923331140132492,0.00019219291182513899,0.0023603372446012456,-0.00019858,-0.00018525123596191406,9.896185656543821e-05,0.0024313926696777344
17.607,2mer-0+287,-0.0002898553112981615,0.0002902804554573434,-0.1608452615688951,-0.00034978,0.00034570691059343517,0.0006876988336443901,-0.1609783172607422
17.709,2mer-0+552,-7.174273376444965e-05,7.176767135823408e-05,-0.06639926001627587,-4.412e-05,-5.638600850943476e-05,-3.909930819645524e-05,-0.06634056568145752
17.72,2mer-0+283,-0.00010613210843009671,0.00010613342511503619,-0.05293847113837958,-0.00012214,9.036064147949219e-05,0.00018327504221815616,-0.05296182632446289
17.727,2mer-0+462,-0.00019055917049458801,0.0001905872985886349,-0.06937715587464627,-0.00019983,0.00030159950256347656,0.00046487990766763687,-0.06932735443115234
17.769,2mer-0+663,-0.00020693174054659298,0.0002066676030159941,0.09874129104163584,-0.00018005,-0.00018620489572640508,-1.0099684004671872e-05,0.09884214401245117
17.776,2mer-0+476,-9.21579616301012e-05,9.213304790393e-05,-0.030952031061481308,-0.00010431,-0.0004456043243408203,-8.360142237506807e-05,-0.03125
17.789,2mer-0+506,-7.785044163613835e-05,7.782693774354129e-05,-0.03150045317985136,-8.275e-05,-0.0002466440237185452,-0.0001642356946831569,-0.03157377243041992
17.814,2mer-0+502,-0.0003498135719328974,0.0003492758043136827,0.1385202052086234,-0.00034257,-0.0002908706374000758,5.108836921863258e-05,0.1384429931640625
17.817,2mer-0+402,-0.00017207404843007064,0.00017226225963312176,-0.14923281277708106,-0.0002112,-0.00020921231407555752,7.532412564614788e-05,-0.1492631435394287
17.907,2mer-0+363,-8.981406714144654e-05,8.98776037939255e-05,-0.11405380845204606,-0.00011397,-0.0001186132722068578,1.5211087884381413e-05,-0.11409533023834229
17.924,2mer-0+403,-0.00019339187928582216,0.00019359902682865895,-0.057913835739105385,-0.00019349,-4.220010305289179e-05,0.00020390130521263927,-0.05782818794250488
17.941,2mer-0+665,-7.39136158524044e-05,7.389915441279722e-05,-0.03830596395325698,-4.121e-05,-9.763242269400507e-05,-0.00018404133152216673,-0.03820443153381348
17.961,2mer-0+711,-0.00010658831326718673,0.00010651441988459541,0.0026921529242887304,-7.305e-05,0.00014877317880745977,0.00010336219565942883,0.002691507339477539
17.965,2mer-0+423,-8.77779113818945e-05,8.771040157165634e-05,0.09987821765590246,-7.588e-05,-0.000145077719935216,-6.610556738451123e-06,0.09986042976379395
17.976,2mer-0+466,-7.437326302880813e-05,7.436365385588489e-05,0.06344732906492603,-6.402e-05,-0.0005292892456054688,-0.00029700997401960194,0.06340384483337402
17.996,2mer-0+315,-0.0001713986863245062,0.0001712250753707444,0.07431405383571617,-0.0002138,-0.0004568100266624242,-0.00013824674533680081,0.07416844367980957
18.024,2mer-0+397,-0.0001989351225206226,0.00019917977077630353,-0.10599636350066062,-0.00021473,0.0005178451247047633,0.0006865835166536272,-0.1059713363647461
18.062,2mer-0+288,-0.0001241602661931522,0.00012412174856732676,-0.028277943065314844,-0.0001519,0.00018715857004281133,0.0004079466452822089,-0.028284549713134766
18.083,2mer-0+565,-6.821281946459388e-05,6.815729041155947e-05,0.08420591298501479,-4.256e-05,-0.0002650022506713867,-0.0003090669051744044,0.08418643474578857
18.09,2mer-0+356,-0.00021985717243085102,0.00021958140981287975,0.15926714692333047,-0.00026157,-0.0005898475646972656,-2.296756429132074e-05,0.15911269187927246
18.105,2mer-0+486,-0.0001182300598636711,0.00011830562377261971,0.006876890223094503,-0.00010519,-0.00021171571279410273,0.00011789973359555006,0.006811380386352539
18.14,2mer-0+342,-0.00021551144472725274,0.00021524922853480942,0.1700100066562706,-0.00024662,-0.000124454491015058,0.00010488289262866601,0.17003488540649414
18.16,2mer-0+438,-9.981134177604872e-05,9.974489034957205e-05,0.1017612739096376,-0.00010375,0.0007090568542480469,0.0007105785189196467,0.10181546211242676
18.166,2mer-0+379,-0.00010691590236209951,0.00010682593249537755,0.11079452636211051,-9.327e-05,-0.0003161430358886719,-0.00019057546160183847,0.11082172393798828
18.17,2mer-0+549,-0.0002484845440612269,0.00024815083712444706,0.10884737941785556,-0.00023672,0.00031924246286507696,0.0007299274438992143,0.10870122909545898
18.179,2mer-0+361,-7.156883625649835e-05,7.152213016430307e-05,0.0886894161310675,-7.227e-05,-0.00021350385941332206,-1.020386116579175e-05,0.08863949775695801
18.204,2mer-0+439,-8.090939316415827e-05,8.093448925302908e-05,-0.08826904263542491,-0.00010265,-0.00014591217404813506,5.639117443934083e-05,-0.08841955661773682
18.205,2mer-0+358,-0.00011131480388581784,0.00011124556751607707,0.0071127793049096015,-0.00014167,-0.00029873849416617304,-0.00020490336464717984,0.007216930389404297
18.231,2mer-0+473,-7.662223907708478e-05,7.658597597849121e-05,0.07425213468365224,-5.75e-05,-0.00020301342010498047,4.625119618140161e-05,0.0743485689163208
18.268,2mer-0+543,-0.00010487819928562077,0.00010494651472063208,-0.09079896489351667,-9.514e-05,-0.0003254413459217176,-0.000332681811414659,-0.09080207347869873
18.281,2mer-0+389,-0.00011315544549266576,0.00011314812158605498,-0.0530117528115692,-0.00013422,-0.0006666183435299899,-0.0003239444922655821,-0.0530552864074707
18.284,2mer-0+344,-0.00013548659675624515,0.00013539373059590732,0.009249309951186713,-0.00016955,-0.0007448196556651965,-0.00044303893810138106,0.009151458740234375
18.293,2mer-0+310,-0.0001618016100124257,0.00016164134654896766,0.08613994340228603,-0.00018356,0.0003187656693626195,0.0006007893243804574,0.08615255355834961
18.309,2mer-0+327,-0.0001920800516720603,0.0001923080292035722,-0.12815096133016593,-0.00024267,-0.000430107131251134,-7.818835729267448e-05,-0.12815093994140625
18.325,2mer-0+311,-0.00011766123209802146,0.0001175763582760314,0.027560229918474937,-0.00014802,-0.00012826919555664062,-0.00014757164171896875,0.02754831314086914
18.331,2mer-0+432,-5.9026170278526116e-05,5.906006522583964e-05,-0.09400286876676071,-8.703e-05,-0.0006039142317604274,-0.0005370680009946227,-0.0941781997680664
18.34,2mer-0+336,-0.0001893384467232691,0.00018912061224270573,0.13051155403205383,-0.0002227,0.00042629241943359375,0.0007923155790194869,0.13048434257507324
18.369,2mer-0+416,-7.618872732533426e-05,7.62341662024433e-05,-0.09106699220161533,-0.00010058,-0.0001417398452758789,6.966507498873398e-05,-0.09124982357025146
18.384,2mer-0+312,-0.00010805691197459449,0.00010800909245822813,-0.014928228104768891,-0.00014595,-0.00035607816971605644,-0.00010920062777586281,-0.014919757843017578
18.431,2mer-0+362,-0.00021711197985241267,0.0002173940268425869,-0.1520735222656068,-0.0002672,0.00042057037353515625,0.0007889127591624856,-0.15210294723510742
18.441,2mer-0+474,-0.00017768272230243948,0.00017754377338176095,0.013347602914103068,-0.00018683,-7.534025644417852e-05,0.00014544112491421402,0.013118267059326172
18.454,2mer-0+428,-9.136048826664252e-05,9.130776048103872e-05,0.0016931557336412877,-0.00011327,8.320810957229696e-05,3.449415089562535e-05,0.0018694400787353516
18.476,2mer-0+349,-0.00018828754453536556,0.00018806872519366646,0.11082302744179821,-0.00023809,0.0001127719588112086,0.00036599781014956534,0.11084151268005371
18.488,2mer-0+401,-8.565681795675069e-05,8.562848997172975e-05,0.0716830273358635,-7.79e-05,-0.0002926588203990832,-0.0002510046761017293,0.07166004180908203
18.503,2mer-0+385,-0.00018549697807650003,0.0001857227819345347,-0.12222559875772128,-0.00021684,0.00018548966909293085,0.00045777164632454515,-0.12228941917419434
18.509,2mer-0+384,-0.00014678992355084266,0.00014694120045652653,-0.07036273811629876,-0.00017425,-0.00024104116164380684,2.578546991571784e-05,-0.07033538818359375
18.534,2mer-0+330,-9.806333135948227e-05,9.80643989877311e-05,-0.06161581492316157,-0.00012472,0.00022089481717557646,0.0004445184313226491,-0.06171584129333496
18.579,2mer-0+467,-8.641262358566792e-05,8.634946263075786e-05,0.09786572814755391,-8.078e-05,-0.00018441678548697382,-0.00019923211948480457,0.0978536605834961
18.58,2mer-0+405,-0.00012443895177606483,0.00012455235551475083,-0.04729651634948299,-0.00013901,0.00034499168395996094,0.0004565536801237613,-0.0472254753112793
18.614,2mer-0+421,-0.0001331475038625969,0.0001330191890104753,0.06003366127061328,-0.0001622,-0.00019621850515250117,0.00013160631351638585,0.05985426902770996
18.676,2mer-0+559,-0.00012537498425083934,0.00012532634298101613,-0.01717553424637979,-0.00012685,-0.0007932186272228137,-0.0007322523160837591,-0.01717066764831543
18.745,2mer-0+333,-0.00010667482364848587,0.00010672294867507128,0.010252806588054397,-0.0001123,0.00028324127197265625,0.0005883718840777874,0.010038614273071289
18.761,2mer-0+369,-0.00016271960767327796,0.00016255498975063716,0.10478561302830747,-0.00018564,-0.00027203562422073446,8.680713654030114e-05,0.1047983169555664
18.767,2mer-0+501,-7.28076094117039e-05,7.282854021092938e-05,-0.06882124764866518,-7.964e-05,-0.00043725968134822324,-0.0003071275423280895,-0.06896710395812988
18.775,2mer-0+355,-0.00015950302159356778,0.00015932964695201468,0.10996097669212856,-0.00019535,-0.0002946853928733617,2.36350460909307e-05,0.10991907119750977
18.791,2mer-0+328,-0.00011383778024752437,0.00011392319366466834,-0.03505696913295438,-0.00013327,-5.8889403590001166e-05,0.00027048762422055006,-0.035186052322387695
18.797,2mer-0+341,-7.036196442163958e-05,7.038525206992496e-05,-0.06693485126686584,-8.71e-05,2.9921502573415637e-05,-4.483474185690284e-06,-0.06705594062805176
18.816,2mer-0+442,-6.941513062870058e-05,6.942309405757892e-05,-0.06779012973539396,-9.498e-05,-8.1658385170158e-05,1.8539874872658402e-05,-0.0678093433380127
18.825,2mer-0+454,-5.0925492718774714e-05,5.089698882300198e-05,0.07560466968238343,-4.635e-05,0.00011348722910042852,0.00015132682165130973,0.07553672790527344
18.828,2mer-0+417,-0.0001418660552239736,0.000141723661654429,0.07779591789892998,-0.00018239,0.0003285407801740803,0.0006401041173376143,0.07774186134338379
18.837,2mer-0+391,-6.343749874960047e-05,6.346827552272007e-05,-0.07514144252836473,-5.759e-05,-0.000532031073817052,-0.0004874961159657687,-0.07533049583435059
18.85,2mer-0+531,-5.861915598283387e-05,5.8645630103785736e-05,-0.0870376220489524,-7.732e-05,0.0003010034270118922,0.0002193513500969857,-0.0871351957321167
18.926,2mer-0+489,-8.047653460554868e-05,8.045672328592409e-05,0.06098866196853751,-6.799e-05,8.821487426757812e-06,0.00025390778318978846,0.060882568359375
18.942,2mer-0+364,-0.0001157475691943976,0.00011580597436166917,0.01210685484638879,-0.00013382,6.103512714616954e-05,0.00017588505579624325,0.012046337127685547
19.013,2mer-0+616,-6.23030813263321e-05,6.230955649344733e-05,0.0350890079615444,-4.298e-05,-0.00010943412780761719,7.119316433090717e-05,0.035092830657958984
19.031,2mer-0+492,-8.562642535279111e-05,8.56042089684868e-05,-0.023316442572051184,-6.305e-05,0.00015687938139308244,0.00044873784645460546,-0.023459434509277344
19.042,2mer-0+387,-0.00016610896305956557,0.0001662869020957939,-0.08704268324419544,-0.0001766,-0.0001289844512939453,7.794937118887901e-06,-0.08723020553588867
19.063,2mer-0+347,-0.00011457187069887424,0.00011466713312864453,-0.1138000494760648,-0.00014437,-0.0007498264021705836,-0.0005254066199995577,-0.11370599269866943
19.103,2mer-0+504,-8.013356666332801e-05,8.019257732963898e-05,-0.1028585465725979,-9.346e-05,-0.0005023479607189074,-0.0004090357106178999,-0.10295093059539795
19.138,2mer-0+544,-8.262695112451696e-05,8.259073616788603e-05,-0.015917596505171376,-7.316e-05,-0.00027763844991568476,-0.0001614502543816343,-0.015949010848999023
19.149,2mer-0+676,-0.0001608995571392828,0.00016071298117605376,0.10226361139337431,-0.00013148,-0.00020742413471452892,0.00029856833862140775,0.10222363471984863
19.209,2mer-0+458,-8.952749627753247e-05,8.948103823407707e-05,0.001595667146509304,-0.00010886,-0.00021529198784264736,-7.258843106683344e-05,0.0014774799346923828
19.254,2mer-0+420,-5.881463284934085e-05,5.8812873501899385e-05,0.05083633486394862,-7.19e-05,-0.0003018379502464086,-0.00021254023886285722,0.050766587257385254
19.257,2mer-0+436,-0.00010224826109543655,0.00010218336104619772,0.01813090800874031,-0.0001205,0.0003879069845424965,0.0004552719765342772,0.017952442169189453
19.268,2mer-0+456,-0.00011187852828469064,0.0001118675645156826,-0.043600999189010205,-0.00012007,0.00024032589135458693,0.00040346564492210746,-0.043736934661865234
19.289,2mer-0+451,-7.636735444584581e-05,7.632781071069624e-05,0.08662808608039617,-8.043e-05,0.00022852420806884766,0.0002142666926374659,0.08676934242248535
19.307,2mer-0+444,-0.0001439188603533365,0.00014405493459624186,-0.06212249192086427,-0.00014499,-0.000420570358983241,-0.0002673428680282086,-0.0622258186340332
19.318,2mer-0+537,-5.082095714787689e-05,5.079047932262413e-05,0.07724830616798403,-4.207e-05,-5.9604644775390625e-06,-2.128529013134539e-05,0.07718658447265625
19.324,2mer-0+578,-7.376995804031725e-05,7.372523514640402e-05,0.007467976846760828,-8.897e-05,-4.267692202120088e-05,0.0001292664383072406,0.007277965545654297
19.324,2mer-0+491,-0.00016333880121567818,0.00016351293859512316,-0.08930397128873921,-0.00017081,8.583054295741022e-06,0.00038496076012961566,-0.08931994438171387
19.327,2mer-0+579,-6.23076971269559e-05,6.233809070278517e-05,-0.0701206271863019,-6.633e-05,0.0001450777126592584,0.00018869011546485126,-0.07029032707214355
19.335,2mer-0+762,-0.0001257227313273325,0.00012559758254616284,0.0715615916673681,-9.513e-05,-0.00030088427593000233,-4.153791815042496e-05,0.07161426544189453
19.379,2mer-0+365,-6.320051824384114e-05,6.316190994493495e-05,0.0926254359725421,-5.755e-05,-0.00042557715642033145,-0.0002524967712815851,0.09260952472686768
19.415,2mer-0+373,-9.008448691653604e-05,9.00379191010445e-05,0.003982003385723056,-0.00011663,-3.194808232365176e-05,1.3115779438521713e-05,0.004025459289550781
19.426,2mer-0+535,-9.984753669574822e-05,9.978358612790857e-05,0.012396814213557464,-7.69e-05,-0.0003988743046647869,-0.00014810201537329704,0.012296438217163086
19.467,2mer-0+386,-0.00010531009388406824,0.00010538998278944861,-0.03654493050042054,-0.00013678,0.0003154277801513672,0.0003564892103895545,-0.03663158416748047
19.478,2mer-0+482,-6.627300029499343e-05,6.626872585123709e-05,0.047518735384614604,-6.55e-05,-4.088877176400274e-05,-3.832778020296246e-05,0.0474470853805542
19.542,2mer-0+487,-9.272404456163571e-05,9.274633403920547e-05,0.02549590122462647,-7.974e-05,5.578991840593517e-05,1.1202195310033858e-05,0.025669574737548828
19.573,2mer-0+464,-0.00014433510521479339,0.0001441858468332551,0.10449942046573626,-0.0001789,1.4305260265246034e-06,0.000261293986113742,0.10439491271972656
19.574,2mer-0+413,-6.474522670256067e-05,6.472127846968288e-05,0.07009501399414256,-5.922e-05,0.00015866757166804746,0.00024081299488898367,0.07004916667938232
19.576,2mer-0+758,-4.203832488004697e-05,4.205527456095657e-05,-0.057390492602134045,-2.01e-05,-0.00023472307657357305,-0.00019291124772280455,-0.05747401714324951
19.622,2mer-0+500,-7.152345955489746e-05,7.151076596223049e-05,0.05413367654280643,-6.447e-05,-0.0003843307786155492,-0.0003359632391948253,0.05409836769104004
19.637,2mer-0+382,-6.496772628046527e-05,6.501416546785627e-05,-0.08618399571420655,-6.119e-05,-1.3113014574628323e-05,0.00014211641973815858,-0.08619678020477295
19.654,2mer-0+383,-0.00011031528152461085,0.00011039252831265821,-0.025588978406537528,-0.00013286,-0.0002863407280528918,-0.00024151316029019654,-0.0256502628326416
19.713,2mer-0+412,-0.00013835245635722255,0.00013821917854540632,0.12873091330613445,-0.00015366,-3.9577484130859375e-05,0.0002379693469265476,0.12872052192687988
19.733,2mer-0+430,-0.00016081100656948388,0.00016098802323686654,-0.12781504441607497,-0.00020512,4.0531158447265625e-06,0.00045490398770198226,-0.12800931930541992
19.789,2mer-0+393,-0.00013151653166116852,0.00013163818353087689,-0.07833264598761372,-0.00015898,0.0003345012664794922,0.0003178122278768569,-0.07838773727416992
19.798,2mer-0+437,-9.68169278750566e-05,9.68567481829041e-05,-0.07492933789204186,-9.761e-05,-0.0002741813368629664,-0.00017012258467730135,-0.07507038116455078
19.874,2mer-0+422,-8.534134064067983e-05,8.527693700114277e-05,0.10064119405435314,-7.17e-05,-0.0005121231042721774,-0.0003425681497901678,0.10067212581634521
19.886,2mer-0+404,-0.0001228078417554053,0.00012292571723083193,-0.07862471679897365,-0.0001325,8.368492126464844e-05,9.797373786568642e-05,-0.07883596420288086
19.895,2mer-0+440,-5.1325848247449536e-05,5.130913470425875e-05,0.07243492649540861,-5.127e-05,-0.00010645392467267811,-0.00022711491328664124,0.0723428726196289
19.905,2mer-0+613,-7.120171814386192e-05,7.123195162857021e-05,-0.000918492289551618,-5.76e-05,-9.596349264029413e-05,-5.3200907132122666e-05,-0.000910639762878418
19.94,2mer-0+452,-0.00011250247810941334,0.00011260074148848219,-0.062280237262335184,-0.00013906,-0.0002827644311764743,3.244984327466227e-05,-0.06228017807006836
19.951,2mer-0+418,-7.650845234960944e-05,7.645018908268204e-05,0.09847010769727414,-6.401e-05,0.000367164597264491,0.0003153549914713949,0.098480224609375
19.954,2mer-0+721,-3.724568894550023e-05,3.7258317575671355e-05,-0.05139533953633887,-2.913e-05,0.00040757654642220587,0.0003838117700070143,-0.051567673683166504
19.97,2mer-0+644,-4.597080542065806e-05,4.597423696756862e-05,0.033773973868235226,-2.874e-05,-4.52995445812121e-05,-0.00012158385652583092,0.03377640247344971
