distance,nmer_name,Uind_md,Udf,Unb,Ues,Uind_sapt,Ues_sapt,Uind_omm,Udf_omm,Unb_omm,time_per_system
1.982,2mer-0+19,-3.137035442538845,3.7571594867722355,-22.467277806492756,-22.467277806492756,-13.13505946,-44.18091534,-3.133074948482374,3.751884743136088,-22.451207129844704,0.08392317491419175
1.997,2mer-0+18,-3.244728427979811,3.8733560731986154,-19.85407408542305,-19.85407408542305,-12.64521394,-39.05679682,-3.2454626744733446,3.874174327326159,-19.85199935162575,0.08392317491419175
2.756,2mer-0+1,-0.4091166913891778,0.4265508377407306,-3.873733983567481,-3.873733983567481,-0.94870448,-5.8833332,-0.4094853911625478,0.4269228998497283,-3.8743508470624874,0.08392317491419175
2.778,2mer-0+8,-0.5428920485921763,0.5437316968619483,-2.3764475805296676,-2.3764475805296676,-1.55951472,-4.20724046,-0.5429801313597409,0.5437972642862405,-2.3785290454338224,0.08392317491419175
2.794,2mer-0+7,-1.19987086250499,1.3643980562919527,-7.134591672110368,-7.134591672110368,-2.69462965,-9.02368704,-1.1989307924625905,1.3632691041158296,-7.131251032480179,0.08392317491419175
2.811,2mer-0+2,-0.1726098603013683,0.17133419813795334,0.5066136891807064,0.5066136891807064,-0.78332372,-0.37715288,-0.17247290508919377,0.17120853148855986,0.5061496055690213,0.08392317491419175
2.815,2mer-0+5,-0.1578173313913186,0.15989856180858214,-0.43587449380566423,-0.43587449380566423,-0.91553905,-5.20377014,-0.1577261157486305,0.15979446498204197,-0.43520559936865766,0.08392317491419175
2.898,2mer-0+4,-0.051539095521356756,0.05145242121561729,-0.45567478279160883,-0.45567478279160883,-0.42640289,-1.61175018,-0.05156344057235174,0.0514753391684053,-0.45595481304957275,0.08392317491419175
2.975,2mer-0+3,-0.4982688770698013,0.49192630812802923,-1.7935779340335631,-1.7935779340335631,-1.45201772,-4.942277,-0.4983475773458963,0.49199315176156233,-1.7937256000391244,0.08392317491419175
3.635,2mer-0+22,-0.330837324471574,0.35166005966467273,-4.087324594261112,-4.087324594261112,-0.51244061,-3.57708957,-0.3307482674293283,0.35155988698500096,-4.085830813396456,0.08392317491419175
4.052,2mer-0+6,-0.1156905229396486,0.11569399986470766,-1.471673951432288,-1.471673951432288,-0.15366792,-2.18061995,-0.11565017331099625,0.11565748418479416,-1.472528565217715,0.08392317491419175
4.072,2mer-0+31,-0.07576391293709615,0.07426470233580508,-0.12330729514457418,-0.12330729514457418,-0.12102502,-1.23047912,-0.07575938779149283,0.07426152410084796,-0.1238750192601401,0.08392317491419175
4.253,2mer-0+14,-0.055299123304085394,0.054267521929421324,0.9952414690426492,0.9952414690426492,-0.07052554,1.25888544,-0.05532983459437446,0.0542977477466593,0.9959632390024353,0.08392317491419175
4.99,2mer-0+13,-0.03910739075297925,0.0401909595115205,-1.4005763211314082,-1.4005763211314082,-0.06421786,-1.99912125,-0.03910538392645435,0.04018882042828409,-1.4005407114262312,0.08392317491419175
4.991,2mer-0+11,-0.018569525265969937,0.018474650269635285,0.445202966083458,0.445202966083458,-0.02894457,0.0943616,-0.018570270246613063,0.01847547703721375,0.4450906610655636,0.08392317491419175
5.012,2mer-0+16,-0.04701222966241643,0.04811010788739488,-1.0031666788816027,-1.0031666788816027,-0.05925739,-1.1575333,-0.04704172139076945,0.048140951444111124,-1.0041527594628974,0.08392317491419175
5.034,2mer-0+29,-0.033295970168608795,0.032629945175681636,1.3472215618622916,1.3472215618622916,-0.03995259,1.55781722,-0.03329218059764116,0.032626140638626566,1.346822024202197,0.08392317491419175
5.47,2mer-0+21,-0.009798418506727677,0.009865611697808894,-0.027270404254545105,-0.027270404254545105,-0.01056033,0.16703256,-0.00980146582804764,0.009868717618815026,-0.027297770917584785,0.08392317491419175
5.617,2mer-0+9,-0.014811301595996154,0.014840354758795842,-0.023764952483009805,-0.023764952483009805,-0.01985393,0.22179757,-0.014823412938568481,0.014852328613528698,-0.023515721971108405,0.08392317491419175
5.641,2mer-0+51,-0.008490934534671776,0.008371148159742587,0.19628512872445072,0.19628512872445072,-0.00719016,-0.13111623,-0.008489075030041704,0.00836929115894236,0.19633229544396613,0.08392317491419175
5.667,2mer-0+27,-0.029477008448500767,0.02993570755619529,-0.651975140432544,-0.651975140432544,-0.03194285,-0.25026036,-0.029453744849149643,0.029912068653061397,-0.651761812982329,0.08392317491419175
5.867,2mer-0+12,-0.003626859985606911,0.0036012776864745182,0.05481382693812107,0.05481382693812107,-0.00467927,0.21097945,-0.0036269776492758865,0.0036013693245422473,0.05473412197693506,0.08392317491419175
5.923,2mer-0+15,-0.0013296878741103824,0.001341423238731376,-0.09680548255074875,-0.09680548255074875,-0.00185443,-0.09561155,-0.001330534202935496,0.0013422875683772872,-0.09700537270586551,0.08392317491419175
6.046,2mer-0+54,-0.02090577213628528,0.020747252581620555,0.9749517596085221,0.9749517596085221,-0.03184416,1.15496864,-0.020913677240173456,0.020755297456616972,0.9744064180267173,0.08392317491419175
6.207,2mer-0+33,-0.005602159417943261,0.005578566394057349,0.11444879506947839,0.11444879506947839,-0.00665672,0.19969303,-0.005604598743900624,0.005580992642080673,0.11438076183881662,0.08392317491419175
6.278,2mer-0+52,-0.017711329545653576,0.018023713005028835,-0.8039861133720745,-0.8039861133720745,-0.0219316,-0.88878178,-0.017719788426035166,0.01803236209775605,-0.8045075987666053,0.08392317491419175
6.308,2mer-0+30,-0.005016395902459631,0.00501837215283473,-0.10320049080612728,-0.10320049080612728,-0.00802503,-0.28144656,-0.00502268879003509,0.005024677658866494,-0.10330300022616257,0.08392317491419175
6.571,2mer-0+69,-0.009732211283372084,0.00978132200141374,-0.20012005750080908,-0.20012005750080908,-0.01296109,-0.3981131,-0.009728301916595683,0.00977736502056814,-0.20045362588240323,0.08392317491419175
6.847,2mer-0+28,-0.004059762952510537,0.004057045940716679,0.1776791341460429,0.1776791341460429,-0.00460386,0.30543354,-0.004061404258351331,0.004058684894857834,0.17773594388677338,0.08392317491419175
6.974,2mer-0+32,-0.008961632265133915,0.00897564513901298,-0.10282893152948137,-0.10282893152948137,-0.0131472,-0.23941416,-0.008966044869907819,0.008980165845287047,-0.10332644835168026,0.08392317491419175
7.033,2mer-0+25,-0.006545226224229364,0.006499292138621606,0.4000937668611061,0.4000937668611061,-0.0064089,0.38392008,-0.006548940923977398,0.0065030459385297945,0.39992245329480625,0.08392317491419175
7.076,2mer-0+61,-0.005562182286338226,0.00556544440006791,-0.4082488885391226,-0.4082488885391226,-0.006394,-0.62248106,-0.005559933486892987,0.005563194077922162,-0.40806746510978087,0.08392317491419175
7.157,2mer-0+72,-0.009127035380099728,0.009242021400415466,-0.593264345426749,-0.593264345426749,-0.01038943,-0.60601394,-0.00912771850187255,0.009242720023735274,-0.5933025318678347,0.08392317491419175
7.229,2mer-0+20,-0.002536107978246499,0.002537698849262578,-0.13100587651961945,-0.13100587651961945,-0.0020319,-0.03990247,-0.0025342570690725097,0.002535850151957675,-0.13098637357541065,0.08392317491419175
7.336,2mer-0+41,-0.0009705221822670612,0.0009750729594588492,-0.09668270021042406,-0.09668270021042406,-0.00069176,-0.10812054,-0.0009701494076921335,0.0009747067217631411,-0.09671965962962759,0.08392317491419175
7.348,2mer-0+80,-0.004783284777652228,0.004822529822499515,-0.11514494234793818,-0.11514494234793818,-0.00394594,0.06551622,-0.0047847987494265,0.004824040432708898,-0.11505376918717047,0.08392317491419175
7.409,2mer-0+26,-0.005194195250615823,0.005185933885236095,-0.017020274972305224,-0.017020274972305224,-0.00635461,0.10518073,-0.0051968163286915114,0.005188545547753165,-0.01704495122021399,0.08392317491419175
7.439,2mer-0+23,-0.0024131074977754127,0.0024216197613032373,0.0036693921628823322,0.0036693921628823322,-0.00185011,0.00223773,-0.0024105488726320345,0.0024190339970573405,0.0038334087046791865,0.08392317491419175
7.45,2mer-0+74,-0.008742964560980173,0.00868273559789373,0.20696272528225673,0.20696272528225673,-0.01491949,0.46915675,-0.008740101472113793,0.008679931067263169,0.2064823171249941,0.08392317491419175
7.513,2mer-0+39,-0.008707057135068186,0.008631313267773649,0.3638889350456118,0.3638889350456118,-0.0100731,0.23571246,-0.008711575408767658,0.008635900595436397,0.36362401872395367,0.08392317491419175
7.84,2mer-0+63,-0.004437734834787082,0.004393908768839181,0.24766065082341504,0.24766065082341504,-0.0053229,0.29828492,-0.0044434621227651405,0.004399587353759671,0.24782864049066688,0.08392317491419175
7.909,2mer-0+53,-0.0037803855281394296,0.003811478459077657,-0.21093025244079805,-0.21093025244079805,-0.00336935,-0.1287676,-0.003779741300462547,0.003810836095681225,-0.2108851881758369,0.08392317491419175
7.927,2mer-0+43,-0.002531580434734923,0.0025472335765392663,-0.12542767140649108,-0.12542767140649108,-0.00211743,-0.02577262,-0.0025304909021315325,0.0025461352458933106,-0.12536850975604352,0.08392317491419175
7.987,2mer-0+93,-0.006987388204914556,0.0070614417420284455,-0.6345131938385871,-0.6345131938385871,-0.00856754,-0.6770753,-0.006983913825393984,0.007057920488136915,-0.634242694596594,0.08392317491419175
8.011,2mer-0+70,-0.004754035989633167,0.004728480765501768,0.2942212135328684,0.2942212135328684,-0.00488538,0.30324696,-0.004753529123775024,0.004727958313992531,0.2942862903567516,0.08392317491419175
8.129,2mer-0+65,-0.0029626662199188974,0.0029850478876457458,-0.22500738749762858,-0.22500738749762858,-0.00260946,-0.13315288,-0.0029645862314851,0.002986988757584186,-0.22533855541720982,0.08392317491419175
8.196,2mer-0+82,-0.004127041978893384,0.004152146448476011,-0.26107818904950597,-0.26107818904950597,-0.00427549,-0.19257791,-0.004126426134860139,0.004151534362108578,-0.26109329976068807,0.08392317491419175
8.275,2mer-0+121,-0.005945529009498776,0.005895947923192378,0.21512745818297435,0.21512745818297435,-0.00967912,0.55969725,-0.005942111110186943,0.005892565318163179,0.2149510575220006,0.08392317491419175
8.289,2mer-0+36,-0.004593886647577514,0.004617919453688523,-0.2671440575923452,-0.2671440575923452,-0.00533943,-0.13503912,-0.004593765654362869,0.00461777840268951,-0.26691246850083417,0.08392317491419175
8.432,2mer-0+59,-0.003285231778600143,0.0033024539191111603,-0.07524946251300733,-0.07524946251300733,-0.00335464,-0.04999389,-0.003282377775491341,0.0032995638564443652,-0.07491637314768695,0.08392317491419175
8.465,2mer-0+60,-0.0016287666453229312,0.00163969713542341,-0.11730424638136215,-0.11730424638136215,-0.00118685,-0.07391828,-0.0016285605396149094,0.0016394934940535677,-0.11727732665497115,0.08392317491419175
8.498,2mer-0+57,-0.003054488529945568,0.0030309673638956296,0.18560360109822208,0.18560360109822208,-0.00314678,0.07444638,-0.0030561401642330566,0.003032600986898615,0.18571262567081703,0.08392317491419175
8.526,2mer-0+109,-0.003402365716573386,0.0033835632644600303,0.27747175048247125,0.27747175048247125,-0.0031616,0.2129269,-0.0034004997097554224,0.00338170739121324,0.2774233782647286,0.08392317491419175
8.63,2mer-0+40,-0.0020963508550387254,0.0020845229727018033,0.08667382209672235,0.08667382209672235,-0.00195579,0.20616371,-0.002095676833704374,0.002083847007611439,0.0867202092539685,0.08392317491419175
8.719,2mer-0+44,-0.0002514543791607985,0.00025137606075743515,-0.005263954393070659,-0.005263954393070659,-9.305e-05,0.05098548,-0.0002513467194091845,0.00025126712375822535,-0.005209532917575643,0.08392317491419175
8.78,2mer-0+47,-0.003074330916221633,0.0030811188487773963,0.060343868544245484,0.060343868544245484,-0.00362408,-0.01751185,-0.003075068378194601,0.00308187053394704,0.060192797143855614,0.08392317491419175
8.918,2mer-0+76,-0.0018892365420102686,0.0018867560818476472,0.06611925394045706,0.06611925394045706,-0.00189406,0.02801215,-0.001889113175309376,0.0018866343756371862,0.06598696650769398,0.08392317491419175
8.941,2mer-0+91,-0.0036161970997491445,0.0036457903932382955,-0.38978263586132134,-0.38978263586132134,-0.00355434,-0.38781692,-0.0036144597255542976,0.003644030706823287,-0.3895732577376805,0.08392317491419175
9.029,2mer-0+98,-0.0015441671229522375,0.001534626668798196,0.18021506667018242,0.18021506667018242,-0.00122576,0.17587553,-0.00154596306573751,0.0015364121358061311,0.1803540997851627,0.08392317491419175
9.049,2mer-0+56,-0.0003858085063959856,0.0003843987237503956,0.08482293436046576,0.08482293436046576,-4.285e-05,0.08306901,-0.0003858519143875583,0.0003844408111035591,0.08484223859136364,0.08392317491419175
9.091,2mer-0+49,-0.00037032992805403024,0.0003708508223605391,-0.006131134885029346,-0.006131134885029346,-9.861e-05,0.02658136,-0.0003703026651749042,0.0003708229152152853,-0.00609342542622926,0.08392317491419175
9.126,2mer-0+67,-0.0005138652125262688,0.0005130352744229325,-0.017429303516449998,-0.017429303516449998,-9.282e-05,-0.06357207,-0.000513707028517274,0.0005128785155648075,-0.017457249616597892,0.08392317491419175
9.165,2mer-0+45,-0.0008725970549589626,0.0008750346269562501,-0.1557658128650992,-0.1557658128650992,-0.0009272,-0.15892649,-0.0008732473033603583,0.0008756846511914773,-0.1558030089421436,0.08392317491419175
9.323,2mer-0+102,-0.002626451722249598,0.002645668568574561,-0.2974828537897691,-0.2974828537897691,-0.00254198,-0.28395828,-0.0026263678224438536,0.00264558410265181,-0.2974040631013395,0.08392317491419175
9.537,2mer-0+170,-0.0008410445899400964,0.0008415388041460583,-0.03156793471742203,-0.03156793471742203,-0.00116568,0.02406354,-0.0008405299804508104,0.000841023869043056,-0.03156761768354954,0.08392317491419175
9.582,2mer-0+155,-0.0014009861052347086,0.0013995074250126892,0.23963673068808086,0.23963673068808086,-0.00184253,0.29803142,-0.0014008166876351424,0.001399334457914847,0.23974707140610008,0.08392317491419175
9.878,2mer-0+64,-0.0011103377121408937,0.00111548147738093,-0.09608389183368955,-0.09608389183368955,-0.0008086,-0.07138299,-0.0011101740539061211,0.0011153140180795162,-0.09595536750308042,0.08392317491419175
9.929,2mer-0+161,-0.0019975428336193044,0.002008423074582357,-0.29299989222860995,-0.29299989222860995,-0.00240632,-0.38461047,-0.0019974613803981356,0.0020083391750631563,-0.293043036886246,0.08392317491419175
9.972,2mer-0+50,-0.0013349580549621677,0.00133014078846375,0.1609043287130509,0.1609043287130509,-0.00097951,0.21049056,-0.0013361665344575613,0.0013313479259977612,0.16094823238714184,0.08392317491419175
10.039,2mer-0+85,-0.0008137061710013615,0.0008107371736822235,0.10357447628019206,0.10357447628019206,-0.00059718,0.15714428,-0.0008138409696414328,0.0008108701163109799,0.10357782017442219,0.08392317491419175
10.061,2mer-0+66,-0.0008929666476392725,0.0008907720877793377,0.099680125080701,0.099680125080701,-0.00062747,0.06406254,-0.0008932110676767024,0.0008910111889690597,0.09986194908529455,0.08392317491419175
10.061,2mer-0+92,-0.0005800489347858389,0.0005815864364799642,-0.0375057299417535,-0.0375057299417535,-0.00036209,0.02984255,-0.0005803707694269633,0.0005819079073035027,-0.03749610547129123,0.08392317491419175
10.105,2mer-0+84,-0.0004823137741785692,0.0004842925058399539,-0.1068516102532706,-0.1068516102532706,-0.00021814,-0.10233287,-0.00048222043744772236,0.00048419883535189,-0.10684015538259928,0.08392317491419175
10.108,2mer-0+167,-0.0015408475764611411,0.0015475487944987551,-0.18802325546280563,-0.18802325546280563,-0.00181962,-0.14640649,-0.001540954772309533,0.001547652930867116,-0.18803356595330456,0.08392317491419175
10.146,2mer-0+58,-0.0005426714886164973,0.0005446560920545429,-0.11471907581727571,-0.11471907581727571,-0.00011614,-0.13144122,-0.0005426523949836337,0.000544635974506491,-0.11469581385659922,0.08392317491419175
10.151,2mer-0+94,-0.0008719722041254795,0.0008746082160734699,-0.04497331889764628,-0.04497331889764628,-0.0005236,-0.0135508,-0.0008716514494722105,0.0008742852251089062,-0.04496568262598544,0.08392317491419175
10.203,2mer-0+157,-0.0027184101987607475,0.0026979971708032346,0.3406133100553891,0.3406133100553891,-0.00360421,0.51662422,-0.0027175909988557123,0.0026971848056973613,0.34052613193355796,0.08392317491419175
10.205,2mer-0+88,-0.0018010167341567785,0.001799565170840522,0.036961482813043574,0.036961482813043574,-0.00174558,0.0318628,-0.001799817526773495,0.0017983595278110442,0.03708646342249722,0.08392317491419175
10.222,2mer-0+83,-0.0010399881827741811,0.00103538617993508,0.18179724492427404,0.18179724492427404,-0.00072019,0.18470765,-0.001039521006873656,0.0010349208171192004,0.18171671917352228,0.08392317491419175
10.282,2mer-0+163,-0.0010431239439055067,0.0010458295584419581,-0.09673567971014857,-0.09673567971014857,-0.00145403,-0.08323388,-0.0010426669392700205,0.0010453693375893636,-0.09665570168928639,0.08392317491419175
10.286,2mer-0+68,-0.0007541982271800632,0.0007516704000191884,0.0966270705139278,0.0966270705139278,-0.00048721,0.12270773,-0.0007548029237511855,0.0007522715511640854,0.0967095920822203,0.08392317491419175
10.286,2mer-0+110,-0.0004980415944819934,0.0004991160188671353,-0.01530214555752562,-0.01530214555752562,-6.055e-05,-0.00511951,-0.0004979943849150459,0.0004990679822185484,-0.015319203434472684,0.08392317491419175
10.353,2mer-0+100,-0.0010783706190533248,0.0010835979766504796,-0.1942328452829516,-0.1942328452829516,-0.00079946,-0.15576571,-0.0010784159154866302,0.0010836434787506732,-0.19424288807391576,0.08392317491419175
10.434,2mer-0+107,-0.0013249103000508259,0.0013187401494262959,0.27450301084303014,0.27450301084303014,-0.00109151,0.24838375,-0.0013243016468038604,0.001318133477639094,0.27440623346149096,0.08392317491419175
10.462,2mer-0+62,-0.0009619109124755296,0.0009584460224893676,0.14392212486348857,0.14392212486348857,-0.00063635,0.17101856,-0.0009612451922009768,0.0009577819798778364,0.14382411788281502,0.08392317491419175
10.465,2mer-0+77,-0.0004039818541090005,0.00040329716312481796,-0.002565138701989399,-0.002565138701989399,1.27e-06,-0.07525618,-0.0004042034653650717,0.00040351856762299576,-0.00261222448128251,0.08392317491419175
10.554,2mer-0+135,-0.0005267775653948349,0.0005247859885175622,0.05714875427148411,0.05714875427148411,-0.00016401,-0.02319008,-0.0005264537630580435,0.0005244637527539453,0.0570911288351823,0.08392317491419175
10.568,2mer-0+162,-0.0010236013622937309,0.0010211708195371385,0.1356296759403466,0.1356296759403466,-0.00095028,0.09317599,-0.0010235633461945781,0.0010211313256149879,0.1356161752274545,0.08392317491419175
10.58,2mer-0+192,-0.001071760014012622,0.0010749178290799003,-0.23741737705407148,-0.23741737705407148,-0.00121935,-0.22247811,-0.0010713884414599306,0.0010745452176479375,-0.23737726750499633,0.08392317491419175
10.604,2mer-0+71,-0.000692802360402328,0.0006921986509180096,-0.061738228104801895,-0.061738228104801895,-0.00069985,-0.04527032,-0.0006931572437167688,0.0006925526527084003,-0.061718741015340584,0.08392317491419175
10.632,2mer-0+117,-0.0010721760519570413,0.0010681441827780711,0.1345933532111509,0.1345933532111509,-0.00090541,0.12136545,-0.0010725939410747287,0.001068559643840672,0.13465054649694252,0.08392317491419175
10.653,2mer-0+152,-0.00045943236890827563,0.00045804428505112643,0.03451869860579641,0.03451869860579641,-8.201e-05,-0.04431366,-0.00045933601650460787,0.00045794845584623545,0.0345032237041778,0.08392317491419175
10.744,2mer-0+112,-0.0011267822784233144,0.0011298988003642506,-0.23854315531957246,-0.23854315531957246,-0.00133753,-0.18462419,-0.0011265415912475873,0.0011296564591702918,-0.238485260885966,0.08392317491419175
10.786,2mer-0+122,-0.00098354901928445,0.000984104944686705,-0.0954270519052268,-0.0954270519052268,-0.00097763,-0.0289593,-0.000984417656837877,0.0009849731495705782,-0.09550215171421428,0.08392317491419175
10.849,2mer-0+73,-0.0004395645181463563,0.0004382269721643784,0.08578051208600364,0.08578051208600364,-3.37e-05,0.03085911,-0.00043942307513589185,0.00043808506757159194,0.08579849228627268,0.08392317491419175
10.874,2mer-0+96,-0.0005004930015714119,0.0005007034570935271,0.011420271274004376,0.011420271274004376,-0.00025476,0.07200087,-0.0005002109611496053,0.0005004203903808957,0.011436086512844668,0.08392317491419175
10.936,2mer-0+221,-0.0005902030134267931,0.0005889003868297052,0.2170372700968343,0.2170372700968343,-0.0006381,0.27199992,-0.0005902961994621592,0.0005889936414860131,0.2170192757927225,0.08392317491419175
11.006,2mer-0+97,-0.0002663121614779589,0.0002662685877025225,0.04190382123088508,0.04190382123088508,-1.438e-05,0.07150703,-0.00026633271008336123,0.00026628871501088724,0.04191879061528425,0.08392317491419175
11.011,2mer-0+101,-0.000596480681978062,0.0005940123314277736,0.09396717670008585,0.09396717670008585,-0.00032519,0.09986056,-0.0005969375656320608,0.0005944669122754931,0.09400934687141671,0.08392317491419175
11.105,2mer-0+75,-0.0005231711061619104,0.000524815382127653,-0.07311772383677566,-0.07311772383677566,-0.00060035,-0.13969689,-0.0005230965875853144,0.0005247406978696745,-0.07315717311749381,0.08392317491419175
11.113,2mer-0+196,-0.0010100286051237146,0.0010047689373524338,0.18317312605975947,0.18317312605975947,-0.00088405,0.17502482,-0.0010095392030962103,0.0010042822489140235,0.18307259281459665,0.08392317491419175
11.132,2mer-0+148,-0.0007802944527447594,0.000781090099821072,-0.024404067442622995,-0.024404067442622995,-0.00070058,-0.06630397,-0.0007802041615150301,0.0007809977546457958,-0.024374660554997263,0.08392317491419175
11.132,2mer-0+144,-0.0009589576093174321,0.0009551826043820328,0.18633481842226163,0.18633481842226163,-0.00089166,0.19101421,-0.0009588853039304013,0.0009551098369229294,0.1863370470454413,0.08392317491419175
11.206,2mer-0+79,-0.000619095426923278,0.0006200852467483867,-0.05974289952693607,-0.05974289952693607,-0.00058699,-0.13786402,-0.0006191635535230944,0.0006201535911714018,-0.05980468147677698,0.08392317491419175
11.282,2mer-0+86,-0.0007743683258310499,0.000775751541121303,-0.06453599066156178,-0.06453599066156178,-0.0006053,-0.07124467,-0.0007750304980618239,0.0007764163840420224,-0.06471171738564863,0.08392317491419175
11.288,2mer-0+104,-0.0010201746298763438,0.0010172973037550538,0.15145070178947206,0.15145070178947206,-0.00085886,0.11904887,-0.0010194893087032142,0.0010166136302132145,0.15132132422277778,0.08392317491419175
11.298,2mer-0+114,-0.0006837540971530683,0.000685753549081974,-0.07056807920172559,-0.07056807920172559,-0.00050433,-0.05610908,-0.0006841863144018134,0.0006861878290465029,-0.07068805662504474,0.08392317491419175
11.363,2mer-0+213,-0.000794907862683028,0.0007913415957818586,0.1400184686405686,0.1400184686405686,-0.00060431,0.10629166,-0.0007948042588168391,0.0007912384277233286,0.14001788255428949,0.08392317491419175
11.471,2mer-0+106,-0.0008312731243635998,0.0008341233735960686,-0.1201074036797358,-0.1201074036797358,-0.00066585,-0.13586828,-0.0008318743708457532,0.0008347275340838678,-0.12028158872286099,0.08392317491419175
11.59,2mer-0+189,-0.0004347602241275393,0.0004339040249714713,0.04684808168780562,0.04684808168780562,-0.00020052,0.05048259,-0.0004351061227083619,0.0004342477625414176,0.04692666776148258,0.08392317491419175
11.592,2mer-0+108,-0.0002404243793115148,0.00023996878040502691,0.0641383329969614,0.0641383329969614,6.859e-05,0.03293495,-0.00024052842806554509,0.00024007309582430025,0.0641106789729804,0.08392317491419175
11.649,2mer-0+120,-0.00023856582679799304,0.00023842696693932394,0.01837262116523584,0.01837262116523584,-1.257e-05,0.02866206,-0.00023858945453980596,0.0002384507578199191,0.01832568376477184,0.08392317491419175
11.672,2mer-0+131,-0.00041510417576097345,0.00041616928221794794,-0.03992194945658121,-0.03992194945658121,-0.00014882,-0.03481226,-0.0004153118316594373,0.0004163777941812441,-0.03998092165464584,0.08392317491419175
11.782,2mer-0+183,-0.0005263731049667534,0.0005244456625031768,0.09722458157808421,0.09722458157808421,-0.00024222,0.04730575,-0.0005263016990966207,0.0005243740969262944,0.09724403841288165,0.08392317491419175
11.868,2mer-0+211,-0.0006392690353496377,0.0006404520980997819,-0.019672643577414172,-0.019672643577414172,-0.00072599,-0.03921429,-0.0006393665666450943,0.0006405494619912133,-0.019687487109237622,0.08392317491419175
11.893,2mer-0+154,-0.0010454052982255,0.0010405667189151086,0.19712297395885212,0.19712297395885212,-0.00121755,0.2739822,-0.0010456435737893344,0.0010408034808051525,0.1971325127609589,0.08392317491419175
11.982,2mer-0+105,-0.0003473142021656196,0.00034777565411769966,-0.07555771460789376,-0.07555771460789376,-0.00016414,-0.09740555,-0.00034745581118045266,0.00034791743905771,-0.07560298679550215,0.08392317491419175
11.993,2mer-0+205,-0.0005786533454578643,0.00057909931387396,0.031485340891301915,0.031485340891301915,-0.00057117,0.01370029,-0.0005789022895044127,0.0005793494991621628,0.03133579205012893,0.08392317491419175
12.086,2mer-0+90,-0.00017812282143793353,0.0001781154982806146,0.03367070590089732,0.03367070590089732,8.309e-05,0.05288607,-0.00017804227454121246,0.000178034592977383,0.033690347286224664,0.08392317491419175
12.255,2mer-0+115,-0.0006210360610583502,0.0006189428263014007,0.15345645228979696,0.15345645228979696,-0.00042687,0.13747058,-0.0006209041227691614,0.0006188105543287747,0.15347609033042886,0.08392317491419175
12.306,2mer-0+103,-0.0005272723522793449,0.0005287010620183654,-0.04305478818314627,-0.04305478818314627,-0.00037665,-0.08427313,-0.000527268216657717,0.000528696263359052,-0.04298818034880014,0.08392317491419175
12.309,2mer-0+195,-0.00048540762311305457,0.00048691937150966997,-0.0992262067492758,-0.0992262067492758,-0.00030214,-0.11713972,-0.00048564957987196067,0.00048716228047851473,-0.09932641400476427,0.08392317491419175
12.588,2mer-0+281,-0.000381569785980227,0.00038250885639159435,-0.09105134705836813,-0.09105134705836813,-0.00042239,-0.08751367,-0.0003813317736103272,0.00038227003847168817,-0.09101679427375586,0.08392317491419175
12.615,2mer-0+177,-0.0002777458347019012,0.00027797167535264724,0.013527155121480882,0.013527155121480882,-2.382e-05,0.0411558,-0.00027767503048892195,0.0002779001777071244,0.013583282527989127,0.08392317491419175
12.672,2mer-0+136,-0.00029372171330564647,0.0002939452698237524,0.017870965773538836,0.017870965773538836,-0.00013273,0.0544518,-0.00029387797201252397,0.0002941017233979437,0.017841078176445535,0.08392317491419175
12.694,2mer-0+130,-0.00011818242095893392,0.00011837917028739515,-0.01885622407360072,-0.01885622407360072,0.00013566,0.0057647,-0.00011811856506938057,0.00011831515394078451,-0.01883514656796592,0.08392317491419175
12.732,2mer-0+172,-0.00040223995461600445,0.00040337598455746906,-0.09986071145179469,-0.09986071145179469,-0.00018314,-0.08848956,-0.0004022672884786971,0.00040340326120258396,-0.09988580978908601,0.08392317491419175
12.824,2mer-0+173,-0.00039093002547043186,0.00039106879998730443,0.02590874121422211,0.02590874121422211,-0.00018097,-0.00390082,-0.0003911246426753223,0.0003912645373702617,0.025789266887699114,0.08392317491419175
12.891,2mer-0+164,-0.0003476128577086177,0.0003485958837779803,-0.10379184816129836,-0.10379184816129836,-8.578e-05,-0.0924893,-0.0003474005861221485,0.0003483826261572176,-0.10374598306044902,0.08392317491419175
12.934,2mer-0+118,-0.0003725564545194538,0.00037254781289916094,0.011119753448340397,0.011119753448340397,-0.00020966,0.04947031,-0.00037288667795110086,0.0003728783890437626,0.01107019406363463,0.08392317491419175
12.977,2mer-0+128,-0.00016762028114909166,0.0001674568488765757,0.0666247340241363,0.0666247340241363,-4.908e-05,0.03268245,-0.000167652839877519,0.0001674893412655365,0.06663023354488473,0.08392317491419175
12.978,2mer-0+159,-0.00030105118245386423,0.0003008109717315968,-0.016718309222378155,-0.016718309222378155,-0.000162,-0.03467082,-0.0003013339780864044,0.00030109394140254153,-0.016780219887479575,0.08392317491419175
13.024,2mer-0+123,-7.354478652153455e-05,7.347053396255897e-05,0.006574319742744011,0.006574319742744011,0.00016511,0.02826661,-7.356836347582885e-05,7.349406155299221e-05,0.006546823542763036,0.08392317491419175
13.03,2mer-0+126,-4.483455805444052e-05,4.48581791196509e-05,-0.009022598234075722,-0.009022598234075722,0.00021376,-0.00700073,-4.484166672114043e-05,4.486535021896998e-05,-0.009062806719796868,0.08392317491419175
13.041,2mer-0+210,-0.00031580077423598975,0.00031641686436841574,-0.0383614423949887,-0.0383614423949887,-9.35e-05,0.01419063,-0.00031574800721045904,0.00031636375001653505,-0.038343004951684634,0.08392317491419175
13.099,2mer-0+137,-0.0004664629433001082,0.00046794406570846133,-0.12234171591802999,-0.12234171591802999,-0.00030398,-0.15709229,-0.0004665678779076643,0.00046804918940779316,-0.1223397558831465,0.08392317491419175
13.107,2mer-0+140,-0.00020769934146421722,0.00020810165802091356,-0.027220597021212326,-0.027220597021212326,6.073e-05,-0.01412241,-0.00020765575810344217,0.00020805796270906285,-0.027205478225340585,0.08392317491419175
13.108,2mer-0+146,-0.00025763548357157675,0.000258326007196368,-0.08050870933204365,-0.08050870933204365,3.03e-05,-0.08356732,-0.0002574870217415537,0.0002581769007292678,-0.0804899351406192,0.08392317491419175
13.155,2mer-0+166,-0.0003126227021778244,0.0003119035248617257,0.06063064527393197,0.06063064527393197,-0.0001306,0.093105,-0.0003125997437791739,0.00031188028390261024,0.0606553069894602,0.08392317491419175
13.177,2mer-0+272,-0.00038911895117467796,0.0003893278261639428,-0.011218966421365587,-0.011218966421365587,-0.00029753,-0.05162879,-0.00038908992435437995,0.0003892981749231694,-0.011212446279301957,0.08392317491419175
13.229,2mer-0+145,-0.00022055571694541693,0.00022026985899755837,0.0180753328087113,0.0180753328087113,2.961e-05,0.04307213,-0.00022067146080928524,0.00022038535018964467,0.01807853216411104,0.08392317491419175
13.23,2mer-0+232,-0.00023625177150248105,0.0002367374917532081,-0.033605956315110444,-0.033605956315110444,1.332e-05,-0.02978245,-0.00023618934834246375,0.00023667463449328352,-0.03354230195522234,0.08392317491419175
13.279,2mer-0+125,-0.0002906821228339187,0.00029024037300885735,0.09301176794561451,0.09301176794561451,-5.388e-05,0.10889827,-0.0002907267049465645,0.00029028407323039573,0.09309431028489712,0.08392317491419175
13.288,2mer-0+253,-0.0003140589166163205,0.0003130974413534655,0.10487878908919526,0.10487878908919526,-0.0001134,0.12047919,-0.00031431957516758757,0.00031335719290837005,0.10494363513173255,0.08392317491419175
13.318,2mer-0+233,-0.00028985121199926074,0.0002898517266696701,0.0556646615107138,0.0556646615107138,-0.00019452,0.07351972,-0.0002896953074582598,0.0002896954013067443,0.055695114884485974,0.08392317491419175
13.347,2mer-0+127,-0.00019696405177904242,0.0001972382703437849,-0.001661011665240338,-0.001661011665240338,4.012e-05,0.0203774,-0.0001969282500766667,0.00019720233660791564,-0.0016584667347103732,0.08392317491419175
13.381,2mer-0+147,-0.00019352052423401793,0.00019343938616619099,0.010845866604276642,0.010845866604276642,-9.791e-05,-0.00634111,-0.00019351448956683726,0.00019343331405252684,0.010817482440387494,0.08392317491419175
13.431,2mer-0+226,-0.0005218649660386578,0.0005234939629112685,-0.16012669791825665,-0.16012669791825665,-0.00038883,-0.17096841,-0.0005218484718483296,0.0005234770259221477,-0.16013814525534542,0.08392317491419175
13.444,2mer-0+238,-0.0002535951122823733,0.0002540768355500755,-0.10057597099464514,-0.10057597099464514,-8.506e-05,-0.10024521,-0.00025357606649833997,0.00025405748738194234,-0.1005337618074833,0.08392317491419175
13.454,2mer-0+175,-0.000233584296945642,0.00023359140819997692,0.00794307402855625,0.00794307402855625,-3.34e-05,0.00891232,-0.00023353701084261047,0.0002335436389557799,0.007953340870429315,0.08392317491419175
13.46,2mer-0+215,-0.0003231325492350712,0.0003229828732451604,0.030807809300504533,0.030807809300504533,-0.00019885,-0.00260187,-0.00032303894487029083,0.0003228890601576495,0.030827996378292255,0.08392317491419175
13.496,2mer-0+292,-0.0003646901696299138,0.00036565932454619754,-0.08184216985214746,-0.08184216985214746,-0.00021535,-0.08233876,-0.0003646384638074096,0.0003656071259001692,-0.08177759176317068,0.08392317491419175
13.499,2mer-0+294,-0.0002895469338998623,0.0002892651317157381,0.0307641493369243,0.0307641493369243,-0.00018311,0.07515092,-0.0002896849070737062,0.00028940231527485594,0.030814247712712017,0.08392317491419175
13.51,2mer-0+138,-0.00022243970470963128,0.00022216264857077256,-0.013299270522841716,-0.013299270522841716,2.383e-05,-0.01951102,-0.0002225740769716822,0.00022229674448226433,-0.013286904813256228,0.08392317491419175
13.538,2mer-0+160,-9.202214460131811e-05,9.203206253533653e-05,-0.006112551281640642,-0.006112551281640642,3.272e-05,-0.02704533,-9.210823385785716e-05,9.211819622123585e-05,-0.0061249058489636354,0.08392317491419175
13.579,2mer-0+169,-0.00033267094731037654,0.00033185558937663033,0.0903473970082404,0.0903473970082404,-0.0001446,0.0839447,-0.0003328502596389171,0.00033203431735273625,0.09040063290336775,0.08392317491419175
13.582,2mer-0+265,-0.0003790318377935314,0.0003781909475010119,0.09241237810986278,0.09241237810986278,-0.00026973,0.06605708,-0.00037888409103459253,0.0003780432954272328,0.0924081171393425,0.08392317491419175
13.613,2mer-0+132,-6.597481806261942e-05,6.588507038100416e-05,0.037798309944092404,0.037798309944092404,0.00019066,0.03455806,-6.596112295653711e-05,6.587131736068841e-05,0.037804886721744424,0.08392317491419175
13.751,2mer-0+230,-0.00012083676553694265,0.00012073797244949786,0.008495306098965275,0.008495306098965275,0.00015971,-0.01495175,-0.00012090368453243627,0.00012080464955488424,0.008493923801808023,0.08392317491419175
13.77,2mer-0+271,-0.0002405632938104951,0.00024110895703409704,-0.06536973764768213,-0.06536973764768213,-1.766e-05,-0.05045595,-0.0002405485742968949,0.00024109418529860704,-0.06535310368479941,0.08392317491419175
13.794,2mer-0+207,-0.00014192810416569364,0.00014170681692129335,0.011781102714002525,0.011781102714002525,0.00013341,-0.02797283,-0.00014189581979451305,0.000141674536280334,0.011782497219058996,0.08392317491419175
13.797,2mer-0+156,-0.00010174446791817997,0.00010164091027419025,0.0562484374924785,0.0562484374924785,1.835e-05,0.05706447,-0.00010177521144782986,0.00010167158200147242,0.05626328726154384,0.08392317491419175
13.806,2mer-0+241,-0.00020945543457974466,0.00020893490041993683,0.07627504368975307,0.07627504368975307,2.715e-05,0.07693376,-0.00020964266808221055,0.00020912159709496336,0.0763285925148125,0.08392317491419175
13.815,2mer-0+141,-0.0002252371940709965,0.0002252324792895544,0.0057027076077679284,0.0057027076077679284,-7.72e-06,0.01713181,-0.00022509576001539244,0.00022509122300107265,0.005667243869780236,0.08392317491419175
13.818,2mer-0+188,-0.0002591961078324236,0.00025960382872105387,-0.04811536023700567,-0.04811536023700567,-4.766e-05,-0.0815151,-0.00025916326376318466,0.00025957037053103704,-0.04804669033482867,0.08392317491419175
13.823,2mer-0+185,-5.073301834813625e-05,5.0803026037681656e-05,-0.033498362794265026,-0.033498362794265026,0.00017933,-0.02348358,-5.0722151428317375e-05,5.079215668502002e-05,-0.03349646350412172,0.08392317491419175
13.83,2mer-0+201,-0.0002579905697142387,0.0002579321584963939,0.01465666957799877,0.01465666957799877,-6.112e-05,-0.00492023,-0.000257924466239956,0.0002578660190692972,0.014663104011916062,0.08392317491419175
13.833,2mer-0+289,-0.0003312467613325486,0.00033193865082187696,-0.05481222961028705,-0.05481222961028705,-0.00026881,-0.05990945,-0.0003311097417650899,0.00033180104901475715,-0.054790292506766036,0.08392317491419175
13.843,2mer-0+139,-8.531063436380733e-05,8.53255784791332e-05,-0.029676494508674902,-0.029676494508674902,0.0001763,-0.00097104,-8.527392871826578e-05,8.528884450242913e-05,-0.029667407429244008,0.08392317491419175
13.858,2mer-0+191,-0.0002508218646766167,0.0002512381712132498,-0.029270656476978785,-0.029270656476978785,-4.742e-05,-0.04952634,-0.000250954466167741,0.00025137117256690544,-0.029337395815801415,0.08392317491419175
13.877,2mer-0+184,-0.00021859454554685404,0.000218449515208027,0.028002395056799488,0.028002395056799488,-9.442e-05,0.05127568,-0.00021846071527420463,0.00021831538163041841,0.028027278761257435,0.08392317491419175
13.903,2mer-0+340,-0.0001280003021467702,0.00012803181030509973,0.0009295834365498733,0.0009295834365498733,-3.79e-05,-0.00777502,-0.00012797413845078154,0.00012800562865322718,0.0008661416672453015,0.08392317491419175
14.005,2mer-0+275,-0.0002986965546891042,0.000299332923529466,-0.09161597512459614,-0.09161597512459614,-0.00022407,-0.09475351,-0.0002986224431538176,0.0002992583745253796,-0.09156576026997243,0.08392317491419175
14.015,2mer-0+303,-0.00022597660846179803,0.00022554689119517015,0.058616161742892484,0.058616161742892484,-7.285e-05,0.07471524,-0.0002257809636461161,0.0002253515928032357,0.05855351786317442,0.08392317491419175
14.04,2mer-0+168,-0.00023920835916516503,0.00023920006061571672,-0.023086977424668417,-0.023086977424668417,-2.951e-05,-0.00929789,-0.00023920112806763427,0.00023919240027225896,-0.02302757387587917,0.08392317491419175
14.087,2mer-0+305,-0.00012066607150393111,0.00012058804305022296,0.0013763295112928032,0.0013763295112928032,0.00011906,-0.03208509,-0.00012067404740889742,0.00012059595860591799,0.0013857962996723927,0.08392317491419175
14.148,2mer-0+329,-0.00014543073753147114,0.00014557921559463905,-0.09687963997020702,-0.09687963997020702,-5.892e-05,-0.11886904,-0.00014538387499385408,0.00014553222138147248,-0.09684715084330264,0.08392317491419175
14.178,2mer-0+225,-0.00014209109529003433,0.0001418896095178354,0.026683205446327102,0.026683205446327102,8.036e-05,0.00854265,-0.0001419577942272099,0.0001417565349584038,0.02664371570392632,0.08392317491419175
14.192,2mer-0+181,-0.0001568424070753023,0.00015698118768077727,-0.02205729365658783,-0.02205729365658783,-1.302e-05,-0.06180827,-0.000156952928591636,0.00015709191916357668,-0.02210214257954135,0.08392317491419175
14.259,2mer-0+149,-0.00015903396776254647,0.00015896601113466683,0.053095192588259225,0.053095192588259225,1.667e-05,0.03891073,-0.00015903516398907414,0.00015896693275863072,0.05314025524076271,0.08392317491419175
14.313,2mer-0+348,-0.00033245207901779394,0.00033330796366311846,-0.11869164288609114,-0.11869164288609114,-0.00017165,-0.11911425,-0.0003324884448687726,0.0003333443352175891,-0.1186903679930964,0.08392317491419175
14.346,2mer-0+220,-0.00022452186331164045,0.00022422138079825594,0.01867506216191482,0.01867506216191482,-4.315e-05,-0.00833285,-0.0002247104702348679,0.00022440985878802167,0.018660437624745896,0.08392317491419175
14.404,2mer-0+285,-0.0001778525468295682,0.0001775705950304235,0.07102271386017568,0.07102271386017568,-2.467e-05,0.05662169,-0.00017775495994953872,0.0001774730408214964,0.07101389011832282,0.08392317491419175
14.411,2mer-0+237,-0.00023798731181530483,0.0002385194308378876,-0.08468687654442693,-0.08468687654442693,-4.179e-05,-0.07833179,-0.00023794494880746697,0.00023847693978495954,-0.08466066987189436,0.08392317491419175
14.441,2mer-0+243,-0.00024977958555809257,0.00025033428088822924,-0.09706886210277545,-0.09706886210277545,-7.037e-05,-0.07547851,-0.0002498433278219636,0.00025039811191618355,-0.09709868822241674,0.08392317491419175
14.444,2mer-0+257,-0.00024108788315409016,0.0002406166617838644,0.09536535647450001,0.09536535647450001,-0.00011216,0.09518626,-0.00024113014104898411,0.0002406586361303198,0.09538563878686546,0.08392317491419175
14.534,2mer-0+217,-0.00013777119334822517,0.00013789724520074772,-0.057755271688161205,-0.057755271688161205,1.47e-05,-0.05187099,-0.0001379049311935887,0.00013803109902710275,-0.05781621810389481,0.08392317491419175
14.575,2mer-0+308,-0.0003037976273365491,0.00030453813526073504,-0.12144250353301218,-0.12144250353301218,-0.00019335,-0.12390979,-0.0003036882221323367,0.00030442832041899237,-0.12139703336912078,0.08392317491419175
14.576,2mer-0+153,-0.00012766929035103685,0.000127440366937905,0.043291823881595005,0.043291823881595005,0.00011372,0.06788296,-0.00012758108861987694,0.00012735221878301672,0.04328325125760557,0.08392317491419175
14.58,2mer-0+203,-0.00016239263075076377,0.00016222268009587128,0.0025184723669529605,0.0025184723669529605,-6.775e-05,0.00308896,-0.00016245812584259056,0.00016228801348461275,0.00253028264835109,0.08392317491419175
14.633,2mer-0+187,-0.00017840889216890824,0.00017833865994123341,0.006111442681893533,0.006111442681893533,2.047e-05,-0.01969987,-0.00017848174326218214,0.00017841141334429267,0.006103509298000631,0.08392317491419175
14.643,2mer-0+260,-0.00019184267567953547,0.00019224656959306095,-0.0736490424914616,-0.0736490424914616,-8.26e-06,-0.05113169,-0.00019195121903692325,0.00019235529327943368,-0.07372225397308796,0.08392317491419175
14.661,2mer-0+194,-0.00013276202065255673,0.00013298068549378006,-0.04055877130947921,-0.04055877130947921,9.398e-05,-0.02318598,-0.00013268507798613882,0.00013290350136685447,-0.040552552642182604,0.08392317491419175
14.705,2mer-0+339,-0.0003149439347481347,0.0003140881107022668,0.11105184804990259,0.11105184804990259,-0.00019128,0.14353209,-0.00031489766882941694,0.00031404185585870437,0.11104859909366382,0.08392317491419175
14.715,2mer-0+341,-0.00015217838661009446,0.00015204260004320644,0.01886983365688467,0.01886983365688467,-0.00012109,0.04384012,-0.000152151615850471,0.00015201588360014284,0.01880443899922568,0.08392317491419175
14.757,2mer-0+255,-5.7570650225707186e-05,5.752750930328081e-05,0.0007234876384244418,0.0007234876384244418,0.00017064,-0.01962586,-5.753810984288066e-05,5.7495010082675435e-05,0.0007214003128694912,0.08392317491419175
14.844,2mer-0+258,-0.0001807481875508812,0.00018048882754811537,0.06826724625540721,0.06826724625540721,-3.03e-05,0.06237929,-0.00018081162542671336,0.00018055198893307534,0.0682789972325537,0.08392317491419175
14.852,2mer-0+171,-9.88536923078641e-05,9.904583951956342e-05,-0.04119238336213264,-0.04119238336213264,0.00014539,-0.04144365,-9.880090792080409e-05,9.899290773773828e-05,-0.04120003066539368,0.08392317491419175
14.856,2mer-0+180,-0.00012974276799444952,0.0001295331546161778,0.04236219759455597,0.04236219759455597,0.00011117,0.0571382,-0.0001296837967998954,0.0001294742414756911,0.04235780193823757,0.08392317491419175
14.894,2mer-0+202,-0.00021673149024174256,0.0002168543768463667,-0.023087869175574045,-0.023087869175574045,-6.503e-05,-0.03992452,-0.00021660971238190996,0.00021673274909517204,-0.02312885222717398,0.08392317491419175
14.927,2mer-0+388,-0.00013166958775366372,0.00013162972868657681,-0.03555472338443066,-0.03555472338443066,1e-07,-0.06425219,-0.00013161814706563746,0.0001315782639039753,-0.035534887147647964,0.08392317491419175
14.932,2mer-0+361,-0.00015241986048959466,0.00015223383891477726,0.02675449189085445,0.02675449189085445,4.508e-05,0.00896313,-0.00015243562862110593,0.0001522494718528833,0.026779239735759575,0.08392317491419175
14.961,2mer-0+249,-0.00013482423451493405,0.000135084660297311,-0.05261371849033718,-0.05261371849033718,8.966e-05,-0.04649378,-0.00013480192519921275,0.00013506233653970412,-0.05260240358501278,0.08392317491419175
15.001,2mer-0+234,-9.591832902698961e-05,9.602819901151268e-05,-0.04882932356943971,-0.04882932356943971,0.00010793,-0.03777593,-9.591372618444893e-05,9.602348848147813e-05,-0.048800175425185444,0.08392317491419175
15.003,2mer-0+245,-0.00018478263451007673,0.00018440477522715874,0.06368684224969651,0.06368684224969651,2.959e-05,0.03865067,-0.00018487916879905697,0.0001845010070837816,0.06371621889765322,0.08392317491419175
15.02,2mer-0+280,-0.00015629658978676285,0.00015617650347901616,0.0360916272718738,0.0360916272718738,-4.038e-05,0.01714209,-0.00015618031768838136,0.00015606023930558877,0.036071926033741875,0.08392317491419175
15.103,2mer-0+239,-6.132968158793699e-05,6.127066625641862e-05,0.005567378033854792,0.005567378033854792,0.00016528,-0.01635478,-6.127324667204448e-05,6.121429930772138e-05,0.005557693796021113,0.08392317491419175
15.133,2mer-0+374,-0.00013620408411365212,0.00013638273471247938,-0.08792720102864929,-0.08792720102864929,-3.16e-05,-0.09813842,-0.0001361848946714872,0.00013636341702749633,-0.08789731372986864,0.08392317491419175
15.218,2mer-0+209,-0.00012331893261780023,0.0001233376611109217,0.029769691000519106,0.029769691000519106,4.774e-05,-0.00517828,-0.0001233452819633385,0.00012336404290635983,0.029752890331451454,0.08392317491419175
15.308,2mer-0+251,-9.857446583294804e-05,9.843618791304789e-05,0.024941916392806407,0.024941916392806407,0.00010707,0.01492095,-9.860978475728643e-05,9.847145270214241e-05,0.02492668394069142,0.08392317491419175
15.345,2mer-0+274,-0.00013971295329239273,0.00013992926664008076,-0.08756867661344082,-0.08756867661344082,6.24e-06,-0.07992741,-0.00013981604547552706,0.0001400324554197141,-0.08762735537506217,0.08392317491419175
15.362,2mer-0+333,-0.0001479463283093255,0.0001476648227544462,0.051527171965397,0.051527171965397,2.717e-05,0.04610073,-0.00014810825784650206,0.00014782642801947077,0.051571881917794826,0.08392317491419175
15.372,2mer-0+208,-9.452735391007209e-05,9.458464430956156e-05,-0.03421432382702409,-0.03421432382702409,0.00016492,-0.04776479,-9.452892278716263e-05,9.458610236379172e-05,-0.03419125526447431,0.08392317491419175
15.389,2mer-0+228,-4.017673403292042e-05,4.0220029500244435e-05,-0.03199643809050558,-0.03199643809050558,0.00016562,-0.01805242,-4.017416570434307e-05,4.021742802251538e-05,-0.03198486069339879,0.08392317491419175
15.395,2mer-0+434,-0.00016171003507441646,0.00016163784270210106,-0.03783275110705667,-0.03783275110705667,-0.00013035,-0.00024028,-0.00016161502861677945,0.00016154286504388438,-0.03783589799272136,0.08392317491419175
15.398,2mer-0+236,-4.019707833382781e-05,4.021089401538767e-05,-0.02077389522442428,-0.02077389522442428,0.00018656,-0.02615699,-4.018317136456062e-05,4.019700520530023e-05,-0.020777418690101968,0.08392317491419175
15.401,2mer-0+199,-9.318418005876146e-05,9.309932521238079e-05,-0.004919579703498471,-0.004919579703498471,0.00012724,0.02874641,-9.315360435380171e-05,9.306872084380302e-05,-0.0049040698389575255,0.08392317491419175
15.416,2mer-0+204,-4.0759212820153014e-05,4.0806358120199845e-05,-0.03437424618780596,-0.03437424618780596,0.00020666,-0.02871626,-4.074888630611895e-05,4.0796014104671485e-05,-0.03437014050024345,0.08392317491419175
15.444,2mer-0+425,-0.0001315881342184783,0.00013158759125725294,0.046649401600065164,0.046649401600065164,-5.66e-05,0.05007537,-0.00013163040934216497,0.00013162990433102095,0.04660837345105051,0.08392317491419175
15.463,2mer-0+324,-0.00016366174802244152,0.0001639822286180503,-0.07779436205192083,-0.07779436205192083,2.445e-05,-0.07883275,-0.00016364932798751397,0.00016396973376231472,-0.07777359117315541,0.08392317491419175
15.49,2mer-0+240,-0.00012200571772093499,0.00012184316076382697,0.0654662672557848,0.0654662672557848,9.644e-05,0.0729154,-0.00012202845820752373,0.000121865742812588,0.06549947106169896,0.08392317491419175
15.541,2mer-0+356,-0.0001250720988341114,0.00012508876499655724,0.03108792784976251,0.03108792784976251,1.798e-05,0.03684768,-0.00012504905238586161,0.00012506543009749294,0.03115985190659387,0.08392317491419175
15.586,2mer-0+200,-6.917688176049958e-05,6.91049649632364e-05,0.025216586957686478,0.025216586957686478,7.666e-05,0.03064224,-6.922918009877321e-05,6.915718677191762e-05,0.025236803522787454,0.08392317491419175
15.609,2mer-0+282,-0.00017211576666849966,0.00017187755652801477,0.06748015406515256,0.06748015406515256,-2.842e-05,0.06796743,-0.0001721457869336973,0.00017190733854022255,0.06750355966205746,0.08392317491419175
15.609,2mer-0+312,-0.00014609307958753329,0.0001458371020014157,0.055882401765029205,0.055882401765029205,3.385e-05,0.05586481,-0.00014620888769911744,0.000145952768434654,0.055896049657818025,0.08392317491419175
15.619,2mer-0+235,-7.708772174281488e-05,7.714081619716905e-05,0.006621251177620854,0.006621251177620854,0.00013442,0.01560507,-7.710959334872314e-05,7.716270283708582e-05,0.006612541395881522,0.08392317491419175
15.726,2mer-0+322,-0.00017639068841865255,0.00017673353946688462,-0.08492796764119627,-0.08492796764119627,-2.176e-05,-0.08939255,-0.0001762923582049325,0.0001766348696037312,-0.08490415685059816,0.08392317491419175
15.766,2mer-0+452,-0.00020439477720087757,0.00020395561523759838,0.0813073526752603,0.0813073526752603,-0.0001221,0.12208493,-0.00020427842524384232,0.00020383946298352384,0.08126559508571063,0.08392317491419175
15.77,2mer-0+223,-7.259909676395949e-05,7.251832666585603e-05,0.03952608946614722,0.03952608946614722,0.00016462,0.01827113,-7.260770888706247e-05,7.252697162130062e-05,0.03950939617377003,0.08392317491419175
15.804,2mer-0+290,-8.77162642845418e-05,8.783472071417471e-05,-0.03216351298127597,-0.03216351298127597,6.404e-05,-0.00609301,-8.775596475629754e-05,8.787441481672431e-05,-0.0321709914042998,0.08392317491419175
15.846,2mer-0+250,-3.832520272196644e-05,3.8340285403463655e-05,-0.004560991100361174,-0.004560991100361174,9.475e-05,0.00372991,-3.834835553107041e-05,3.8363411022146465e-05,-0.0045595796014339385,0.08392317491419175
15.863,2mer-0+302,-0.00014189132816670323,0.00014212135639653987,-0.059484576347844015,-0.059484576347844015,3.322e-05,-0.05746651,-0.0001418176277780958,0.00014204742183210328,-0.05947667092853237,0.08392317491419175
15.881,2mer-0+337,-9.291748529252502e-05,9.289358196476198e-05,0.032481129937202514,0.032481129937202514,0.00010495,0.02823855,-9.29123673927279e-05,9.288825208386697e-05,0.032538130929694375,0.08392317491419175
15.884,2mer-0+316,-0.00012762183382102749,0.00012777709131377746,-0.04605265147894822,-0.04605265147894822,4.36e-05,-0.03984053,-0.00012756143179615265,0.00012771644389886205,-0.046018809410369954,0.08392317491419175
15.884,2mer-0+315,-0.00012317948012739515,0.00012300157264284183,0.08303112014197345,0.08303112014197345,5.08e-06,0.09177196,-0.00012315849788535616,0.0001229805491220759,0.08303206568515975,0.08392317491419175
15.89,2mer-0+247,-0.0001136960539940364,0.00011355867813338651,0.012554972833494929,0.012554972833494929,6.534e-05,-0.00500991,-0.0001136242394608189,0.00011348694204116327,0.012512525972354638,0.08392317491419175
15.911,2mer-0+286,-0.00013817156753422022,0.00013816519676862463,-0.024379890342854815,-0.024379890342854815,7.09e-06,0.01173326,-0.0001381607104349314,0.00013815421402796346,-0.024350737116165533,0.08392317491419175
15.976,2mer-0+471,-9.543996646847677e-05,9.555513371563755e-05,-0.03467229998999256,-0.03467229998999256,-1.228e-05,-0.04707248,-9.54209827170871e-05,9.553605957535183e-05,-0.034693802732775225,0.08392317491419175
16.026,2mer-0+413,-8.965984368411728e-05,8.952661416861439e-05,0.026565457860063115,0.026565457860063115,0.00010197,0.0067437,-8.962161759029641e-05,8.948844890710461e-05,0.02653712732453073,0.08392317491419175
16.055,2mer-0+299,-0.00011535459262170424,0.00011518204727016297,0.055245225742639015,0.055245225742639015,5.23e-05,0.06845759,-0.00011538583150638715,0.00011521316127982573,0.055254658034414206,0.08392317491419175
16.081,2mer-0+229,-5.83299084930694e-05,5.825901175515489e-05,0.02127268837976862,0.02127268837976862,0.00013872,0.03995399,-5.834960865058747e-05,5.8278658912058745e-05,0.021264602006326072,0.08392317491419175
16.104,2mer-0+298,-0.00015213291069588348,0.0001518779178690378,0.0700897193156367,0.0700897193156367,-5.36e-06,0.05859414,-0.00015206154739644262,0.00015180659045199718,0.07004046581818102,0.08392317491419175
16.156,2mer-0+466,-0.00016992238094801188,0.0001696017118331497,0.06963957066662393,0.06963957066662393,-6.088e-05,0.09682756,-0.00016988502434855945,0.00016956437343651487,0.06963390824445526,0.08392317491419175
16.176,2mer-0+244,-2.9163173348365317e-05,2.9157405841993728e-05,-0.004670949369811948,-0.004670949369811948,0.00019855,-0.0197438,-2.917068493957231e-05,2.9164931561354024e-05,-0.0046967890489924,0.08392317491419175
16.179,2mer-0+475,-9.649165385730617e-05,9.656318134513703e-05,-0.02620450255955769,-0.02620450255955769,-2.925e-05,-0.01632121,-9.648498028980157e-05,9.655640474193206e-05,-0.02622033899218934,0.08392317491419175
16.18,2mer-0+472,-7.042151062229294e-05,7.03856486637627e-05,0.020434110508878237,0.020434110508878237,4.687e-05,0.00521057,-7.042112922306387e-05,7.038522483071574e-05,0.02041126700621021,0.08392317491419175
16.224,2mer-0+267,-5.238884347758547e-05,5.2406639874797245e-05,-0.0009293654566551329,-0.0009293654566551329,0.00015787,0.00753733,-5.237269954250223e-05,5.239044151039707e-05,-0.0009404314870664621,0.08392317491419175
16.25,2mer-0+296,-3.8054539588270114e-05,3.807603478213765e-05,-0.0041094511303080596,-0.0041094511303080596,0.00018358,-0.00370057,-3.804424216014013e-05,3.806571976383566e-05,-0.004126288838492087,0.08392317491419175
16.261,2mer-0+222,-7.698892186055029e-05,7.705817690999754e-05,-0.051138922680168376,-0.051138922680168376,0.00015321,-0.04143637,-7.703237874068236e-05,7.710161628438073e-05,-0.05115522757115798,0.08392317491419175
16.27,2mer-0+501,-8.008029621180368e-05,8.015187000707962e-05,-0.06911564504396224,-0.06911564504396224,4.41e-06,-0.0649124,-8.004934981897804e-05,8.012087073439034e-05,-0.06910041418272783,0.08392317491419175
16.335,2mer-0+224,-6.328178597638222e-05,6.326803894165729e-05,0.009427316279656836,0.009427316279656836,0.00010319,-0.00510902,-6.330360994866169e-05,6.328975894120958e-05,0.009455658177188297,0.08392317491419175
16.339,2mer-0+279,-6.97658053186811e-05,6.975164643005708e-05,0.022106275396606503,0.022106275396606503,0.00014771,0.00739067,-6.979730919454141e-05,6.978320777761837e-05,0.02207331094294318,0.08392317491419175
16.365,2mer-0+368,-9.272402421042501e-05,9.25962934457764e-05,0.035882507995473475,0.035882507995473475,7.504e-05,0.04442188,-9.278405526913502e-05,9.265627772947482e-05,0.035872298118235335,0.08392317491419175
16.408,2mer-0+231,-8.109782972472198e-05,8.114612035290483e-05,-0.021568043529725703,-0.021568043529725703,0.00013211,-0.03352697,-8.108226674607977e-05,8.113044850688311e-05,-0.02156504359909661,0.08392317491419175
16.41,2mer-0+399,-8.371604260631307e-05,8.378807442758647e-05,-0.06968317645125065,-0.06968317645125065,9.1e-07,-0.05868845,-8.369225275828285e-05,8.376421214961738e-05,-0.0696646484923491,0.08392317491419175
16.422,2mer-0+376,-9.84382993167229e-05,9.835610384688711e-05,0.03807203691870729,0.03807203691870729,2.565e-05,0.02627021,-9.845094764671103e-05,9.836861647727346e-05,0.03808358853657978,0.08392317491419175
16.439,2mer-0+420,-0.00011969856631825354,0.00011954158002020515,0.06462871288396954,0.06462871288396954,-1.707e-05,0.05106753,-0.00011971490988571531,0.00011955781326378201,0.0646362057467087,0.08392317491419175
16.486,2mer-0+261,-8.554283573257996e-05,8.542066512349444e-05,0.04399006619348156,0.04399006619348156,0.00012143,0.04766142,-8.553434795999237e-05,8.541210331713955e-05,0.04401051263675981,0.08392317491419175
16.495,2mer-0+459,-9.22460990902751e-05,9.20961125431801e-05,0.04233142257380471,0.04233142257380471,0.00010239,0.02060836,-9.221495655253875e-05,9.206499510128197e-05,0.042309970764634386,0.08392317491419175
16.515,2mer-0+371,-0.00011709704529463646,0.00011724741818257713,-0.03586260321914549,-0.03586260321914549,3.506e-05,-0.0029656,-0.00011710825188515628,0.00011725859451416909,-0.03587004666670168,0.08392317491419175
16.52,2mer-0+306,-0.00013902887379789683,0.00013927243008841163,-0.077273860917915,-0.077273860917915,2.548e-05,-0.08815635,-0.00013908062493328543,0.0001393242297353936,-0.07729594669964968,0.08392317491419175
16.524,2mer-0+276,-0.00012303768232509242,0.00012325327864705666,-0.07374886035429558,-0.07374886035429558,4.269e-05,-0.07296651,-0.00012302306107869754,0.00012323857413321093,-0.07373810246474477,0.08392317491419175
16.535,2mer-0+269,-7.327171874595557e-05,7.319023647997708e-05,0.01796308703975578,0.01796308703975578,0.00015434,-0.01283211,-7.330951238770922e-05,7.322797000597348e-05,0.017961147444808034,0.08392317491419175
16.588,2mer-0+405,-0.0001138946137998791,0.00011402567817472649,-0.02923868902628033,-0.02923868902628033,5.9e-07,-0.04038915,-0.00011393190465014413,0.00011406298688143579,-0.029273673346310147,0.08392317491419175
16.595,2mer-0+489,-0.0001463501096712221,0.00014614735494856458,0.024663291898044955,0.024663291898044955,-8.309e-05,0.0746601,-0.00014628748340328457,0.0001460847745420324,0.024649370761892442,0.08392317491419175
16.605,2mer-0+332,-0.00010516821264767995,0.00010532613085272495,-0.05635370167642452,-0.05635370167642452,6.631e-05,-0.0357141,-0.0001051479413973766,0.00010530577344525227,-0.056339797849261686,0.08392317491419175
16.62,2mer-0+317,-7.81424996938065e-05,7.801988048958914e-05,0.04578439756499938,0.04578439756499938,0.00012753,0.04948791,-7.814878408396453e-05,7.80261236741353e-05,0.045786254670517224,0.08392317491419175
16.667,2mer-0+263,-1.5525422524699606e-05,1.5523789092121062e-05,-8.785932213574606e-05,-8.785932213574606e-05,0.00018658,0.01231397,-1.5518740710263046e-05,1.5517092037953262e-05,-7.619293765515067e-05,0.08392317491419175
16.671,2mer-0+284,-7.939389529025871e-05,7.948597584008578e-05,-0.020507290638267946,-0.020507290638267946,0.00010711,-0.01394088,-7.940212927337598e-05,7.949421046760108e-05,-0.020521126940323597,0.08392317491419175
16.674,2mer-0+327,-0.00014903229291446274,0.00014879374784341194,0.0853081616130826,0.0853081616130826,-1.055e-05,0.08397411,-0.00014910924384992086,0.00014887049417211529,0.08535099778266897,0.08392317491419175
16.697,2mer-0+321,-0.00010691252705141386,0.0001070768449762472,-0.05901026387978077,-0.05901026387978077,6.93e-05,-0.06087986,-0.00010698281386112285,0.00010714720838223002,-0.05906804979353808,0.08392317491419175
16.709,2mer-0+264,-7.112349312133266e-05,7.112294309324328e-05,-0.014748205646223922,-0.014748205646223922,0.00012822,-0.01810261,-7.115386756595399e-05,7.115330083706795e-05,-0.0147596429111303,0.08392317491419175
16.757,2mer-0+256,-9.431350500333704e-05,9.44542795098912e-05,-0.04988125923881932,-0.04988125923881932,9.204e-05,-0.04072498,-9.432041467505314e-05,9.446113006106316e-05,-0.04987738156003729,0.08392317491419175
16.767,2mer-0+433,-8.614403405727716e-05,8.611977571921966e-05,0.015583675174362457,0.015583675174362457,3.299e-05,0.00100936,-8.611479712783421e-05,8.609048109065043e-05,0.015598705421268733,0.08392317491419175
16.836,2mer-0+311,-7.442952039078195e-05,7.452612994079041e-05,-0.03422860966794374,-0.03422860966794374,0.00011487,-0.01044908,-7.442553003045305e-05,7.452207603364513e-05,-0.03422717390591856,0.08392317491419175
16.842,2mer-0+291,-2.3607644971229656e-05,2.3586247330872553e-05,0.025606051203771633,0.025606051203771633,0.00018168,0.02770691,-2.3610999832612833e-05,2.3589584202454716e-05,0.025610062883615115,0.08392317491419175
16.851,2mer-0+248,-5.886059292432667e-05,5.883508288181732e-05,0.012520377580787119,0.012520377580787119,0.00014109,0.02965655,-5.881577619959444e-05,5.8790271737052535e-05,0.012514090664382138,0.08392317491419175
16.865,2mer-0+266,-1.988195195079374e-05,1.988579398462265e-05,-0.000777218115801205,-0.000777218115801205,0.00018177,0.00884329,-1.987886417964546e-05,1.9882690139638726e-05,-0.0007667608280002014,0.08392317491419175
16.898,2mer-0+273,-0.00010372225799938799,0.00010384171147665381,-0.04674434496302752,-0.04674434496302752,5.541e-05,-0.04132502,-0.00010380971967549613,0.00010392926037638972,-0.04680788974022221,0.08392317491419175
16.931,2mer-0+517,-0.00010879308368913323,0.00010892012711785889,-0.024044000411221383,-0.024044000411221383,-1.183e-05,-0.02622911,-0.00010877048248403298,0.00010889739905906026,-0.024009132046970194,0.08392317491419175
17.013,2mer-0+326,-6.9715047564154e-05,6.975561526144508e-05,-0.016549381068591655,-0.016549381068591655,0.00010433,-0.00154512,-6.968530709627885e-05,6.972577875785646e-05,-0.016536348145308466,0.08392317491419175
17.084,2mer-0+389,-2.930287259229127e-05,2.9302864202873273e-05,-0.0048892751236948705,-0.0048892751236948705,0.00016083,-0.01680947,-2.9296542223278266e-05,2.9296527486621926e-05,-0.004885013335425015,0.08392317491419175
17.144,2mer-0+359,-4.789006255243171e-05,4.791143630335845e-05,0.006427729349813776,0.006427729349813776,0.00015196,0.0065666,-4.787001925876666e-05,4.78913243568968e-05,0.006453665952378174,0.08392317491419175
17.163,2mer-0+283,-3.8066157344299764e-05,3.809650161367074e-05,-0.03738529249952503,-0.03738529249952503,0.00010364,-0.0424246,-3.8093816854711804e-05,3.812416025539278e-05,-0.03740254421769862,0.08392317491419175
17.202,2mer-0+463,-9.054390621426558e-05,9.066788827141789e-05,-0.04645435689413685,-0.04645435689413685,7.61e-05,-0.03765402,-9.05562299351459e-05,9.068021586244868e-05,-0.04646062411613627,0.08392317491419175
17.209,2mer-0+454,-7.08581250614002e-05,7.076750239495166e-05,0.03494181580249745,0.03494181580249745,0.00011301,0.03019831,-7.09126653362091e-05,7.08219114358144e-05,0.03497412648104614,0.08392317491419175
17.227,2mer-0+318,-6.272236709858378e-05,6.271245563554404e-05,0.008013047495108599,0.008013047495108599,0.00013361,0.01028406,-6.270434646182821e-05,6.269441917083896e-05,0.008018033138938563,0.08392317491419175
17.236,2mer-0+486,-0.00012833492319071327,0.00012852304872922236,-0.05599029217901614,-0.05599029217901614,-3.654e-05,-0.06404736,-0.00012831858600748092,0.00012850661892116477,-0.05599835144488452,0.08392317491419175
17.251,2mer-0+307,-8.438778697103158e-05,8.447582822027175e-05,-0.03133150367484301,-0.03133150367484301,8.724e-05,-0.05345048,-8.444218974545947e-05,8.453028647181782e-05,-0.03137367343684616,0.08392317491419175
17.278,2mer-0+254,-6.201569998568707e-05,6.199177479127633e-05,-0.01562729828428042,-0.01562729828428042,0.00011205,-0.01522679,-6.205808149672976e-05,6.203409714089503e-05,-0.015617485686149735,0.08392317491419175
17.291,2mer-0+297,-8.819741419952499e-05,8.80940625000659e-05,0.05264867446899955,0.05264867446899955,0.00010762,0.03724979,-8.820099476736232e-05,8.809766518425022e-05,0.05262653342842327,0.08392317491419175
17.31,2mer-0+259,-4.1886855350831185e-05,4.1916350359974956e-05,-0.019173431083874412,-0.019173431083874412,0.0001639,-0.03141736,-4.18788418130589e-05,4.19082939515647e-05,-0.0191810414060285,0.08392317491419175
17.313,2mer-0+397,-8.674646353968851e-05,8.664769762200838e-05,0.03353875899472134,0.03353875899472134,4.594e-05,0.02880567,-8.678228452652093e-05,8.668342422879505e-05,0.033548604753278255,0.08392317491419175
17.367,2mer-0+270,-6.0442006789041424e-05,6.039079157889989e-05,0.004307322477034905,0.004307322477034905,0.00013189,0.00501977,-6.040182744015965e-05,6.03506404104337e-05,0.00428386048254481,0.08392317491419175
17.371,2mer-0+301,-8.313929387761416e-05,8.304798563716881e-05,0.022005846827951012,0.022005846827951012,6.089e-05,0.02222099,-8.318911248750283e-05,8.309770907999336e-05,0.022031212000584333,0.08392317491419175
17.438,2mer-0+320,-3.8921492822299946e-05,3.891498140295239e-05,0.025044064467429822,0.025044064467429822,8.121e-05,0.03592716,-3.89369951108165e-05,3.893047539804684e-05,0.025045847515357877,0.08392317491419175
17.448,2mer-0+396,-0.00012053555684668428,0.00012033328150095508,0.06984721334626443,0.06984721334626443,2.973e-05,0.08173521,-0.00012058430286288058,0.00012038187571761227,0.0698678086333615,0.08392317491419175
17.514,2mer-0+352,-3.352573811898956e-05,3.351869569320426e-05,0.002072333013018301,0.002072333013018301,0.00015265,-0.0083892,-3.349375265315757e-05,3.348672623815219e-05,0.0020626217769006416,0.08392317491419175
17.554,2mer-0+591,-3.151429320400293e-05,3.151362608903473e-05,-0.0018087115706631699,-0.0018087115706631699,6.222e-05,0.01162647,-3.149710322247756e-05,3.149642259359098e-05,-0.0018036969409962467,0.08392317491419175
17.558,2mer-0+446,-3.8932348139719865e-05,3.89063734926285e-05,0.0005067812698063848,0.0005067812698063848,0.00014509,-0.01886625,-3.891093231800369e-05,3.888498770265869e-05,0.0004898670869266653,0.08392317491419175
17.563,2mer-0+325,-7.914296804309292e-05,7.904359741330049e-05,0.03738776200647724,0.03738776200647724,8.373e-05,0.0421396,-7.910657987508785e-05,7.900721641362907e-05,0.03736117360165281,0.08392317491419175
17.564,2mer-0+412,-5.2343793110089746e-05,5.2391649499041715e-05,-0.00991272459547511,-0.00991272459547511,0.00013047,-0.00208067,-5.23283581941314e-05,5.2376170742718386e-05,-0.009898282404776637,0.08392317491419175
17.578,2mer-0+575,-5.111659058078987e-05,5.10872085416257e-05,0.051722682065690376,0.051722682065690376,4.421e-05,0.06250034,-5.1115258699496735e-05,5.1085840027553786e-05,0.05173158680062784,0.08392317491419175
17.609,2mer-0+548,-8.388438031758673e-05,8.399176267901612e-05,-0.053070832671680404,-0.053070832671680404,4.02e-06,-0.05294962,-8.383879473683464e-05,8.394608391881775e-05,-0.05304987326590549,0.08392317491419175
17.628,2mer-0+300,-4.425792204198959e-05,4.4244179145381755e-05,0.010817442870892802,0.010817442870892802,8.048e-05,0.025286,-4.4292157411973676e-05,4.4278407585807145e-05,0.010816796669345763,0.08392317491419175
17.64,2mer-0+540,-0.00010872932537579996,0.00010888994809657234,-0.06968681728172088,-0.06968681728172088,3.342e-05,-0.06923693,-0.00010875545018507182,0.00010891607792018476,-0.06970182111041368,0.08392317491419175
17.67,2mer-0+468,-5.2911308807135843e-05,5.28548219004999e-05,0.02070579615797668,0.02070579615797668,9.709e-05,0.02134976,-5.297162987005777e-05,5.291503225635097e-05,0.020742478058380698,0.08392317491419175
17.678,2mer-0+485,-9.15746685203935e-05,9.145556018580825e-05,0.041952685674310104,0.041952685674310104,-3.8e-07,0.07086476,-9.158486328431081e-05,9.146571528617642e-05,0.04193294100861067,0.08392317491419175
17.693,2mer-0+377,-6.627316948032666e-05,6.62252531643778e-05,0.00022563394359343113,0.00022563394359343113,5.638e-05,-0.02207571,-6.623241472425434e-05,6.618451755002752e-05,0.00020375872357192293,0.08392317491419175
17.727,2mer-0+441,-8.227858774768997e-05,8.217798884645533e-05,0.04529704784036748,0.04529704784036748,2.816e-05,0.04485096,-8.22719611193179e-05,8.217131619403517e-05,0.04530476680432116,0.08392317491419175
17.728,2mer-0+580,-8.396459529762989e-05,8.388441847944193e-05,0.03099396608188432,0.03099396608188432,2.034e-05,0.0565557,-8.389106120887391e-05,8.38109366441131e-05,0.03096229422700958,0.08392317491419175
17.74,2mer-0+278,-6.723899744238473e-05,6.729118832785563e-05,0.0006063335064131021,0.0006063335064131021,8.492e-05,-0.02573506,-6.723776641592849e-05,6.728991945692542e-05,0.000618112364165313,0.08392317491419175
17.742,2mer-0+309,-6.275116280106928e-05,6.267947748589655e-05,0.05440496671548375,0.05440496671548375,0.0001131,0.05832001,-6.277411812050104e-05,6.270238009165041e-05,0.05441533564444967,0.08392317491419175
17.785,2mer-0+314,-2.1950692359320983e-05,2.193532696165503e-05,0.022743995779100783,0.022743995779100783,0.00017478,0.01678768,-2.1954966328507908e-05,2.1939601197118463e-05,0.022739819834683317,0.08392317491419175
17.885,2mer-0+363,-5.431685469573934e-05,5.427567366604308e-05,0.0266028383524463,0.0266028383524463,5.817e-05,0.02149718,-5.4336423133349854e-05,5.429519285371498e-05,0.02660436870272065,0.08392317491419175
17.891,2mer-0+552,-6.786375421287283e-05,6.7826487835417e-05,0.02789440164355632,0.02789440164355632,3.68e-05,0.01229343,-6.786810354242334e-05,6.783076912597608e-05,0.027899172749243917,0.08392317491419175
17.909,2mer-0+392,-5.911725905286938e-05,5.91688666764435e-05,-0.01784573936545138,-0.01784573936545138,8.806e-05,-0.01050579,-5.9154384260295956e-05,5.920602018250065e-05,-0.017881246574603438,0.08392317491419175
17.938,2mer-0+380,-3.6683621462520375e-05,3.6671887992356684e-05,0.025571996842755247,0.025571996842755247,0.00012007,0.03307483,-3.668195793693485e-05,3.667018893338536e-05,0.02558884412745499,0.08392317491419175
17.97,2mer-0+351,-2.0224005829828568e-05,2.0216100013290145e-05,0.01862430687677949,0.01862430687677949,0.0001694,0.02421093,-2.0225183561706217e-05,2.0217268684064038e-05,0.018628387115910527,0.08392317491419175
17.972,2mer-0+323,-3.564711612739869e-05,3.5654864635920906e-05,-0.02702758503273879,-0.02702758503273879,8.06e-05,-0.02763104,-3.5670100473339517e-05,3.5677843015946564e-05,-0.027036140001740705,0.08392317491419175
17.987,2mer-0+364,-5.58946209019999e-05,5.5954485563156896e-05,-0.027493690527915286,-0.027493690527915286,0.00012636,-0.02363694,-5.5883492549924085e-05,5.5943334928088007e-05,-0.027483964301083574,0.08392317491419175
17.987,2mer-0+494,-3.945745383777937e-05,3.941808163956963e-05,0.012549698779620363,0.012549698779620363,0.00014159,-0.00832711,-3.9438306117745014e-05,3.9398953504132805e-05,0.012535883416191496,0.08392317491419175
17.993,2mer-0+625,-5.050204484087233e-05,5.051234916699156e-05,-0.0035324749544668487,-0.0035324749544668487,5.473e-05,-0.01857762,-5.049700524750733e-05,5.050727133948385e-05,-0.003542909158937846,0.08392317491419175
18.003,2mer-0+313,-3.81282303352723e-05,3.80964830413079e-05,0.04002548478893126,0.04002548478893126,0.00010992,0.03836367,-3.813922184292551e-05,3.810744544807676e-05,0.04003562883468703,0.08392317491419175
18.021,2mer-0+395,-6.93699505391893e-05,6.930194588484122e-05,0.022880291397956058,0.022880291397956058,0.00010583,0.01296839,-6.942262072584526e-05,6.935455758139142e-05,0.022887624644113203,0.08392317491419175
18.059,2mer-0+595,-0.00010274823971195887,0.00010288786806141639,-0.05579083579471757,-0.05579083579471757,-1.74e-06,-0.06238817,-0.00010275137353232822,0.00010289095405369153,-0.05578454520346554,0.08392317491419175
18.062,2mer-0+582,-3.9341126639515235e-05,3.935505628109619e-05,-0.008146423071668126,-0.008146423071668126,5.174e-05,0.00138335,-3.9325396784306577e-05,3.93392948581095e-05,-0.00813489795343969,0.08392317491419175
18.079,2mer-0+338,-6.671252236601096e-05,6.674747774691179e-05,-0.017023647255681663,-0.017023647255681663,6.617e-05,0.00074305,-6.676685039508357e-05,6.680184458218719e-05,-0.017057311585787716,0.08392317491419175
18.133,2mer-0+358,-2.3373920376384384e-05,2.3371584358958168e-05,0.004612729820496434,0.004612729820496434,0.00011132,0.01079328,-2.3364364579947505e-05,2.3362022261608217e-05,0.00461007294943272,0.08392317491419175
18.205,2mer-0+384,-4.2086998055340233e-05,4.212236254507441e-05,-0.04467661943734254,-0.04467661943734254,8.403e-05,-0.0416861,-4.2121850455600907e-05,4.215723060951859e-05,-0.04471007711471486,0.08392317491419175
18.246,2mer-0+336,-4.451596983977425e-05,4.45287737857084e-05,-0.03232973152654049,-0.03232973152654049,0.00012824,-0.0404369,-4.449610921142266e-05,4.4508923451758164e-05,-0.03233968699052525,0.08392317491419175
18.258,2mer-0+515,-4.0007225485016846e-05,3.99908773132669e-05,-0.00452539217628589,-0.00452539217628589,0.00012302,-0.0127587,-3.998792837478504e-05,3.9971591149878805e-05,-0.004542340963737956,0.08392317491419175
18.272,2mer-0+604,-4.9725700188270254e-05,4.972774669170146e-05,0.025730817322212794,0.025730817322212794,5.844e-05,0.03127257,-4.9712692174352924e-05,4.971466523784329e-05,0.02576670830917749,0.08392317491419175
18.272,2mer-0+328,-2.764663988371017e-05,2.7663917587442263e-05,-0.0109764105895419,-0.0109764105895419,9.984e-05,-0.02645878,-2.7643373499586232e-05,2.766063983017375e-05,-0.0109864620501412,0.08392317491419175
18.284,2mer-0+432,-4.676240136381709e-05,4.6804018393398805e-05,-0.016592737140842237,-0.016592737140842237,0.00012317,-0.01832813,-4.678604362595706e-05,4.682768530983594e-05,-0.016619286306479353,0.08392317491419175
18.285,2mer-0+451,-8.600154984971668e-05,8.589943531783005e-05,0.04502988987173334,0.04502988987173334,3e-05,0.02519594,-8.595386130139104e-05,8.585176101405523e-05,0.045000501043674035,0.08392317491419175
18.296,2mer-0+480,-7.364671202267524e-05,7.37203653139578e-05,-0.04186293493569761,-0.04186293493569761,5.244e-05,-0.04825327,-7.361392894722485e-05,7.368747083091876e-05,-0.041843187340205645,0.08392317491419175
18.314,2mer-0+429,-5.425744912088145e-05,5.4217390046337045e-05,0.021508357221661934,0.021508357221661934,0.00010722,0.02386037,-5.429447993776648e-05,5.425442270734493e-05,0.021489197037283247,0.08392317491419175
18.315,2mer-0+417,-6.570585859276865e-05,6.57336336547259e-05,-0.016533204831556594,-0.016533204831556594,4.092e-05,-0.03039134,-6.566373822636251e-05,6.569149365986959e-05,-0.016541901546830218,0.08392317491419175
18.334,2mer-0+357,-1.956614065342983e-05,1.9553788922607164e-05,0.021966092097290727,0.021966092097290727,0.00017082,0.0189211,-1.9572574132098453e-05,1.9560219698178116e-05,0.02196310041740901,0.08392317491419175
18.336,2mer-0+608,-6.670116164516572e-05,6.661561348813062e-05,0.032562384459114746,0.032562384459114746,7.928e-05,0.03810882,-6.667167600937773e-05,6.65861499555831e-05,0.03253944353934912,0.08392317491419175
18.345,2mer-0+408,-5.018176412374317e-05,5.014659337873642e-05,0.025315090804960905,0.025315090804960905,9.725e-05,0.02492315,-5.018886896834829e-05,5.015363922211691e-05,0.02532138659162797,0.08392317491419175
18.351,2mer-0+672,-3.619889726104885e-05,3.617323358125395e-05,0.050529886791467096,0.050529886791467096,6.307e-05,0.06153923,-3.620168621409903e-05,3.6176000890009163e-05,0.05053146999625824,0.08392317491419175
18.363,2mer-0+618,-5.378654083233502e-05,5.3758027101916654e-05,-0.00033491013808778877,-0.00033491013808778877,5.376e-05,-0.01770361,-5.3764276017886914e-05,5.373575083922333e-05,-0.000327426987837498,0.08392317491419175
18.373,2mer-0+491,-5.947810257714973e-05,5.940575439253615e-05,0.035619134524607805,0.035619134524607805,0.00011685,0.0247595,-5.94718241160308e-05,5.939944549027132e-05,0.03562776989697625,0.08392317491419175
18.375,2mer-0+375,-3.4975935141232594e-05,3.501172569176858e-05,-0.01842055827087438,-0.01842055827087438,0.00015174,-0.01040114,-3.496147455450682e-05,3.49972443700608e-05,-0.0184125603177705,0.08392317491419175
18.422,2mer-0+422,-3.9264017225131764e-05,3.927613371662184e-05,0.00961105475978821,0.00961105475978821,0.0001002,0.02682665,-3.925918211677981e-05,3.9271267951335176e-05,0.009623665657983338,0.08392317491419175
18.471,2mer-0+387,-3.34131525685007e-05,3.340451940169871e-05,0.008029642711249252,0.008029642711249252,0.00013998,0.01480923,-3.3409719179644526e-05,3.34010567257792e-05,0.008026441281870689,0.08392317491419175
18.475,2mer-0+534,-5.5720075130002875e-05,5.574818098379215e-05,-0.0017906384691400903,-0.0017906384691400903,6.332e-05,-0.01006461,-5.574588496415345e-05,5.5774010661480133e-05,-0.0018380198094405387,0.08392317491419175
18.517,2mer-0+550,-4.457068229019276e-05,4.4574263414336015e-05,-0.00029677315067839545,-0.00029677315067839545,9.075e-05,0.00890404,-4.453269121995618e-05,4.4536273549056205e-05,-0.0003150858349840746,0.08392317491419175
18.581,2mer-0+496,-6.514975286624487e-05,6.51906448927224e-05,-0.025241607688573392,-0.025241607688573392,4.982e-05,-0.04149466,-6.51347901907684e-05,6.517561575947184e-05,-0.025217648971249673,0.08392317491419175
18.586,2mer-0+347,-3.1975208311022665e-05,3.199036694113044e-05,-0.011530709505462785,-0.011530709505462785,0.00011336,-0.03074914,-3.197595971471401e-05,3.199111893081863e-05,-0.011549963793825668,0.08392317491419175
18.608,2mer-0+393,-1.7683800104581594e-05,1.7680680738410933e-05,0.0037684608678721977,0.0037684608678721977,0.00013202,0.00316061,-1.7685697031311065e-05,1.7682574252830818e-05,0.0037524521899143792,0.08392317491419175
18.646,2mer-0+406,-5.234938308038614e-05,5.236183303157412e-05,-0.009725746115901528,-0.009725746115901528,0.00010887,-0.00778598,-5.233652349545537e-05,5.2348917961353436e-05,-0.009725462935520568,0.08392317491419175
18.651,2mer-0+342,-1.8139738511658908e-05,1.8135568480584243e-05,0.015834200146849355,0.015834200146849355,0.00016464,0.02113242,-1.8137601202283804e-05,1.8133422031496593e-05,0.015837977660510205,0.08392317491419175
18.676,2mer-0+411,-5.3271393353444874e-05,5.323100863327966e-05,0.030668321361386003,0.030668321361386003,5.571e-05,0.03661098,-5.328025936535141e-05,5.3239822591422126e-05,0.030678030008246537,0.08392317491419175
18.692,2mer-0+379,-4.442497887083278e-05,4.438997774559431e-05,0.007998575041089197,0.007998575041089197,0.00012443,0.02800514,-4.4417025208076666e-05,4.438200357981259e-05,0.008010828546389348,0.08392317491419175
18.697,2mer-0+506,-4.864235240963653e-05,4.868999296667114e-05,-0.02697995067119011,-0.02697995067119011,0.00010166,-0.03335585,-4.8666832782373604e-05,4.871450244081643e-05,-0.0270144971444779,0.08392317491419175
18.698,2mer-0+437,-1.854522269992965e-05,1.854423513596206e-05,-0.0002673956295401043,-0.0002673956295401043,0.00017725,-0.00863244,-1.854742154705491e-05,1.8546427327237325e-05,-0.0002785588864782085,0.08392317491419175
18.744,2mer-0+439,-6.133282478283176e-05,6.139858568349382e-05,-0.045129024407116164,-0.045129024407116164,7.493e-05,-0.0497181,-6.132952249515711e-05,6.139526306014886e-05,-0.04513931353130829,0.08392317491419175
18.773,2mer-0+349,-6.753815784567375e-05,6.761144467031144e-05,-0.02487776835893578,-0.02487776835893578,8.746e-05,-0.04964778,-6.75496420114996e-05,6.76229255986982e-05,-0.024878636914067442,0.08392317491419175
18.791,2mer-0+481,-6.095530421091115e-05,6.1025200644461575e-05,-0.044336177631768205,-0.044336177631768205,8.389e-05,-0.04578271,-6.0971904545681355e-05,6.104179931298859e-05,-0.04435926094012643,0.08392317491419175
18.791,2mer-0+427,-5.8543985023034674e-05,5.8604800701103745e-05,-0.04073533171935315,-0.04073533171935315,0.00010506,-0.05025043,-5.858760387411621e-05,5.864845024916576e-05,-0.04078013244973988,0.08392317491419175
18.812,2mer-0+345,-3.1814342674642314e-05,3.18117507282797e-05,0.022233541658916847,0.022233541658916847,0.00010572,0.00784793,-3.181288049347586e-05,3.181026409038168e-05,0.022246531427896343,0.08392317491419175
18.815,2mer-0+586,-5.762824733496236e-05,5.7570578940666375e-05,0.03424805369576363,0.03424805369576363,8.316e-05,0.04807151,-5.766314087907176e-05,5.760538977028773e-05,0.0342756242145299,0.08392317491419175
18.817,2mer-0+362,-4.561268047792584e-05,4.563673451288199e-05,-0.01657473981028922,-0.01657473981028922,0.00011822,-0.01171629,-4.558976898749734e-05,4.561381297207845e-05,-0.016585057898296895,0.08392317491419175
18.836,2mer-0+662,-7.231362481799903e-05,7.221506462089685e-05,0.048892143165771056,0.048892143165771056,7.846e-05,0.05152965,-7.229085871074403e-05,7.21923014452841e-05,0.04887244764135801,0.08392317491419175
18.837,2mer-0+648,-5.63759900615678e-05,5.633994141207901e-05,0.01937820950994541,0.01937820950994541,7.82e-05,0.02655911,-5.6374945657466924e-05,5.63388649652552e-05,0.019392815527311313,0.08392317491419175
18.853,2mer-0+482,-4.401904304603242e-05,4.403818314775264e-05,-0.0010052869597373128,-0.0010052869597373128,0.00010858,-0.01112905,-4.404115668421582e-05,4.406032292081363e-05,-0.0010494564204179824,0.08392317491419175
18.874,2mer-0+461,-5.541594935722211e-05,5.545055774250057e-05,-0.0223439193527695,-0.0223439193527695,9.144e-05,-0.03263007,-5.540592709962766e-05,5.544050202388462e-05,-0.022327177731128245,0.08392317491419175
18.902,2mer-0+642,-5.299794898146924e-05,5.297839464241017e-05,0.008116557138294005,0.008116557138294005,4.468e-05,0.02760535,-5.301083143649521e-05,5.299122312862892e-05,0.008118641606529309,0.08392317491419175
18.905,2mer-0+426,-3.9127912004803186e-05,3.9145662669908474e-05,0.00020724920573519996,0.00020724920573519996,8.706e-05,0.01357756,-3.91499935972206e-05,3.916774483059271e-05,0.00018951481575868456,0.08392317491419175
18.917,2mer-0+381,-2.7314887420830057e-05,2.7330906671195087e-05,-0.02804950406514861,-0.02804950406514861,0.00012706,-0.03540523,-2.732979552888537e-05,2.734581380536838e-05,-0.028066108217117858,0.08392317491419175
18.918,2mer-0+478,-7.85069285609347e-05,7.841439213945249e-05,0.06332086454893443,0.06332086454893443,3.724e-05,0.05938142,-7.848278259814379e-05,7.839023010092205e-05,0.06329471911915618,0.08392317491419175
18.927,2mer-0+385,-4.0795124286212213e-05,4.082158952663299e-05,-0.015004083637396814,-0.015004083637396814,0.00012196,-0.03188134,-4.079815388990937e-05,4.0824584175425116e-05,-0.014989388551256866,0.08392317491419175
18.953,2mer-0+479,-3.413314787881677e-05,3.4140319625594616e-05,-0.0031706035847017503,-0.0031706035847017503,0.00012296,-0.0027552,-3.4106525802712895e-05,3.411370255435031e-05,-0.003184300965116904,0.08392317491419175
18.967,2mer-0+497,-5.48368475432532e-05,5.488605864031861e-05,-0.03634084766023666,-0.03634084766023666,8.065e-05,-0.02837373,-5.4832600227427974e-05,5.488179033363849e-05,-0.0363498034542431,0.08392317491419175
18.968,2mer-0+519,-3.2485802690149197e-05,3.24595653409203e-05,0.014391460257916346,0.014391460257916346,0.00015763,-7.804e-05,-3.250819723632503e-05,3.248192342653056e-05,0.014398885833386998,0.08392317491419175
19.05,2mer-0+400,-1.1496705878512244e-05,1.1500287945849288e-05,-0.0033678444811405706,-0.0033678444811405706,0.00016603,0.00610175,-1.1489380170814911e-05,1.1492954740788264e-05,-0.0033596040553618423,0.08392317491419175
19.053,2mer-0+428,-2.1804881391835212e-05,2.179917400295473e-05,-0.0073133086036912326,-0.0073133086036912326,0.00016464,-0.01921044,-2.1798116335958184e-05,2.179241016619926e-05,-0.007313852963903855,0.08392317491419175
19.055,2mer-0+407,-5.0592476806832304e-05,5.053896377179841e-05,0.04703752666274552,0.04703752666274552,0.00011456,0.04631917,-5.0618578299577166e-05,5.056503096056986e-05,0.04704887976369321,0.08392317491419175
19.062,2mer-0+473,-4.839384157065064e-05,4.834901929557074e-05,0.026489236281944425,0.026489236281944425,8.447e-05,0.03613606,-4.839276378731938e-05,4.834789865526545e-05,0.026499986204711945,0.08392317491419175
19.086,2mer-0+585,-2.8276068323901934e-05,2.8284753605600045e-05,-0.009342700758627817,-0.009342700758627817,0.00013983,-0.01988728,-2.827814415695684e-05,2.8286811925681832e-05,-0.009332979786236706,0.08392317491419175
19.116,2mer-0+354,-2.809102774688222e-05,2.810588170896031e-05,-0.03018478015481585,-0.03018478015481585,0.00014876,-0.02733878,-2.810799244912232e-05,2.812284208175697e-05,-0.03018970523064013,0.08392317491419175
19.166,2mer-0+660,-4.123936333709202e-05,4.124125689474711e-05,0.021820815465136877,0.021820815465136877,5.104e-05,0.02390268,-4.124249265657909e-05,4.124436793517816e-05,0.02182102874132852,0.08392317491419175
19.219,2mer-0+632,-5.7751736394509346e-05,5.7816609244500244e-05,-0.047762797959502126,-0.047762797959502126,7.999e-05,-0.04625351,-5.774644492362313e-05,5.781128697890381e-05,-0.04776167250609831,0.08392317491419175
19.229,2mer-0+559,-5.789186750647208e-05,5.7953487370112284e-05,-0.0456082696125707,-0.0456082696125707,6.859e-05,-0.04774947,-5.78822613306329e-05,5.7943845149566187e-05,-0.0455891167542859,0.08392317491419175
19.231,2mer-0+410,-4.2507457072261046e-05,4.2526249718208364e-05,0.0018616402423391751,0.0018616402423391751,0.00012321,-0.01579198,-4.2523245440406754e-05,4.2542047026472574e-05,0.0018424156302643269,0.08392317491419175
19.233,2mer-0+404,-3.0440316635990485e-05,3.04621801323448e-05,-0.008151267363841506,-0.008151267363841506,0.0001363,-0.0059849,-3.041762391831071e-05,3.043944138880761e-05,-0.008123311378426479,0.08392317491419175
19.246,2mer-0+465,-2.679938797744856e-05,2.6788251147798235e-05,0.022165006834026675,0.022165006834026675,0.0001566,0.01601994,-2.6796922952598834e-05,2.6785730256051465e-05,0.022184655235591322,0.08392317491419175
19.272,2mer-0+551,-7.25907830777288e-05,7.267859061028804e-05,-0.05610896854439785,-0.05610896854439785,4.865e-05,-0.06172298,-7.260419731380807e-05,7.269198556514311e-05,-0.056131036825917136,0.08392317491419175
19.291,2mer-0+668,-4.978405403215489e-05,4.983824940334359e-05,-0.039050361888734314,-0.039050361888734314,9.978e-05,-0.03189798,-4.978035403269132e-05,4.9834514697977284e-05,-0.03904578563441419,0.08392317491419175
19.346,2mer-0+435,-1.9277157022636445e-05,1.928490103845564e-05,-0.019477101639686117,-0.019477101639686117,0.00014496,-0.00919615,-1.9276579820370898e-05,1.9284308223177504e-05,-0.019464027210545964,0.08392317491419175
19.376,2mer-0+402,-1.7082205606513318e-05,1.7091521162425803e-05,-0.020723687801703566,-0.020723687801703566,0.0001758,-0.02473938,-1.708079818740771e-05,1.7090103369810095e-05,-0.02071833916726007,0.08392317491419175
19.394,2mer-0+639,-5.162050206419976e-05,5.157517345423903e-05,0.02917825136874963,0.02917825136874963,4.384e-05,0.01941552,-5.160576999685418e-05,5.156041936515976e-05,0.02918220142868222,0.08392317491419175
19.403,2mer-0+592,-3.5751621146336654e-05,3.572543031659246e-05,0.04288361042494597,0.04288361042494597,9.172e-05,0.04481796,-3.5757596464236485e-05,3.573137644252711e-05,0.042904937630979134,0.08392317491419175
19.427,2mer-0+453,-4.031613369562251e-05,4.035484568239841e-05,-0.024828425426168244,-0.024828425426168244,0.00011482,-0.01936548,-4.0295699889725256e-05,4.033437255657191e-05,-0.024805035368402173,0.08392317491419175
19.47,2mer-0+676,-4.616486654769851e-05,4.6112850472674614e-05,0.03523733870949133,0.03523733870949133,0.00011676,0.02131949,-4.6152115785957903e-05,4.610009636962786e-05,0.035227425817808466,0.08392317491419175
19.471,2mer-0+739,-2.8296773526770877e-05,2.831419850107582e-05,-0.04160084071870992,-0.04160084071870992,6.871e-05,-0.04650906,-2.8291401278579542e-05,2.830880748661002e-05,-0.041587421788221945,0.08392317491419175
19.471,2mer-0+372,-3.522798979700874e-05,3.5247533506613714e-05,-0.013735353416948794,-0.013735353416948794,0.00013363,-0.00632373,-3.523712921094102e-05,3.5256652267889876e-05,-0.013727338669340838,0.08392317491419175
19.487,2mer-0+572,-3.151213655012938e-05,3.152183539190806e-05,-0.025715938008577396,-0.025715938008577396,9.286e-05,-0.0265515,-3.150966328746563e-05,3.1519338904217875e-05,-0.025696551044291027,0.08392317491419175
19.491,2mer-0+369,-2.602211938066924e-05,2.602690048609599e-05,-0.020885891543755322,-0.020885891543755322,0.00016042,-0.02185051,-2.6007875234768107e-05,2.6012653393081564e-05,-0.02089272534468023,0.08392317491419175
19.497,2mer-0+423,-3.8636001536313205e-05,3.861381616095981e-05,0.016435468126462623,0.016435468126462623,0.00013187,0.00950923,-3.862562775225342e-05,3.8603423945460236e-05,0.016444812226410477,0.08392317491419175
19.517,2mer-0+383,-2.315346534145185e-05,2.3167270561461263e-05,-0.011299872208967204,-0.011299872208967204,0.00014699,-0.00229087,-2.314458733110314e-05,2.3158375370258e-05,-0.01130547815633065,0.08392317491419175
19.539,2mer-0+770,-2.4011486035132437e-05,2.402207793247504e-05,-0.010481552473272886,-0.010481552473272886,6.692e-05,-0.00250558,-2.399638587746722e-05,2.4006957801248063e-05,-0.010476019139844084,0.08392317491419175
19.565,2mer-0+418,-1.8156033910396525e-05,1.816524531833256e-05,-0.005477402073516435,-0.005477402073516435,0.00015729,-0.00043274,-1.815280961636745e-05,1.8162014384870417e-05,-0.005470509123028933,0.08392317491419175
19.569,2mer-0+424,-2.6927185258300797e-05,2.693777835710054e-05,-0.006394373404409685,-0.006394373404409685,0.00014006,0.00716284,-2.6931374989658252e-05,2.694194574814901e-05,-0.006388656340689636,0.08392317491419175
19.58,2mer-0+542,-2.18832968759784e-05,2.18843246205737e-05,-0.012454558260975603,-0.012454558260975603,0.0001404,-0.02260323,-2.1872535072020582e-05,2.187356733429624e-05,-0.012464698046088074,0.08392317491419175
19.583,2mer-0+455,-3.024258558245279e-05,3.025247821808769e-05,-0.03196604353612412,-0.03196604353612412,9.512e-05,-0.04192878,-3.0229869778963803e-05,3.023975295946002e-05,-0.03196957671954692,0.08392317491419175
19.618,2mer-0+450,-2.741771805420291e-05,2.7402003608073092e-05,0.0088053091865433,0.0088053091865433,0.00015006,0.01632303,-2.743213603650929e-05,2.7416408784119994e-05,0.008806900703618226,0.08392317491419175
19.625,2mer-0+502,-3.548573883520716e-05,3.551140438525973e-05,-0.015251875591520782,-0.015251875591520782,0.00011715,-0.01964461,-3.5506812778862695e-05,3.5532484616851434e-05,-0.015280652419960461,0.08392317491419175
19.675,2mer-0+401,-1.072034780538202e-05,1.0714385192868381e-05,0.01702045407451353,0.01702045407451353,0.00016367,0.0195441,-1.072006936908565e-05,1.0714103950704157e-05,0.017023448575955058,0.08392317491419175
19.679,2mer-0+382,-1.837675194410179e-05,1.8392327165483618e-05,-0.014241391277898785,-0.014241391277898785,0.00015844,-0.01252971,-1.83696730431393e-05,1.8385234284323815e-05,-0.014251616857947624,0.08392317491419175
19.689,2mer-0+638,-3.78090262014573e-05,3.7771406409001783e-05,0.02548528688923056,0.02548528688923056,0.00010448,0.03294815,-3.7846387456852426e-05,3.780871736580593e-05,0.025507778718690588,0.08392317491419175
19.703,2mer-0+483,-3.0306014822551648e-05,3.0328289901377184e-05,-0.011292089498057913,-0.011292089498057913,0.00012125,-0.01013378,-3.028357768641854e-05,3.0305796144602937e-05,-0.011259414366236342,0.08392317491419175
19.705,2mer-0+470,-2.613502065238591e-05,2.6139048535689826e-05,-0.01826754428811292,-0.01826754428811292,0.00011372,-0.02522961,-2.615823649421145e-05,2.6162267658946803e-05,-0.018290843991181305,0.08392317491419175
19.723,2mer-0+525,-3.005842049499527e-05,3.0036012672115102e-05,0.011704664951688917,0.011704664951688917,0.00014473,-0.00423721,-3.0052790648937844e-05,3.0030375569367607e-05,0.011709518866851454,0.08392317491419175
19.782,2mer-0+443,-4.582968702270742e-05,4.58629442572155e-05,-0.02931030789259014,-0.02931030789259014,9.275e-05,-0.03363574,-4.581193228148095e-05,4.5845189220017346e-05,-0.029320405041019626,0.08392317491419175
19.785,2mer-0+578,-3.527779371970065e-05,3.524173761860202e-05,0.03174686355613776,0.03174686355613776,0.00012591,0.03226588,-3.53043240295392e-05,3.52682333186749e-05,0.031766767693753195,0.08392317491419175
19.788,2mer-0+490,-2.390407957875328e-05,2.3888354427677537e-05,0.030729953463942142,0.030729953463942142,0.00013267,0.02986981,-2.3909367413921245e-05,2.389363203292305e-05,0.03073858174970212,0.08392317491419175
19.79,2mer-0+419,-4.6643610997164003e-05,4.669573218727283e-05,-0.04150821422300863,-0.04150821422300863,9.31e-05,-0.0524653,-4.663948749339397e-05,4.669159022796521e-05,-0.04150591493265665,0.08392317491419175
19.893,2mer-0+532,-4.172538369832003e-05,4.176706936520155e-05,-0.03186266831877963,-0.03186266831877963,9.893e-05,-0.02915036,-4.170290981164726e-05,4.174454659278126e-05,-0.031834206493556394,0.08392317491419175
19.917,2mer-0+474,-5.0237054102812617e-05,5.019042911480484e-05,0.0334967063749713,0.0334967063749713,6.618e-05,0.0335418,-5.0263394726357546e-05,5.021672006932931e-05,0.0335199255036116,0.08392317491419175
19.931,2mer-0+722,-3.0312577425229824e-05,3.0299320384151374e-05,-0.001043766017107721,-0.001043766017107721,0.00010296,0.00328152,-3.029619780647863e-05,3.0282940315373708e-05,-0.001056279107700675,0.08392317491419175
19.982,2mer-0+513,-3.3030761267164473e-05,3.301176397141326e-05,0.00818900970680567,0.00818900970680567,6.964e-05,0.00689183,-3.304425399619504e-05,3.302522941339703e-05,0.008193167218820463,0.08392317491419175
